min_local,min_utc,instancia,q_hora_local,q_fut,q_razon_log,q_razon_usada,q_origen,q_S,q_strikes,q_netVol_B,q_netOi_B,q_zeroVol,q_zeroOi,q_mpVol,q_mnVol,q_d1,q_d1_M,q_d1_K,q_d2,q_d2_M,q_d2_K,q_libroDom,q_q,q_pico,q_picoGex_M,q_cadena_gen,q_cadena_ts,q_spot_idx,r_q_strikes,r_q_netVol_B,r_q_zeroVol,r_q_zeroOi,r_q_mpVol,r_q_mnVol,r_q_d1,r_q_d1_M,r_q_d2,r_q_d2_M,r_q_q,r_q_zeroCruces01,q_paridad_ok,n_hora_local,n_fut,n_base,n_origen,n_cadenaTs,n_gen,n_fuente,n_S,n_strikes,n_netVol_B,n_zeroVol,n_zeroOi,n_mpVol,n_mnVol,n_d1,n_d1_M,n_d1_K,n_d2,n_d2_M,n_d2_K,n_q,r_n_strikes,r_n_netVol_B,r_n_zeroVol,r_n_zeroOi,r_n_mpVol,r_n_mnVol,r_n_d1,r_n_d1_M,r_n_d2,r_n_d2_M,r_n_q,r_n_zeroCruces01,r_n_crucesVol_02pct,n_paridad_ok,v41_qqq_razon,dif_conv_q_d1_pts,v41_ndx_base,dif_conv_ndx_pts,v41_MUROS_QQQ_oi,v41_MAJORS_QQQ_oi,v41_MUROS_QQQ_vol,v41_MAJORS_QQQ_vol,v41_ZEST_QQQ_vol,v41_MUROS_NDX_vol,v41_MAJORS_NDX_vol,v41_ZTP_NDX_vol,v41_ZEST_NDX_vol,v41_TRES_NDX_d1d2zero,v41_TRES_QQQ_d1d2zero
2026-10-08 19:00,2026-10-08 22:00,previa,19:00:28,31027.50,41.4332,41.4332,libro_CBOE_QQQ_x_razon_41.4332_(vela_alineada_al_ultimo_trade_16:14_NY_(cadena_congelada_86_min)),748.86,75,-0.775,-0.847,31005.32,31015.00,31282.04,30867.71,31074.87,363,750.00,31033.44,234,749.00,vol,4,31074.87,363,21:55:56,2026-10-08 21:55:43,748.05,75,-0.776,31005.35,31015.03,31282.07,30867.73,31074.90,363,31033.47,234,4,1,NO,19:00:29,31029.25,241.83,CRUDA_90_ticks,2026-10-08_21:57:00,21:57:14,ultima_por_raw_(cache_5_min),30787.42,292,-1.067,31023.19,31038.54,31201.83,30941.83,30941.83,-316,30700.00,31041.83,-129,30800.00,1,292,-1.067,31023.19,31038.54,31201.83,30941.83,30941.83,-316,31041.83,-129,1,5,31000.54 31014.34 31018.92 31023.19 31050.72 31064.96 31081.74 31081.94,SI,,,,,,,,,,,,,,31036.23 31038.19 31023.19,31035.77 31077.21 31007.65
2026-10-08 19:02,2026-10-08 22:02,I1@19:02:13,19:02:13,31013.25,41.4232,41.4232,libro_CBOE_QQQ_x_razon_41.4232_(vela_alineada_al_ultimo_trade_16:14_NY_(cadena_congelada_90_min)),748.69,75,-1.011,-0.875,30997.89,31007.58,31274.51,30860.28,31067.40,362,750.00,31025.97,234,749.00,vol,4,31067.40,362,22:00:57,2026-10-08 22:00:44,748.21,75,-1.011,30997.90,31007.58,31274.52,30860.28,31067.40,362,31025.98,234,4,1,SI,19:02:15,31012.75,241.83,CRUDA_90_ticks,2026-10-08_22:00:00,22:00:53,ultima_local_(CBOE_directo),30770.92,292,-1.296,31014.34,31014.22,31201.83,30941.83,30941.83,-323,30700.00,31041.83,-128,30800.00,1,292,-1.296,31014.34,31014.22,31201.83,30941.83,30941.83,-323,31041.83,-128,1,4,31000.55 31014.34 31018.92 31023.20 31050.72 31064.98,SI,41.433130,-7.45,241.47,0.36,D1:31074.85(295.4) D2:31074.85(-438.6),D1:30991.98(102.4) D2:31074.85(-143.2),D1:31074.85(2252.8) D2:31074.85(-1891.6),D1:31074.85(361.2) D2:30991.98(-111.5),Z:31049.55(),D1:31041.47(96.8) D2:30941.47(-401.8),D1:31111.47(25.8) D2:30941.47(-320.8),D1:31018.56() D2:31013.98(),Z:31099.74(),31036.23 31038.19 31023.19,31035.77 31077.21 31007.65
2026-10-08 19:03,2026-10-08 22:03,I1@19:02:13,19:03:13,31001.00,41.4232,41.4232,libro_CBOE_QQQ_x_razon_41.4232_(vela_alineada_al_ultimo_trade_16:14_NY_(cadena_congelada_90_min)),748.40,75,-1.430,-0.923,30997.96,31007.65,31274.51,30860.28,30901.70,-629,746.00,31067.40,359,750.00,vol,3,30901.70,-629,22:00:57,2026-10-08 22:00:44,748.21,75,-1.430,30997.96,31007.65,31274.52,30860.28,30901.71,-629,31067.40,359,3,2,SI,19:03:16,31000.50,241.83,CRUDA_90_ticks,2026-10-08_22:00:00,22:00:53,ultima_local_(CBOE_directo),30758.67,292,-1.460,31000.55,31006.39,31201.83,30941.83,30941.83,-327,30700.00,31041.83,-127,30800.00,1,292,-1.460,31000.55,31006.39,31201.83,30941.83,30941.83,-327,31041.83,-127,1,4,31000.55 31014.34 31018.92 31023.20 31050.71,SI,41.433130,-7.41,241.47,0.36,D1:31074.85(295.5) D2:31074.85(-438.8),D1:30991.98(102.4) D2:31074.85(-143.2),D1:31074.85(2253.6) D2:31074.85(-1892.3),D1:31074.85(361.3) D2:30991.98(-111.5),Z:31049.55(),D1:31041.47(96.8) D2:30941.47(-402),D1:31111.47(25.8) D2:30941.47(-320.9),D1:31018.56() D2:31013.98(),Z:31099.74(),31036.23 31038.19 31023.19,31035.77 31077.21 31007.65
2026-10-08 22:30,2026-10-09 01:30,I2@22:30:53,22:30:54,30996.75,41.4447,41.44466733533935,libro_CBOE_QQQ_x_razon_41.4447_(vela_alineada_al_ultimo_trade_16:14_NY_(cadena_congelada_294_min)),747.91,75,-2.458,-1.021,30987.15,31023.86,31290.72,30876.28,30917.72,-696,746.00,31083.50,381,750.00,vol,3,30917.72,-696,01:25:58,2026-10-09 01:24:50,747.75,75,-2.458,30987.15,31023.86,31290.72,30876.28,30917.72,-696,31083.50,381,3,2,SI,22:30:54,30996.75,241.83,CRUDA_90_ticks,2026-10-09_01:25:09,01:25:54,ultima_local_(CBOE_directo),30754.92,292,-1.700,31000.55,31006.39,31201.83,30941.83,30941.83,-356,30700.00,31041.83,-137,30800.00,1,292,-1.700,31000.55,31006.39,31201.83,30941.83,30941.83,-356,31041.83,-137,1,4,31000.55 31014.34 31018.92 31023.21 31050.71,SI,41.435157,7.09,240.98,0.85,D1:31076.37(311.6) D2:31076.37(-462.2),D1:30993.50(112.1) D2:31076.37(-150.6),D1:31076.37(2376.1) D2:31076.37(-1993.3),D1:31076.37(382.8) D2:30910.63(-692.3),Z:31054.17(),D1:31040.98(104.2) D2:30940.98(-445.8),D1:31020.98(18.6) D2:30940.98(-356.2),D1:30999.70(),Z:31101.27(),31036.19 31038.18 31000.55,31034.93 31076.37 31006.99
2026-10-08 22:31,2026-10-09 01:31,I2@22:30:53,22:31:55,30995.50,41.4447,41.44466733533935,libro_CBOE_QQQ_x_razon_41.4447_(vela_alineada_al_ultimo_trade_16:14_NY_(cadena_congelada_294_min)),747.88,75,-2.505,-1.026,30987.16,31023.87,31290.72,30876.28,30917.72,-698,746.00,31083.50,380,750.00,vol,3,30917.72,-698,01:30:58,2026-10-09 01:29:51,747.75,75,-2.505,30987.16,31023.87,31290.72,30876.28,30917.72,-698,31083.50,380,3,2,SI,22:31:57,30995.00,241.83,CRUDA_90_ticks,2026-10-09_01:25:09,01:25:54,ultima_local_(CBOE_directo),30753.17,292,-1.726,31000.56,31006.40,31201.83,30941.83,30941.83,-357,30700.00,31041.83,-137,30800.00,1,292,-1.726,31000.56,31006.40,31201.83,30941.83,30941.83,-357,31041.83,-137,1,4,31000.56 31014.34 31018.91 31023.21 31050.71,SI,41.435157,7.09,240.97,0.86,D1:31076.37(311.7) D2:31076.37(-462.4),D1:30993.50(112.2) D2:31076.37(-150.6),D1:31076.37(2377) D2:31076.37(-1994.1),D1:31076.37(383) D2:30910.63(-692.6),Z:31054.19(),D1:31040.97(104.2) D2:30940.97(-446),D1:31020.97(18.6) D2:30940.97(-356.4),D1:30999.70(),Z:31101.28(),31036.19 31038.18 31000.55,31034.93 31076.37 31006.99
2026-10-08 22:32,2026-10-09 01:32,I2@22:30:53,22:32:55,30983.25,41.4447,41.44466733533935,libro_CBOE_QQQ_x_razon_41.4447_(vela_alineada_al_ultimo_trade_16:14_NY_(cadena_congelada_299_min)),747.58,75,-2.941,-1.067,30987.23,30966.87,31290.72,30876.28,30917.72,-707,746.00,30959.17,256,747.00,vol,1,30876.28,-1702,01:30:58,2026-10-09 01:29:51,747.75,75,-2.941,30987.23,30966.87,31290.72,30876.28,30917.72,-707,30959.17,256,1,2,SI,,,,,,,,,,,,,,,,,,,,,,,,,,,,,,,,,,,,41.435157,7.09,240.97,,D1:31076.37(312) D2:31076.37(-462.7),D1:30993.50(112.2) D2:31076.37(-150.7),D1:31076.37(2378.8) D2:31076.37(-1995.6),D1:31076.37(383.2) D2:30910.63(-692.7),Z:31054.19(),D1:31040.97(104.3) D2:30940.97(-446.1),D1:31020.97(18.6) D2:30940.97(-356.4),D1:30999.70(),Z:31101.28(),31036.19 31038.18 31000.55,31034.93 31076.37 31006.99
2026-10-08 22:33,2026-10-09 01:33,I3@22:33:11,22:33:11,30989.75,41.4447,41.44466733533935,libro_CBOE_QQQ_x_razon_41.4447_(vela_alineada_al_ultimo_trade_16:14_NY_(cadena_congelada_299_min)),747.74,75,-2.712,-1.046,30987.19,30966.84,31290.72,30876.28,30917.72,-703,746.00,31083.50,378,750.00,vol,3,30917.72,-703,01:30:58,2026-10-09 01:29:51,747.75,75,-2.712,30987.19,30966.84,31290.72,30876.28,30917.72,-703,31083.50,378,3,2,SI,22:33:12,30988.75,241.83,CRUDA_90_ticks,2026-10-09_01:30:09,01:30:53,ultima_local_(CBOE_directo),30746.92,292,-1.814,31000.56,31006.41,31201.83,30941.83,30941.83,-359,30700.00,30891.83,-161,30650.00,1,292,-1.814,31000.56,31006.41,31201.83,30941.83,30941.83,-359,30891.83,-161,1,3,30931.16 30931.95 31000.56 31014.34 31018.91 31023.21,SI,41.435157,7.09,240.97,0.86,D1:31076.37(312.1) D2:31076.37(-462.9),D1:30993.50(112.3) D2:31076.37(-150.8),D1:31076.37(2379.7) D2:31076.37(-1996.4),D1:31076.37(383.4) D2:30910.63(-692.9),Z:31054.19(),D1:31040.97(104.4) D2:30940.97(-446.3),D1:31020.97(18.6) D2:30940.97(-356.6),D1:30999.70(),Z:31101.29(),30943.10 31036.18 31000.56,30952.06 30910.63 30980.04
2026-10-08 22:34,2026-10-09 01:34,I3@22:33:11,22:34:11,30990.00,41.4447,41.44466733533935,libro_CBOE_QQQ_x_razon_41.4447_(vela_alineada_al_ultimo_trade_16:14_NY_(cadena_congelada_299_min)),747.74,75,-2.706,-1.045,30987.19,30966.84,31290.72,30876.28,30917.72,-703,746.00,31083.50,378,750.00,vol,3,30917.72,-703,01:30:58,2026-10-09 01:29:51,747.75,75,-2.706,30987.19,30966.84,31290.72,30876.28,30917.72,-703,31083.50,378,3,2,SI,22:34:15,30991.75,241.83,CRUDA_90_ticks,2026-10-09_01:30:09,01:30:53,ultima_local_(CBOE_directo),30749.92,292,-1.773,31000.56,31006.40,31201.83,30941.83,30941.83,-358,30700.00,30891.83,-160,30650.00,1,292,-1.773,31000.56,31006.40,31201.83,30941.83,30941.83,-358,30891.83,-160,1,3,30931.16 30931.95 31000.56 31014.34 31018.91 31023.21 31050.71,SI,41.435157,7.09,240.97,0.86,D1:31076.37(309.8) D2:31076.37(-459.4),D1:30993.50(112.3) D2:31076.37(-149.6),D1:31076.37(2362.5) D2:31076.37(-1981.4),D1:31076.37(381) D2:30910.63(-697.8),Z:31054.19(),D1:31040.97(104) D2:30940.97(-448.7),D1:31020.97(18.6) D2:30940.97(-358.6),D1:30999.69(),Z:31101.30(),31036.18 31038.17 31000.56,30952.06 30910.63 30980.02
2026-10-08 22:35,2026-10-09 01:35,I3@22:33:11,22:35:11,30995.00,41.4447,41.44466733533935,libro_CBOE_QQQ_x_razon_41.4447_(vela_alineada_al_ultimo_trade_16:14_NY_(cadena_congelada_299_min)),747.86,75,-2.529,-1.028,30987.16,30966.82,31290.72,30876.28,30917.72,-699,746.00,31083.50,381,750.00,vol,3,30917.72,-699,01:30:58,2026-10-09 01:29:51,747.75,75,-2.529,30987.16,30966.82,31290.72,30876.28,30917.72,-699,31083.50,381,3,2,SI,22:35:16,31001.75,241.83,CRUDA_90_ticks,2026-10-09_01:30:09,01:30:53,ultima_local_(CBOE_directo),30759.92,292,-1.633,31000.55,31006.38,31201.83,30941.83,30941.83,-355,30700.00,31041.83,-138,30800.00,1,292,-1.633,31000.55,31006.38,31201.83,30941.83,30941.83,-355,31041.83,-138,1,4,31000.55 31014.34 31018.92 31023.20 31050.71,SI,41.435157,7.09,240.97,0.86,D1:31076.37(310) D2:31076.37(-459.6),D1:30993.50(112.3) D2:31076.37(-149.7),D1:31076.37(2363.4) D2:31076.37(-1982.2),D1:31076.37(381.2) D2:30910.63(-698.1),Z:31054.19(),D1:31040.97(104) D2:30940.97(-448.9),D1:31020.97(18.6) D2:30940.97(-358.7),D1:30999.69(),Z:31101.30(),31036.20 31038.18 31000.55,31034.93 31076.37 31006.96
2026-10-08 22:36,2026-10-09 01:36,I3@22:33:11,22:36:12,31003.50,41.4447,41.44466733533935,libro_CBOE_QQQ_x_razon_41.4447_(vela_alineada_al_ultimo_trade_16:14_NY_(cadena_congelada_299_min)),748.07,75,-2.222,-0.999,31014.11,31023.82,31290.72,30876.28,30917.72,-692,746.00,31083.50,385,750.00,vol,3,30917.72,-692,01:35:56,2026-10-09 01:34:51,747.75,75,-2.223,31014.11,31023.82,31290.72,30876.28,30917.72,-692,31083.50,385,3,2,SI,22:36:19,31006.25,241.83,CRUDA_90_ticks,2026-10-09_01:30:09,01:30:53,ultima_local_(CBOE_directo),30764.42,292,-1.569,31000.55,31006.37,31201.83,30941.83,30941.83,-353,30700.00,31041.83,-139,30800.00,1,292,-1.569,31000.55,31006.37,31201.83,30941.83,30941.83,-353,31041.83,-139,1,4,31000.55 31014.34 31018.92 31023.20 31050.71 31065.00,SI,41.435157,7.09,240.96,0.87,D1:31076.37(316) D2:31076.37(-468.8),D1:30993.50(112.3) D2:31076.37(-152.8),D1:31076.37(2409.4) D2:31076.37(-2021.9),D1:31076.37(387.5) D2:30910.63(-685.9),Z:31054.26(),D1:31040.96(105.1) D2:30940.96(-442.9),D1:31020.96(18.7) D2:30940.96(-353.7),D1:31013.47() D2:30999.69(),Z:31101.31(),31036.20 31038.18 31000.55,31034.93 31076.37 31006.94
2026-10-08 22:37,2026-10-09 01:37,I3@22:33:11,22:37:13,31008.00,41.4447,41.44466733533935,libro_CBOE_QQQ_x_razon_41.4447_(vela_alineada_al_ultimo_trade_16:14_NY_(cadena_congelada_304_min)),748.18,75,-2.059,-0.983,31014.08,31023.79,31290.72,30876.28,30917.72,-688,746.00,31083.50,387,750.00,vol,3,30917.72,-688,01:35:56,2026-10-09 01:34:51,747.75,75,-2.059,31014.08,31023.79,31290.72,30876.28,30917.72,-688,31083.50,387,3,2,SI,22:37:20,31008.75,241.83,CRUDA_90_ticks,2026-10-09_01:35:09,01:35:52,ultima_local_(CBOE_directo),30766.92,292,-1.533,31014.34,31006.37,31201.83,30941.83,30941.83,-352,30700.00,31041.83,-139,30800.00,1,292,-1.533,31014.34,31006.37,31201.83,30941.83,30941.83,-352,31041.83,-139,1,4,31000.55 31014.34 31018.92 31023.20 31050.71 31064.99,SI,41.435157,7.09,240.96,0.87,D1:31076.37(316.1) D2:31076.37(-469),D1:30993.50(112.4) D2:31076.37(-152.9),D1:31076.37(2410.4) D2:31076.37(-2022.7),D1:31076.37(387.7) D2:30910.63(-686.1),Z:31054.26(),D1:31040.96(105.1) D2:30940.96(-443.1),D1:31020.96(18.7) D2:30940.96(-353.9),D1:31013.47() D2:30999.68(),Z:31101.32(),31036.21 31038.18 31014.34,31034.93 31076.37 31006.91
2026-10-08 22:38,2026-10-09 01:38,I3@22:33:11,22:38:13,31014.50,41.4447,41.44466733533935,libro_CBOE_QQQ_x_razon_41.4447_(vela_alineada_al_ultimo_trade_16:14_NY_(cadena_congelada_304_min)),748.34,75,-1.819,-0.960,31014.04,31023.74,31290.72,30876.28,30917.72,-682,746.00,31083.50,390,750.00,vol,3,30917.72,-682,01:35:56,2026-10-09 01:34:51,747.75,75,-1.819,31014.04,31023.74,31290.72,30876.28,30917.72,-682,31083.50,390,3,2,SI,22:38:26,31016.00,241.83,CRUDA_90_ticks,2026-10-09_01:35:09,01:35:52,ultima_local_(CBOE_directo),30774.17,292,-1.427,31014.34,31014.22,31201.83,30941.83,30941.83,-349,30700.00,31041.83,-140,30800.00,1,292,-1.427,31014.34,31014.22,31201.83,30941.83,30941.83,-349,31041.83,-140,1,4,31000.55 31014.34 31018.92 31023.20 31050.72 31064.98,SI,41.435157,7.09,240.96,0.87,D1:31076.37(320.5) D2:31076.37(-475.6),D1:30993.50(112) D2:31076.37(-155.2),D1:31076.37(2443.6) D2:31076.37(-2051.4),D1:31076.37(392.3) D2:30993.50(-122),Z:31054.29(),D1:31040.96(105.7) D2:30940.96(-436.9),D1:31110.96(27.8) D2:30940.96(-348.7),D1:31018.05() D2:31013.47(),Z:31101.32(),31036.22 31038.19 31014.34,31034.93 31076.37 31006.87
2026-10-08 22:39,2026-10-09 01:39,I3@22:33:11,22:39:14,31011.50,41.4447,41.44466733533935,libro_CBOE_QQQ_x_razon_41.4447_(vela_alineada_al_ultimo_trade_16:14_NY_(cadena_congelada_304_min)),748.26,75,-1.932,-0.971,31014.06,31023.76,31290.72,30876.28,30917.72,-686,746.00,31083.50,389,750.00,vol,3,30917.72,-686,01:35:56,2026-10-09 01:34:51,747.75,75,-1.932,31014.06,31023.76,31290.72,30876.28,30917.72,-686,31083.50,389,3,2,SI,22:39:28,31014.00,241.83,CRUDA_90_ticks,2026-10-09_01:35:09,01:35:52,ultima_local_(CBOE_directo),30772.17,292,-1.458,31014.34,31014.22,31201.83,30941.83,30941.83,-350,30700.00,31041.83,-140,30800.00,1,292,-1.458,31014.34,31014.22,31201.83,30941.83,30941.83,-350,31041.83,-140,1,4,31000.55 31014.34 31018.92 31023.20 31050.72 31064.98,SI,41.435157,7.09,240.96,0.87,D1:31076.37(320.6) D2:31076.37(-475.8),D1:30993.50(112.1) D2:31076.37(-155.2),D1:31076.37(2444.7) D2:31076.37(-2052.2),D1:31076.37(392.4) D2:30993.50(-122.1),Z:31054.29(),D1:31040.96(105.8) D2:30940.96(-437.1),D1:31110.96(27.9) D2:30940.96(-348.8),D1:31018.04() D2:31013.47(),Z:31101.33(),31036.21 31038.18 31014.34,31034.93 30952.06 31006.89
2026-10-08 22:40,2026-10-09 01:40,I3@22:33:11,22:40:14,31014.75,41.4447,41.44466733533935,libro_CBOE_QQQ_x_razon_41.4447_(vela_alineada_al_ultimo_trade_16:14_NY_(cadena_congelada_304_min)),748.34,75,-1.812,-0.959,31014.04,31023.74,31290.72,30876.28,30917.72,-683,746.00,31083.50,390,750.00,vol,3,30917.72,-683,01:35:56,2026-10-09 01:34:51,747.75,75,-1.812,31014.04,31023.74,31290.72,30876.28,30917.72,-683,31083.50,390,3,2,SI,22:40:32,31008.00,241.83,CRUDA_90_ticks,2026-10-09_01:35:09,01:35:52,ultima_local_(CBOE_directo),30766.17,292,-1.547,31014.34,31006.37,31201.83,30941.83,30941.83,-353,30700.00,31041.83,-139,30800.00,1,292,-1.547,31014.34,31006.37,31201.83,30941.83,30941.83,-353,31041.83,-139,1,4,31000.55 31014.34 31018.92 31023.20 31050.71 31064.99,SI,41.435157,7.09,240.95,0.88,D1:31076.37(321.5) D2:31076.37(-477.1),D1:30993.50(112) D2:31076.37(-155.7),D1:31076.37(2451.2) D2:31076.37(-2057.8),D1:31076.37(393.4) D2:30993.50(-122),Z:31054.29(),D1:31040.95(105.9) D2:30940.95(-436),D1:31110.95(28) D2:30940.95(-347.9),D1:31018.04() D2:31013.46(),Z:31101.34(),31036.21 31038.18 31014.34,31034.93 31076.37 31006.91
2026-10-08 22:41,2026-10-09 01:41,I3@22:33:11,22:41:15,31022.00,41.4447,41.44466733533935,libro_CBOE_QQQ_x_razon_41.4447_(vela_alineada_al_ultimo_trade_16:14_NY_(cadena_congelada_304_min)),748.52,75,-1.540,-0.933,31014.00,31023.69,31290.72,30876.28,31083.50,393,750.00,31042.06,256,749.00,vol,3,30917.72,-676,01:40:57,2026-10-09 01:39:51,747.75,75,-1.541,31014.00,31023.69,31290.72,30876.28,31083.50,393,31042.06,256,3,1,SI,22:41:36,31027.50,241.83,CRUDA_90_ticks,2026-10-09_01:35:09,01:35:52,ultima_local_(CBOE_directo),30785.67,292,-1.254,31023.19,31038.53,31201.83,30941.83,30941.83,-343,30700.00,31041.83,-141,30800.00,1,292,-1.254,31023.19,31038.53,31201.83,30941.83,30941.83,-343,31041.83,-141,1,5,31000.54 31014.34 31018.92 31023.19 31050.72 31064.97 31081.73 31081.95,SI,41.435157,7.13,240.95,0.88,D1:31076.37(321.6) D2:31076.37(-477.3),D1:30993.50(112.1) D2:31076.37(-155.7),D1:31076.37(2452.2) D2:31076.37(-2058.7),D1:31076.37(393.5) D2:30993.50(-122.1),Z:31054.33(),D1:31040.95(106) D2:30940.95(-436.1),D1:31110.95(28) D2:30940.95(-348),D1:31018.04() D2:31013.46(),Z:31101.35(),31036.22 31038.19 31023.19,31034.93 31076.37 31006.81
2026-10-08 22:42,2026-10-09 01:42,I3@22:33:11,22:42:15,31035.75,41.4447,41.44466733533935,libro_CBOE_QQQ_x_razon_41.4447_(vela_alineada_al_ultimo_trade_16:14_NY_(cadena_congelada_309_min)),748.85,75,-1.014,-0.881,31013.91,31023.60,31290.72,30876.28,31083.50,397,750.00,31042.06,257,749.00,vol,4,31083.50,397,01:40:57,2026-10-09 01:39:51,747.75,75,-1.014,31013.91,31023.60,31290.72,30876.28,31083.50,397,31042.06,257,4,1,SI,22:42:39,31045.00,241.83,CRUDA_90_ticks,2026-10-09_01:40:10,01:40:53,ultima_local_(CBOE_directo),30803.17,292,-0.977,31050.72,31048.56,31201.83,30941.83,31041.83,-141,30800.00,31031.83,-118,30790.00,1,292,-0.977,31050.72,31048.56,31201.83,30941.83,31041.83,-141,31031.83,-118,1,5,31000.53 31014.34 31018.91 31023.20 31050.72 31064.95 31081.74 31081.94 31099.64,SI,41.435157,7.13,240.95,0.88,D1:31076.37(326.9) D2:31076.37(-485.5),D1:30993.50(110.9) D2:31076.37(-158.5),D1:31076.37(2492.9) D2:31076.37(-2093.8),D1:31076.37(399.1) D2:31117.80(-121.4),Z:31054.33(),D1:31040.95(106.4) D2:30940.95(-423.3),D1:31110.95(28.7) D2:30940.95(-337.2),D1:31049.84() D2:31022.31(),Z:31101.35(),31038.20 31036.23 31050.72,31034.93 31076.37 31006.69
2026-10-08 22:43,2026-10-09 01:43,I3@22:33:11,22:43:16,31042.25,41.4447,41.44466733533935,libro_CBOE_QQQ_x_razon_41.4447_(vela_alineada_al_ultimo_trade_16:14_NY_(cadena_congelada_309_min)),749.00,75,-0.762,-0.856,31013.87,31023.55,31290.72,30876.28,31083.50,399,750.00,31042.06,257,749.00,vol,4,31083.50,399,01:40:57,2026-10-09 01:39:51,747.75,75,-0.762,31013.87,31023.55,31290.72,30876.28,31083.50,399,31042.06,257,4,1,SI,22:43:39,31046.00,241.83,CRUDA_90_ticks,2026-10-09_01:40:10,01:40:53,ultima_local_(CBOE_directo),30804.17,292,-0.962,31050.72,31048.56,31201.83,30941.83,31041.83,-141,30800.00,31031.83,-118,30790.00,1,292,-0.962,31050.72,31048.56,31201.83,30941.83,31041.83,-141,31031.83,-118,1,4,31000.53 31014.34 31018.91 31023.20 31050.72 31064.95 31081.74 31081.94 31099.64,SI,41.435157,7.13,240.95,0.88,D1:31076.37(327.1) D2:31076.37(-485.7),D1:30993.50(110.9) D2:31076.37(-158.6),D1:31076.37(2494) D2:31076.37(-2094.7),D1:31076.37(399.3) D2:31117.80(-121.5),Z:31054.33(),D1:31040.95(106.4) D2:30940.95(-423.4),D1:31110.95(28.7) D2:30940.95(-337.3),D1:31049.83() D2:31022.31(),Z:31101.36(),31038.20 31036.23 31050.72,31034.93 31076.37 31006.69
2026-10-08 22:44,2026-10-09 01:44,I3@22:33:11,22:44:17,31048.75,41.4447,41.44466733533935,libro_CBOE_QQQ_x_razon_41.4447_(vela_alineada_al_ultimo_trade_16:14_NY_(cadena_congelada_309_min)),749.16,75,-0.507,-0.830,31013.83,31023.51,31290.72,30876.28,31083.50,400,750.00,31042.06,257,749.00,vol,4,31083.50,400,01:40:57,2026-10-09 01:39:51,747.75,75,-0.507,31013.83,31023.51,31290.72,30876.28,31083.50,400,31042.06,257,4,0,SI,22:44:41,31050.50,241.83,CRUDA_90_ticks,2026-10-09_01:40:10,01:40:53,ultima_local_(CBOE_directo),30808.67,292,-0.889,31050.72,31048.56,31201.83,30941.83,31041.83,-141,30800.00,31031.83,-118,30790.00,1,292,-0.889,31050.72,31048.56,31201.83,30941.83,31041.83,-141,31031.83,-118,1,3,31000.53 31014.34 31018.90 31023.20 31050.72 31064.95 31081.74 31081.93 31099.65,SI,41.435157,7.13,240.94,0.89,D1:31076.37(329.2) D2:31076.37(-488.9),D1:30993.50(110) D2:31076.37(-159.7),D1:31076.37(2509.9) D2:31076.37(-2108.4),D1:31076.37(401.5) D2:31117.80(-123.5),Z:31054.33(),D1:31140.94(112) D2:31040.94(-247.6),D1:31110.94(29) D2:31040.94(-141.2),D1:31049.83() D2:31022.31(),Z:31101.37(),31038.21 31036.23 31050.72,31034.93 31076.37 31006.66
2026-10-08 22:45,2026-10-09 01:45,I3@22:33:11,22:45:18,31046.75,41.4447,41.44466733533935,libro_CBOE_QQQ_x_razon_41.4447_(vela_alineada_al_ultimo_trade_16:14_NY_(cadena_congelada_309_min)),749.11,75,-0.587,-0.839,31013.85,31023.52,31290.72,30876.28,31083.50,400,750.00,31042.06,257,749.00,vol,4,31083.50,400,01:40:57,2026-10-09 01:39:51,747.75,75,-0.587,31013.85,31023.52,31290.72,30876.28,31083.50,400,31042.06,257,4,0,SI,22:45:41,31044.00,241.83,CRUDA_90_ticks,2026-10-09_01:40:10,01:40:53,ultima_local_(CBOE_directo),30802.17,292,-0.996,31050.72,31048.56,31201.83,30941.83,31041.83,-141,30800.00,31031.83,-118,30790.00,1,292,-0.996,31050.72,31048.56,31201.83,30941.83,31041.83,-141,31031.83,-118,1,5,31000.53 31014.34 31018.91 31023.20 31050.72 31064.95 31081.74 31081.94 31099.64,SI,41.435157,7.13,240.94,0.89,D1:31076.37(329.3) D2:31076.37(-489.1),D1:30993.50(110.1) D2:31076.37(-159.8),D1:31076.37(2511.1) D2:31076.37(-2109.4),D1:31076.37(401.7) D2:31117.80(-123.5),Z:31054.33(),D1:31140.94(112) D2:31040.94(-247.7),D1:31110.94(29) D2:31040.94(-141.2),D1:31049.83() D2:31022.31(),Z:31101.37(),31038.20 31036.23 31050.72,31034.93 31076.37 31006.69
2026-10-08 22:46,2026-10-09 01:46,I3@22:33:11,22:46:19,31052.50,41.4447,41.44466733533935,libro_CBOE_QQQ_x_razon_41.4447_(vela_alineada_al_ultimo_trade_16:14_NY_(cadena_congelada_314_min)),749.25,75,-0.360,-0.816,31013.81,31023.48,31290.72,30876.28,31083.50,401,750.00,31042.06,257,749.00,vol,4,31083.50,401,01:45:58,2026-10-09 01:44:51,747.75,75,-0.360,31013.81,31023.48,31290.72,30876.28,31083.50,401,31042.06,257,4,0,SI,22:46:44,31058.00,241.83,CRUDA_90_ticks,2026-10-09_01:45:10,01:45:54,ultima_local_(CBOE_directo),30816.17,292,-0.766,31064.95,31048.56,31201.83,30941.83,31041.83,-141,30800.00,31031.83,-118,30790.00,3,292,-0.766,31064.95,31048.56,31201.83,30941.83,31041.83,-141,31031.83,-118,3,4,31000.52 31014.35 31018.90 31023.20 31050.71 31064.95 31081.74 31081.93 31099.65 31113.97,SI,41.435157,7.13,240.94,0.89,D1:31076.37(329.2) D2:31076.37(-488.9),D1:30993.50(110.3) D2:31076.37(-159.7),D1:31076.37(2510.2) D2:31076.37(-2108.6),D1:31076.37(401.6) D2:31117.80(-123.3),Z:31054.40(),D1:31140.94(111.8) D2:31040.94(-247.9),D1:31110.94(29) D2:31040.94(-141.4),D1:31049.83() D2:31022.31(),Z:31101.38(),31069.34 31038.21 31050.71,31034.93 31076.37 31006.63
2026-10-08 22:47,2026-10-09 01:47,I3@22:33:11,22:47:19,31053.75,41.4447,41.44466733533935,libro_CBOE_QQQ_x_razon_41.4447_(vela_alineada_al_ultimo_trade_16:14_NY_(cadena_congelada_314_min)),749.28,75,-0.312,-0.811,31013.80,31023.48,31290.72,30876.28,31083.50,402,750.00,31042.06,257,749.00,vol,4,31083.50,402,01:45:58,2026-10-09 01:44:51,747.75,75,-0.311,31013.80,31023.48,31290.72,30876.28,31083.50,402,31042.06,257,4,0,SI,22:47:45,31048.50,241.83,CRUDA_90_ticks,2026-10-09_01:45:10,01:45:54,ultima_local_(CBOE_directo),30806.67,292,-0.924,31050.72,31048.56,31201.83,30941.83,31041.83,-141,30800.00,31031.83,-118,30790.00,1,292,-0.924,31050.72,31048.56,31201.83,30941.83,31041.83,-141,31031.83,-118,1,4,31000.53 31014.34 31018.91 31023.20 31050.72 31064.95 31081.74 31081.94 31099.64,SI,41.435157,7.13,240.94,0.89,D1:31076.37(329.3) D2:31076.37(-489.1),D1:30993.50(110.3) D2:31076.37(-159.8),D1:31076.37(2511.3) D2:31076.37(-2109.5),D1:31076.37(401.8) D2:31117.80(-123.3),Z:31054.40(),D1:31140.94(111.8) D2:31040.94(-248),D1:31110.94(29) D2:31040.94(-141.4),D1:31049.82() D2:31022.31(),Z:31101.39(),31038.20 31036.23 31050.72,31034.93 31076.37 31006.68
2026-10-08 22:48,2026-10-09 01:48,I3@22:33:11,22:48:19,31052.50,41.4447,41.44466733533935,libro_CBOE_QQQ_x_razon_41.4447_(vela_alineada_al_ultimo_trade_16:14_NY_(cadena_congelada_314_min)),749.25,75,-0.362,-0.816,31013.81,31023.48,31290.72,30876.28,31083.50,402,750.00,31042.06,257,749.00,vol,4,31083.50,402,01:45:58,2026-10-09 01:44:51,747.75,75,-0.362,31013.81,31023.48,31290.72,30876.28,31083.50,402,31042.06,257,4,0,SI,22:48:47,31058.75,241.83,CRUDA_90_ticks,2026-10-09_01:45:10,01:45:54,ultima_local_(CBOE_directo),30816.92,292,-0.755,31064.95,31048.56,31201.83,30941.83,31041.83,-141,30800.00,31031.83,-118,30790.00,3,292,-0.755,31064.95,31048.56,31201.83,30941.83,31041.83,-141,31031.83,-118,3,4,31000.52 31014.35 31018.90 31023.20 31050.71 31064.95 31081.74 31081.93 31099.65 31113.97,SI,41.435157,7.13,240.93,0.90,D1:31076.37(329.6) D2:31076.37(-489.6),D1:30993.50(110.3) D2:31076.37(-159.9),D1:31076.37(2513.6) D2:31076.37(-2111.5),D1:31076.37(402.1) D2:31117.80(-123.6),Z:31054.40(),D1:31140.93(112) D2:31040.93(-248.1),D1:31110.93(29.1) D2:31040.93(-141.5),D1:31049.82() D2:31022.30(),Z:31101.39(),31038.21 31069.34 31050.71,31034.93 31076.37 31006.64
2026-10-08 22:49,2026-10-09 01:49,I3@22:33:11,22:49:19,31052.00,41.4447,41.44466733533935,libro_CBOE_QQQ_x_razon_41.4447_(vela_alineada_al_ultimo_trade_16:14_NY_(cadena_congelada_314_min)),749.24,75,-0.383,-0.818,31013.81,31023.49,31290.72,30876.28,31083.50,402,750.00,31042.06,258,749.00,vol,4,31083.50,402,01:45:58,2026-10-09 01:44:51,747.75,75,-0.383,31013.81,31023.49,31290.72,30876.28,31083.50,402,31042.06,258,4,0,SI,22:49:47,31052.50,241.83,CRUDA_90_ticks,2026-10-09_01:45:10,01:45:54,ultima_local_(CBOE_directo),30810.67,292,-0.859,31050.72,31048.56,31201.83,30941.83,31041.83,-141,30800.00,31031.83,-118,30790.00,3,292,-0.859,31050.72,31048.56,31201.83,30941.83,31041.83,-141,31031.83,-118,3,5,31000.52 31014.34 31018.90 31023.20 31050.72 31064.95 31081.74 31081.93 31099.65 31113.98,SI,41.435157,7.13,240.93,0.90,D1:31076.37(329.8) D2:31076.37(-489.8),D1:30993.50(110.3) D2:31076.37(-160),D1:31076.37(2514.7) D2:31076.37(-2112.4),D1:31076.37(402.3) D2:31117.80(-123.6),Z:31054.40(),D1:31140.93(112.1) D2:31040.93(-248.2),D1:31110.93(29.1) D2:31040.93(-141.5),D1:31049.82() D2:31022.30(),Z:31101.40(),31038.21 31036.23 31050.72,31034.93 31076.37 31006.65
2026-10-08 22:50,2026-10-09 01:50,I3@22:33:11,22:50:20,31053.25,41.4447,41.44466733533935,libro_CBOE_QQQ_x_razon_41.4447_(vela_alineada_al_ultimo_trade_16:14_NY_(cadena_congelada_314_min)),749.27,75,-0.334,-0.813,31013.80,31023.48,31290.72,30876.28,31083.50,402,750.00,31042.06,258,749.00,vol,4,31083.50,402,01:45:58,2026-10-09 01:44:51,747.75,75,-0.334,31013.80,31023.48,31290.72,30876.28,31083.50,402,31042.06,258,4,0,SI,22:50:49,31056.75,241.83,CRUDA_90_ticks,2026-10-09_01:45:10,01:45:54,ultima_local_(CBOE_directo),30814.92,292,-0.789,31050.71,31048.56,31201.83,30941.83,31041.83,-141,30800.00,31031.83,-118,30790.00,3,292,-0.789,31050.71,31048.56,31201.83,30941.83,31041.83,-141,31031.83,-118,3,4,31000.52 31014.35 31018.90 31023.20 31050.71 31064.95 31081.74 31081.93 31099.65 31113.98,SI,41.435157,7.13,240.93,0.90,D1:31076.37(330.2) D2:31076.37(-490.5),D1:30993.50(110.2) D2:31076.37(-160.2),D1:31076.37(2518.1) D2:31076.37(-2115.3),D1:31076.37(402.8) D2:31117.80(-124),Z:31054.40(),D1:31140.93(112.5) D2:31040.93(-248.2),D1:31110.93(29.1) D2:31040.93(-141.5),D1:31049.82() D2:31022.30(),Z:31101.41(),31038.21 31036.23 31050.72,31034.93 31076.37 31006.65
2026-10-08 22:51,2026-10-09 01:51,I3@22:33:11,22:51:21,31057.25,41.4447,41.44466733533935,libro_CBOE_QQQ_x_razon_41.4447_(vela_alineada_al_ultimo_trade_16:14_NY_(cadena_congelada_315_min)),749.37,75,-0.175,-0.797,31013.78,31023.45,31290.72,30876.28,31083.50,403,750.00,31042.06,257,749.00,vol,4,31083.50,403,01:50:56,2026-10-09 01:49:51,747.75,75,-0.175,31013.78,31023.45,31290.72,30876.28,31083.50,403,31042.06,257,4,0,SI,22:51:54,31052.50,241.83,CRUDA_90_ticks,2026-10-09_01:50:10,01:50:52,ultima_local_(CBOE_directo),30810.67,292,-0.861,31050.72,31048.56,31201.83,30941.83,31041.83,-142,30800.00,31031.83,-118,30790.00,3,292,-0.861,31050.72,31048.56,31201.83,30941.83,31041.83,-142,31031.83,-118,3,5,31000.52 31014.34 31018.90 31023.20 31050.72 31064.95 31081.74 31081.93 31099.65 31113.98,SI,41.435157,7.13,240.93,0.90,D1:31076.37(330.4) D2:31076.37(-490.7),D1:30993.50(110.2) D2:31076.37(-160.3),D1:31076.37(2519.2) D2:31076.37(-2116.2),D1:31076.37(403) D2:31117.80(-124),Z:31054.47(),D1:31140.93(112.5) D2:31040.93(-248.3),D1:31110.93(29.2) D2:31040.93(-141.6),D1:31049.81() D2:31022.30(),Z:31101.42(),31069.34 31038.21 31050.71,31034.93 31076.37 31006.63
2026-10-08 22:52,2026-10-09 01:52,I3@22:33:11,22:52:21,31054.00,41.4447,41.44466733533935,libro_CBOE_QQQ_x_razon_41.4447_(vela_alineada_al_ultimo_trade_16:14_NY_(cadena_congelada_319_min)),749.29,75,-0.305,-0.811,31013.80,31023.47,31290.72,30876.28,31083.50,403,750.00,31042.06,258,749.00,vol,4,31083.50,403,01:50:56,2026-10-09 01:49:51,747.75,75,-0.305,31013.80,31023.47,31290.72,30876.28,31083.50,403,31042.06,258,4,0,SI,22:52:56,31063.00,241.83,CRUDA_90_ticks,2026-10-09_01:50:10,01:50:52,ultima_local_(CBOE_directo),30821.17,292,-0.686,31064.95,31048.57,31201.83,30941.83,31041.83,-141,30800.00,31031.83,-118,30790.00,3,292,-0.686,31064.95,31048.57,31201.83,30941.83,31041.83,-141,31031.83,-118,3,4,31014.35 31018.89 31023.21 31050.71 31064.95 31081.75 31081.93 31099.66 31113.97,SI,41.435157,7.13,240.92,0.91,D1:31076.37(331.2) D2:31076.37(-492),D1:30993.50(109.7) D2:31076.37(-160.7),D1:31076.37(2525.6) D2:31076.37(-2121.8),D1:31076.37(403.9) D2:31117.80(-124.9),Z:31054.47(),D1:31140.92(113.5) D2:31040.92(-248.1),D1:31150.92(50.8) D2:31040.92(-141.4),D1:31064.04() D2:31049.81(),Z:31101.42(),31069.34 31038.21 31050.71,31076.37 31034.93 31006.63
2026-10-08 22:53,2026-10-09 01:53,I3@22:33:11,22:53:23,31056.00,41.4447,41.44466733533935,libro_CBOE_QQQ_x_razon_41.4447_(vela_alineada_al_ultimo_trade_16:14_NY_(cadena_congelada_319_min)),749.34,75,-0.226,-0.803,31013.79,31023.46,31290.72,30876.28,31083.50,403,750.00,31042.06,258,749.00,vol,4,31083.50,403,01:50:56,2026-10-09 01:49:51,747.75,75,-0.226,31013.79,31023.46,31290.72,30876.28,31083.50,403,31042.06,258,4,0,SI,22:53:59,31052.75,241.83,CRUDA_90_ticks,2026-10-09_01:50:10,01:50:52,ultima_local_(CBOE_directo),30810.92,292,-0.858,31050.72,31048.56,31201.83,30941.83,31041.83,-142,30800.00,31031.83,-118,30790.00,3,292,-0.858,31050.72,31048.56,31201.83,30941.83,31041.83,-142,31031.83,-118,3,5,31000.52 31014.34 31018.90 31023.20 31050.72 31064.95 31081.74 31081.93 31099.65 31113.98,SI,41.435157,7.13,240.92,0.91,D1:31076.37(331.4) D2:31076.37(-492.2),D1:30993.50(109.7) D2:31076.37(-160.8),D1:31076.37(2526.8) D2:31076.37(-2122.7),D1:31076.37(404) D2:31117.80(-125),Z:31054.47(),D1:31140.92(113.5) D2:31040.92(-248.2),D1:31150.92(50.9) D2:31040.92(-141.5),D1:31064.04() D2:31049.81(),Z:31101.43(),31069.34 31038.21 31064.95,31076.37 31034.93 31107.99
2026-10-08 22:54,2026-10-09 01:54,I3@22:33:11,22:54:24,31054.00,41.4447,41.44466733533935,libro_CBOE_QQQ_x_razon_41.4447_(vela_alineada_al_ultimo_trade_16:14_NY_(cadena_congelada_319_min)),749.29,75,-0.307,-0.811,31013.80,31023.47,31290.72,30876.28,31083.50,403,750.00,31042.06,258,749.00,vol,4,31083.50,403,01:50:56,2026-10-09 01:49:51,747.75,75,-0.307,31013.80,31023.47,31290.72,30876.28,31083.50,403,31042.06,258,4,0,SI,,,,,,,,,,,,,,,,,,,,,,,,,,,,,,,,,,,,41.435157,7.13,240.92,,D1:31076.37(331.2) D2:31076.37(-491.9),D1:30993.50(110.1) D2:31076.37(-160.7),D1:31076.37(2525.2) D2:31076.37(-2121.3),D1:31076.37(403.9) D2:31117.80(-124.6),Z:31054.47(),D1:31140.92(113.1) D2:31040.92(-248.5),D1:31150.92(50.6) D2:31040.92(-141.7),D1:31064.04() D2:31049.81(),Z:31101.44(),31069.34 31038.21 31050.71,31034.93 31076.37 31006.64
2026-10-08 22:55,2026-10-09 01:55,I3@22:33:11,22:55:24,31057.00,41.4447,41.44466733533935,libro_CBOE_QQQ_x_razon_41.4447_(vela_alineada_al_ultimo_trade_16:14_NY_(cadena_congelada_319_min)),749.36,75,-0.187,-0.799,31013.78,31023.45,31290.72,30876.28,31083.50,404,750.00,31042.06,258,749.00,vol,4,31083.50,404,01:50:56,2026-10-09 01:49:51,747.75,75,-0.187,31013.78,31023.45,31290.72,30876.28,31083.50,404,31042.06,258,4,0,SI,22:55:01,31055.00,241.83,CRUDA_90_ticks,2026-10-09_01:50:10,01:50:52,ultima_local_(CBOE_directo),30813.17,292,-0.821,31050.71,31048.56,31201.83,30941.83,31041.83,-142,30800.00,31031.83,-118,30790.00,3,292,-0.821,31050.71,31048.56,31201.83,30941.83,31041.83,-142,31031.83,-118,3,4,31000.52 31014.34 31018.90 31023.20 31050.71 31064.95 31081.74 31081.93 31099.65 31113.98,SI,41.435157,7.13,240.92,0.91,D1:31076.37(331.3) D2:31076.37(-492.1),D1:30993.50(110.2) D2:31076.37(-160.8),D1:31076.37(2526.3) D2:31076.37(-2122.3),D1:31076.37(404) D2:31117.80(-124.6),Z:31054.47(),D1:31140.92(113.1) D2:31040.92(-248.7),D1:31150.92(50.6) D2:31040.92(-141.8),D1:31064.04() D2:31049.80(),Z:31101.44(),31069.34 31038.21 31050.71,31034.93 31076.37 31006.64
2026-10-08 22:56,2026-10-09 01:56,I3@22:33:11,22:56:24,31057.50,41.4447,41.44466733533935,libro_CBOE_QQQ_x_razon_41.4447_(vela_alineada_al_ultimo_trade_16:14_NY_(cadena_congelada_319_min)),749.37,75,-0.168,-0.797,31013.78,31023.45,31290.72,30876.28,31083.50,404,750.00,31042.06,258,749.00,vol,4,31083.50,404,01:55:58,2026-10-09 01:54:52,747.75,75,-0.168,31013.78,31023.45,31290.72,30876.28,31083.50,404,31042.06,258,4,0,SI,22:56:06,31058.00,241.83,CRUDA_90_ticks,2026-10-09_01:55:10,01:55:54,ultima_local_(CBOE_directo),30816.17,292,-0.772,31064.95,31048.56,31201.83,30941.83,31041.83,-142,30800.00,31031.83,-118,30790.00,3,292,-0.772,31064.95,31048.56,31201.83,30941.83,31041.83,-142,31031.83,-118,3,4,31000.52 31014.35 31018.90 31023.20 31050.71 31064.95 31081.74 31081.93 31099.65 31113.97,SI,41.435157,7.13,240.92,0.91,D1:31076.37(332.1) D2:31076.37(-493.2),D1:30993.50(109.6) D2:31076.37(-161.2),D1:31076.37(2532) D2:31076.37(-2127.2),D1:31076.37(404.8) D2:31117.80(-125.5),Z:31054.54(),D1:31140.92(114) D2:31040.92(-248.4),D1:31150.92(51.1) D2:31040.92(-141.5),D1:31064.03() D2:31049.80(),Z:31101.45(),31069.34 31038.21 31050.71,31076.37 31034.93 31006.62
2026-10-08 22:57,2026-10-09 01:57,I3@22:33:11,22:57:24,31059.25,41.4447,41.44466733533935,libro_CBOE_QQQ_x_razon_41.4447_(vela_alineada_al_ultimo_trade_16:14_NY_(cadena_congelada_324_min)),749.41,75,-0.098,-0.790,31013.77,31023.44,31290.72,30876.28,31083.50,404,750.00,31042.06,258,749.00,vol,4,31083.50,404,01:55:58,2026-10-09 01:54:52,747.75,75,-0.098,31013.77,31023.44,31290.72,30876.28,31083.50,404,31042.06,258,4,0,SI,22:57:06,31058.25,241.83,CRUDA_90_ticks,2026-10-09_01:55:10,01:55:54,ultima_local_(CBOE_directo),30816.42,292,-0.768,31064.95,31048.56,31201.83,30941.83,31041.83,-142,30800.00,31031.83,-118,30790.00,3,292,-0.768,31064.95,31048.56,31201.83,30941.83,31041.83,-142,31031.83,-118,3,4,31000.52 31014.35 31018.90 31023.20 31050.71 31064.95 31081.74 31081.93 31099.65 31113.97,SI,41.435157,7.13,240.91,0.92,D1:31076.37(332.2) D2:31076.37(-493.5),D1:30993.50(109.7) D2:31076.37(-161.2),D1:31076.37(2533.2) D2:31076.37(-2128.2),D1:31076.37(405) D2:31117.80(-125.5),Z:31054.54(),D1:31140.91(114.1) D2:31040.91(-248.5),D1:31150.91(51.1) D2:31040.91(-141.6),D1:31064.03() D2:31049.80(),Z:31101.46(),31069.34 31038.21 31064.95,31076.37 31034.93 31107.99
2026-10-08 22:58,2026-10-09 01:58,I3@22:33:11,22:58:25,31060.00,41.4447,41.44466733533935,libro_CBOE_QQQ_x_razon_41.4447_(vela_alineada_al_ultimo_trade_16:14_NY_(cadena_congelada_324_min)),749.43,75,-0.069,-0.787,31013.76,31023.43,31290.72,30876.28,31083.50,405,750.00,31042.06,258,749.00,vol,4,31083.50,405,01:55:58,2026-10-09 01:54:52,747.75,75,-0.069,31013.76,31023.43,31290.72,30876.28,31083.50,405,31042.06,258,4,0,SI,22:58:11,31060.75,241.83,CRUDA_90_ticks,2026-10-09_01:55:10,01:55:54,ultima_local_(CBOE_directo),30818.92,292,-0.727,31064.95,31048.56,31201.83,30941.83,31041.83,-142,30800.00,31031.83,-118,30790.00,3,292,-0.727,31064.95,31048.56,31201.83,30941.83,31041.83,-142,31031.83,-118,3,4,31000.52 31014.35 31018.89 31023.21 31050.71 31064.95 31081.74 31081.93 31099.65 31113.97,SI,41.435157,7.13,240.91,0.92,D1:31076.37(332.6) D2:31076.37(-494),D1:30993.50(109.5) D2:31076.37(-161.4),D1:31076.37(2535.8) D2:31076.37(-2130.4),D1:31076.37(405.4) D2:31117.80(-125.9),Z:31054.54(),D1:31140.91(114.4) D2:31040.91(-248.4),D1:31150.91(51.3) D2:31040.91(-141.5),D1:31064.03() D2:31049.79(),Z:31101.46(),31069.34 31038.21 31064.95,31076.37 31034.93 31107.98
2026-10-08 22:59,2026-10-09 01:59,I3@22:33:11,22:59:26,31061.75,41.4447,41.44466733533935,libro_CBOE_QQQ_x_razon_41.4447_(vela_alineada_al_ultimo_trade_16:14_NY_(cadena_congelada_324_min)),749.48,75,0.001,-0.780,31013.75,31023.42,31290.72,30876.28,31083.50,405,750.00,31042.06,258,749.00,vol,4,31083.50,405,01:55:58,2026-10-09 01:54:52,747.75,75,0.001,31013.75,31023.42,31290.72,30876.28,31083.50,405,31042.06,258,4,0,SI,22:59:17,31062.00,241.83,CRUDA_90_ticks,2026-10-09_01:55:10,01:55:54,ultima_local_(CBOE_directo),30820.17,292,-0.706,31064.95,31048.57,31201.83,30941.83,31041.83,-142,30800.00,31031.83,-118,30790.00,3,292,-0.706,31064.95,31048.57,31201.83,30941.83,31041.83,-142,31031.83,-118,3,4,31000.52 31014.35 31018.89 31023.21 31050.71 31064.95 31081.75 31081.93 31099.65 31113.97,SI,41.435157,7.13,240.91,0.92,D1:31076.37(332.7) D2:31076.37(-494.2),D1:30993.50(109.5) D2:31076.37(-161.5),D1:31076.37(2537) D2:31076.37(-2131.4),D1:31076.37(405.6) D2:31117.80(-125.9),Z:31054.54(),D1:31140.91(114.5) D2:31040.91(-248.5),D1:31150.91(51.3) D2:31040.91(-141.6),D1:31064.03() D2:31049.79(),Z:31101.47(),31069.34 31038.21 31064.95,31076.37 31034.93 31107.98
2026-10-08 23:00,2026-10-09 02:00,I3@22:33:11,23:00:27,31072.25,41.4447,41.44466733533935,libro_CBOE_QQQ_x_razon_41.4447_(vela_alineada_al_ultimo_trade_16:14_NY_(cadena_congelada_324_min)),749.73,75,0.426,-0.736,31115.09,31023.35,31290.72,30876.28,31083.50,406,750.00,31042.06,257,749.00,vol,4,31083.50,406,01:55:58,2026-10-09 01:54:52,747.75,75,0.426,31115.09,31023.35,31290.72,30876.28,31083.50,406,31042.06,257,4,0,SI,23:00:21,31075.75,241.83,CRUDA_90_ticks,2026-10-09_01:55:10,01:55:54,ultima_local_(CBOE_directo),30833.92,292,-0.471,31081.75,31079.43,31201.83,30941.83,31041.83,-140,30800.00,31031.83,-117,30790.00,3,292,-0.471,31081.75,31079.43,31201.83,30941.83,31041.83,-140,31031.83,-117,3,5,31014.35 31018.87 31023.22 31050.70 31064.95 31081.75 31081.93 31099.66 31113.97,SI,41.435157,7.13,240.91,0.92,D1:31076.37(333.4) D2:31076.37(-495.2),D1:30993.50(108.7) D2:31076.37(-161.8),D1:31076.37(2541.9) D2:31076.37(-2135.6),D1:31076.37(406.3) D2:31117.80(-127),Z:31054.60(),D1:31140.91(115.7) D2:31040.91(-247.7),D1:31150.91(51.9) D2:31040.91(-141.1),D1:31098.73() D2:31064.02(),Z:31101.48(),31038.22 31036.23 31081.75,31076.37 31034.93 31107.88
2026-10-08 23:01,2026-10-09 02:01,I3@22:33:11,23:01:27,31066.75,41.4447,41.44466733533935,libro_CBOE_QQQ_x_razon_41.4447_(vela_alineada_al_ultimo_trade_16:14_NY_(cadena_congelada_329_min)),749.60,75,0.202,-0.759,31115.13,31023.39,31290.72,30876.28,31083.50,406,750.00,31042.06,258,749.00,vol,4,31083.50,406,02:00:59,2026-10-09 01:59:52,747.75,75,0.202,31115.13,31023.39,31290.72,30876.28,31083.50,406,31042.06,258,4,0,SI,23:01:25,31066.75,241.83,CRUDA_90_ticks,2026-10-09_02:00:11,02:00:53,ultima_local_(CBOE_directo),30824.92,292,-0.626,31064.95,31079.43,31201.83,30941.83,31041.83,-141,30800.00,31031.83,-118,30790.00,3,292,-0.626,31064.95,31079.43,31201.83,30941.83,31041.83,-141,31031.83,-118,3,4,31014.35 31018.89 31023.21 31050.71 31064.95 31081.75 31081.93 31099.66 31113.97,SI,41.435157,7.13,240.90,0.93,D1:31076.37(333.5) D2:31076.37(-495.4),D1:30993.50(108.7) D2:31076.37(-161.9),D1:31076.37(2543.2) D2:31076.37(-2136.7),D1:31076.37(406.5) D2:31117.80(-127.1),Z:31054.62(),D1:31140.90(115.7) D2:31040.90(-247.9),D1:31150.90(51.9) D2:31040.90(-141.1),D1:31098.73() D2:31064.02(),Z:31101.49(),31069.34 31038.22 31064.95,31076.37 31034.93 31107.93
2026-10-08 23:02,2026-10-09 02:02,I3@22:33:11,23:02:28,31079.50,41.4447,41.44466733533935,libro_CBOE_QQQ_x_razon_41.4447_(vela_alineada_al_ultimo_trade_16:14_NY_(cadena_congelada_329_min)),749.90,75,0.722,-0.705,31115.04,31023.30,31290.72,30876.28,31083.50,407,750.00,31042.06,256,749.00,vol,4,31083.50,407,02:00:59,2026-10-09 01:59:52,747.75,75,0.722,31115.04,31023.30,31290.72,30876.28,31083.50,407,31042.06,256,4,0,SI,23:02:27,31080.00,241.83,CRUDA_90_ticks,2026-10-09_02:00:11,02:00:53,ultima_local_(CBOE_directo),30838.17,292,-0.398,31081.75,31079.42,31201.83,30941.83,31041.83,-140,30800.00,31031.83,-117,30790.00,3,292,-0.398,31081.75,31079.42,31201.83,30941.83,31041.83,-140,31031.83,-117,3,5,31018.87 31023.22 31050.70 31064.95 31081.75 31081.93 31099.66 31113.96,SI,41.435157,7.13,240.90,0.93,D1:31076.37(333.8) D2:31076.37(-495.9),D1:30993.50(108.1) D2:31076.37(-162.1),D1:31076.37(2545.5) D2:31076.37(-2138.7),D1:31076.37(406.9) D2:31117.80(-127.7),Z:31054.62(),D1:31140.90(116.5) D2:31040.90(-247.2),D1:31150.90(52.3) D2:31040.90(-140.7),D1:31098.73() D2:31064.02(),Z:31101.49(),31038.23 31036.22 31081.75,31076.37 31117.80 31107.86
2026-10-08 23:03,2026-10-09 02:03,I3@22:33:11,23:03:28,31081.50,41.4447,41.44466733533935,libro_CBOE_QQQ_x_razon_41.4447_(vela_alineada_al_ultimo_trade_16:14_NY_(cadena_congelada_329_min)),749.95,75,0.804,-0.696,31115.03,31023.29,31290.72,30876.28,31083.50,407,750.00,31042.06,256,749.00,vol,4,31083.50,407,02:00:59,2026-10-09 01:59:52,747.75,75,0.804,31115.03,31023.29,31290.72,30876.28,31083.50,407,31042.06,256,4,0,SI,23:03:32,31082.25,241.83,CRUDA_90_ticks,2026-10-09_02:00:11,02:00:53,ultima_local_(CBOE_directo),30840.42,292,-0.359,31081.93,31079.42,31201.83,30941.83,31041.83,-140,30800.00,31031.83,-116,30790.00,3,292,-0.359,31081.93,31079.42,31201.83,30941.83,31041.83,-140,31031.83,-116,3,4,31023.23 31050.70 31064.95 31081.75 31081.93 31099.66 31113.96,SI,41.435157,7.13,240.90,0.93,D1:31076.37(334) D2:31076.37(-496.1),D1:30993.50(108.1) D2:31076.37(-162.1),D1:31076.37(2546.7) D2:31076.37(-2139.7),D1:31076.37(407.1) D2:31117.80(-127.8),Z:31054.62(),D1:31140.90(116.5) D2:31040.90(-247.3),D1:31150.90(52.3) D2:31040.90(-140.8),D1:31098.73() D2:31064.02(),Z:31101.50(),31038.23 31036.22 31081.93,31076.37 31117.80 31107.84
2026-10-08 23:04,2026-10-09 02:04,I3@22:33:11,23:04:28,31082.00,41.4447,41.44466733533935,libro_CBOE_QQQ_x_razon_41.4447_(vela_alineada_al_ultimo_trade_16:14_NY_(cadena_congelada_329_min)),749.96,75,0.824,-0.694,31115.03,31023.29,31290.72,30876.28,31083.50,407,750.00,31042.06,256,749.00,vol,4,31083.50,407,02:00:59,2026-10-09 01:59:52,747.75,75,0.824,31115.03,31023.29,31290.72,30876.28,31083.50,407,31042.06,256,4,0,SI,23:04:36,31080.00,241.83,CRUDA_90_ticks,2026-10-09_02:00:11,02:00:53,ultima_local_(CBOE_directo),30838.17,292,-0.399,31081.75,31079.42,31201.83,30941.83,31041.83,-140,30800.00,31031.83,-117,30790.00,3,292,-0.399,31081.75,31079.42,31201.83,30941.83,31041.83,-140,31031.83,-117,3,5,31018.87 31023.22 31050.70 31064.95 31081.75 31081.93 31099.66 31113.96,SI,41.435157,7.13,240.90,0.93,D1:31076.37(334) D2:31076.37(-496.1),D1:30993.50(106.7) D2:31076.37(-162.1),D1:31076.37(2546.9) D2:31076.37(-2139.8),D1:31076.37(407.1) D2:31117.80(-128.8),Z:31054.62(),D1:31140.90(117.8) D2:31040.90(-245.5),D1:31150.90(53) D2:31040.90(-139.5),D1:31098.73() D2:31064.02(),Z:31101.51(),31038.23 31036.22 31081.93,31076.37 31117.80 31107.84
2026-10-08 23:05,2026-10-09 02:05,I3@22:33:11,23:05:29,31079.25,41.4447,41.44466733533935,libro_CBOE_QQQ_x_razon_41.4447_(vela_alineada_al_ultimo_trade_16:14_NY_(cadena_congelada_329_min)),749.90,75,0.711,-0.706,31115.04,31023.30,31290.72,30876.28,31083.50,408,750.00,31042.06,257,749.00,vol,4,31083.50,408,02:00:59,2026-10-09 01:59:52,747.75,75,0.711,31115.04,31023.30,31290.72,30876.28,31083.50,408,31042.06,257,4,0,SI,23:05:38,31077.75,241.83,CRUDA_90_ticks,2026-10-09_02:00:11,02:00:53,ultima_local_(CBOE_directo),30835.92,292,-0.438,31081.75,31079.43,31201.83,30941.83,31041.83,-140,30800.00,31031.83,-117,30790.00,3,292,-0.438,31081.75,31079.43,31201.83,30941.83,31041.83,-140,31031.83,-117,3,5,31018.87 31023.22 31050.70 31064.95 31081.75 31081.93 31099.66 31113.96,SI,41.435157,7.13,240.89,0.94,D1:31076.37(334.2) D2:31076.37(-496.4),D1:30993.50(106.7) D2:31076.37(-162.2),D1:31076.37(2548.1) D2:31076.37(-2140.8),D1:31076.37(407.3) D2:31117.80(-128.9),Z:31054.62(),D1:31140.89(117.9) D2:31040.89(-245.6),D1:31150.89(53) D2:31040.89(-139.6),D1:31098.73() D2:31064.02(),Z:31101.51(),31038.23 31036.22 31081.75,31076.37 31117.80 31107.86
2026-10-08 23:06,2026-10-09 02:06,I3@22:33:11,23:06:29,31081.50,41.4447,41.44466733533935,libro_CBOE_QQQ_x_razon_41.4447_(vela_alineada_al_ultimo_trade_16:14_NY_(cadena_congelada_329_min)),749.95,75,0.804,-0.697,31115.03,31023.29,31290.72,30876.28,31083.50,408,750.00,31042.06,256,749.00,vol,4,31083.50,408,02:06:00,2026-10-09 02:05:52,747.75,75,0.804,31115.03,31023.29,31290.72,30876.28,31083.50,408,31042.06,256,4,0,SI,23:06:40,31080.75,241.83,CRUDA_90_ticks,2026-10-09_02:00:11,02:00:53,ultima_local_(CBOE_directo),30838.92,292,-0.386,31081.75,31079.42,31201.83,30941.83,31041.83,-140,30800.00,31031.83,-117,30790.00,3,292,-0.386,31081.75,31079.42,31201.83,30941.83,31041.83,-140,31031.83,-117,3,5,31023.23 31050.70 31064.95 31081.75 31081.93 31099.66 31113.96,SI,41.435157,7.13,240.89,0.94,D1:31076.37(334.3) D2:31076.37(-496.6),D1:30993.50(106.8) D2:31076.37(-162.3),D1:31076.37(2549.4) D2:31076.37(-2141.9),D1:31076.37(407.5) D2:31117.80(-128.9),Z:31054.69(),D1:31140.89(117.9) D2:31040.89(-245.8),D1:31150.89(53) D2:31040.89(-139.7),D1:31098.72() D2:31064.01(),Z:31101.52(),31038.23 31036.22 31081.75,31076.37 31117.80 31107.85
2026-10-08 23:07,2026-10-09 02:07,I3@22:33:11,23:07:30,31076.25,41.4447,41.44466733533935,libro_CBOE_QQQ_x_razon_41.4447_(vela_alineada_al_ultimo_trade_16:14_NY_(cadena_congelada_335_min)),749.83,75,0.588,-0.720,31115.06,31023.32,31290.72,30876.28,31083.50,408,750.00,31042.06,257,749.00,vol,4,31083.50,408,02:06:00,2026-10-09 02:05:52,747.75,75,0.588,31115.06,31023.32,31290.72,30876.28,31083.50,408,31042.06,257,4,0,SI,23:07:41,31073.50,241.83,CRUDA_90_ticks,2026-10-09_02:05:11,02:05:56,ultima_local_(CBOE_directo),30831.67,292,-0.513,31081.75,31079.43,31201.83,30941.83,31041.83,-141,30800.00,31031.83,-118,30790.00,3,292,-0.513,31081.75,31079.43,31201.83,30941.83,31041.83,-141,31031.83,-118,3,5,31014.35 31018.88 31023.22 31050.71 31064.95 31081.75 31081.93 31099.66 31113.97,SI,41.435157,7.13,240.89,0.94,D1:31076.37(334.5) D2:31076.37(-496.9),D1:30993.50(106.8) D2:31076.37(-162.4),D1:31076.37(2550.6) D2:31076.37(-2142.9),D1:31076.37(407.7) D2:31117.80(-129),Z:31054.69(),D1:31140.89(118) D2:31040.89(-245.9),D1:31150.89(53.1) D2:31040.89(-139.7),D1:31098.72() D2:31064.01(),Z:31101.53(),31038.22 31036.23 31081.75,31076.37 31034.93 31107.90
2026-10-08 23:08,2026-10-09 02:08,I3@22:33:11,23:08:30,31067.50,41.4447,41.44466733533935,libro_CBOE_QQQ_x_razon_41.4447_(vela_alineada_al_ultimo_trade_16:14_NY_(cadena_congelada_335_min)),749.61,75,0.230,-0.758,31115.12,31023.38,31290.72,30876.28,31083.50,407,750.00,31042.06,259,749.00,vol,4,31083.50,407,02:06:00,2026-10-09 02:05:52,747.75,75,0.230,31115.12,31023.38,31290.72,30876.28,31083.50,407,31042.06,259,4,0,SI,23:08:41,31066.75,241.83,CRUDA_90_ticks,2026-10-09_02:05:11,02:05:56,ultima_local_(CBOE_directo),30824.92,292,-0.630,31064.95,31079.43,31201.83,30941.83,31041.83,-142,30800.00,31031.83,-118,30790.00,3,292,-0.630,31064.95,31079.43,31201.83,30941.83,31041.83,-142,31031.83,-118,3,4,31014.35 31018.89 31023.21 31050.71 31064.95 31081.75 31081.93 31099.66 31113.97,SI,41.435157,7.13,240.89,0.94,D1:31076.37(334.8) D2:31076.37(-497.3),D1:30993.50(108.3) D2:31076.37(-162.5),D1:31076.37(2552.7) D2:31076.37(-2144.7),D1:31076.37(408) D2:31117.80(-128.1),Z:31054.69(),D1:31140.89(116.8) D2:31040.89(-247.8),D1:31150.89(52.5) D2:31040.89(-141),D1:31098.72() D2:31064.01(),Z:31101.53(),31069.34 31038.22 31064.95,31076.37 31034.93 31107.94
2026-10-08 23:09,2026-10-09 02:09,I3@22:33:11,23:09:31,31067.50,41.4447,41.44466733533935,libro_CBOE_QQQ_x_razon_41.4447_(vela_alineada_al_ultimo_trade_16:14_NY_(cadena_congelada_335_min)),749.61,75,0.229,-0.758,31115.12,31023.38,31290.72,30876.28,31083.50,408,750.00,31042.06,259,749.00,vol,4,31083.50,408,02:06:00,2026-10-09 02:05:52,747.75,75,0.229,31115.12,31023.38,31290.72,30876.28,31083.50,408,31042.06,259,4,0,SI,23:09:46,31067.50,241.83,CRUDA_90_ticks,2026-10-09_02:05:11,02:05:56,ultima_local_(CBOE_directo),30825.67,292,-0.618,31064.95,31079.43,31201.83,30941.83,31041.83,-142,30800.00,31031.83,-118,30790.00,3,292,-0.618,31064.95,31079.43,31201.83,30941.83,31041.83,-142,31031.83,-118,3,4,31014.35 31018.89 31023.21 31050.71 31064.95 31081.75 31081.93 31099.66 31113.97,SI,41.435157,7.13,240.88,0.95,D1:31076.37(334.9) D2:31076.37(-497.5),D1:30993.50(108.3) D2:31076.37(-162.6),D1:31076.37(2553.9) D2:31076.37(-2145.7),D1:31076.37(408.2) D2:31117.80(-128.2),Z:31054.69(),D1:31140.88(116.9) D2:31040.88(-247.9),D1:31150.88(52.5) D2:31040.88(-141.1),D1:31098.72() D2:31064.00(),Z:31101.54(),31069.34 31038.22 31064.95,31076.37 31034.93 31107.94
2026-10-08 23:10,2026-10-09 02:10,I3@22:33:11,23:10:31,31079.00,41.4447,41.44466733533935,libro_CBOE_QQQ_x_razon_41.4447_(vela_alineada_al_ultimo_trade_16:14_NY_(cadena_congelada_335_min)),749.89,75,0.700,-0.708,31115.05,31023.30,31290.72,30876.28,31083.50,408,750.00,31042.06,257,749.00,vol,4,31083.50,408,02:06:00,2026-10-09 02:05:52,747.75,75,0.700,31115.05,31023.30,31290.72,30876.28,31083.50,408,31042.06,257,4,0,SI,23:10:48,31077.75,241.83,CRUDA_90_ticks,2026-10-09_02:05:11,02:05:56,ultima_local_(CBOE_directo),30835.92,292,-0.440,31081.75,31079.43,31201.83,30941.83,31041.83,-141,30800.00,31031.83,-117,30790.00,3,292,-0.440,31081.75,31079.43,31201.83,30941.83,31041.83,-141,31031.83,-117,3,5,31018.87 31023.22 31050.70 31064.95 31081.75 31081.93 31099.66 31113.96,SI,41.435157,7.13,240.88,0.95,D1:31076.37(335) D2:31076.37(-497.5),D1:30993.50(109.1) D2:31076.37(-162.6),D1:31076.37(2554) D2:31076.37(-2145.8),D1:31076.37(408.2) D2:31117.80(-127.6),Z:31054.69(),D1:31140.88(116.2) D2:31040.88(-248.8),D1:31150.88(52.2) D2:31040.88(-141.7),D1:31098.71() D2:31064.00(),Z:31101.55(),31038.23 31036.22 31081.75,31076.37 31117.80 31107.87
2026-10-08 23:11,2026-10-09 02:11,I3@22:33:11,23:11:32,31075.75,41.4447,41.44466733533935,libro_CBOE_QQQ_x_razon_41.4447_(vela_alineada_al_ultimo_trade_16:14_NY_(cadena_congelada_339_min)),749.81,75,0.566,-0.723,31115.07,31023.33,31290.72,30876.28,31083.50,409,750.00,31042.06,258,749.00,vol,4,31083.50,409,02:10:58,2026-10-09 02:09:52,747.75,75,0.566,31115.07,31023.33,31290.72,30876.28,31083.50,409,31042.06,258,4,0,SI,23:11:52,31076.25,241.83,CRUDA_90_ticks,2026-10-09_02:10:11,02:10:54,ultima_local_(CBOE_directo),30834.42,292,-0.467,31081.75,31079.43,31201.83,30941.83,31041.83,-141,30800.00,31031.83,-118,30790.00,3,292,-0.467,31081.75,31079.43,31201.83,30941.83,31041.83,-141,31031.83,-118,3,5,31018.87 31023.22 31050.70 31064.95 31081.75 31081.93 31099.66 31113.97,SI,41.435157,7.13,240.88,0.95,D1:31076.37(335.1) D2:31076.37(-497.7),D1:30993.50(109.1) D2:31076.37(-162.7),D1:31076.37(2555.1) D2:31076.37(-2146.7),D1:31076.37(408.4) D2:31117.80(-127.7),Z:31054.76(),D1:31140.88(116.3) D2:31040.88(-248.9),D1:31150.88(52.2) D2:31040.88(-141.7),D1:31098.71() D2:31064.00(),Z:31101.56(),31038.22 31036.23 31081.75,31076.37 31117.80 31107.87
2026-10-08 23:12,2026-10-09 02:12,I3@22:33:11,23:12:34,31074.25,41.4447,41.44466733533935,libro_CBOE_QQQ_x_razon_41.4447_(vela_alineada_al_ultimo_trade_16:14_NY_(cadena_congelada_339_min)),749.78,75,0.504,-0.729,31115.08,31023.33,31290.72,30876.28,31083.50,409,750.00,31042.06,258,749.00,vol,4,31083.50,409,02:10:58,2026-10-09 02:09:52,747.75,75,0.504,31115.08,31023.33,31290.72,30876.28,31083.50,409,31042.06,258,4,0,SI,23:12:57,31074.50,241.83,CRUDA_90_ticks,2026-10-09_02:10:11,02:10:54,ultima_local_(CBOE_directo),30832.67,292,-0.498,31081.75,31079.43,31201.83,30941.83,31041.83,-141,30800.00,31031.83,-118,30790.00,3,292,-0.498,31081.75,31079.43,31201.83,30941.83,31041.83,-141,31031.83,-118,3,5,31014.35 31018.88 31023.22 31050.71 31064.95 31081.75 31081.93 31099.66 31113.97,SI,41.435157,7.13,240.88,0.95,D1:31076.37(335.4) D2:31076.37(-498.2),D1:30993.50(108.1) D2:31076.37(-162.8),D1:31076.37(2557.5) D2:31076.37(-2148.7),D1:31076.37(408.8) D2:31117.80(-128.6),Z:31054.76(),D1:31140.88(117.4) D2:31040.88(-247.8),D1:31150.88(52.7) D2:31040.88(-141),D1:31098.71() D2:31064.00(),Z:31101.56(),31038.22 31036.23 31081.75,31076.37 31034.93 31107.89
2026-10-08 23:13,2026-10-09 02:13,I3@22:33:11,23:13:36,31077.25,41.4447,41.44466733533935,libro_CBOE_QQQ_x_razon_41.4447_(vela_alineada_al_ultimo_trade_16:14_NY_(cadena_congelada_339_min)),749.85,75,0.627,-0.717,31115.06,31023.31,31290.72,30876.28,31083.50,409,750.00,31042.06,258,749.00,vol,4,31083.50,409,02:10:58,2026-10-09 02:09:52,747.75,75,0.627,31115.06,31023.31,31290.72,30876.28,31083.50,409,31042.06,258,4,0,SI,,,,,,,,,,,,,,,,,,,,,,,,,,,,,,,,,,,,41.435157,7.13,240.88,,D1:31076.37(335.6) D2:31076.37(-498.5),D1:30993.50(108.1) D2:31076.37(-162.9),D1:31076.37(2558.7) D2:31076.37(-2149.7),D1:31076.37(409) D2:31117.80(-128.7),Z:31054.76(),D1:31140.88(117.4) D2:31040.88(-247.9),D1:31150.88(52.8) D2:31040.88(-141),D1:31098.71() D2:31063.99(),Z:31101.57(),31038.22 31036.23 31081.75,31076.37 31034.93 31107.89
2026-10-08 23:14,2026-10-09 02:14,I3@22:33:11,23:14:37,31066.50,41.4447,41.44466733533935,libro_CBOE_QQQ_x_razon_41.4447_(vela_alineada_al_ultimo_trade_16:14_NY_(cadena_congelada_339_min)),749.59,75,0.186,-0.763,31115.13,31023.39,31290.72,30876.28,31083.50,409,750.00,31042.06,259,749.00,vol,4,31083.50,409,02:10:58,2026-10-09 02:09:52,747.75,75,0.186,31115.13,31023.39,31290.72,30876.28,31083.50,409,31042.06,259,4,0,SI,23:14:01,31076.50,241.83,CRUDA_90_ticks,2026-10-09_02:10:11,02:10:54,ultima_local_(CBOE_directo),30834.67,292,-0.464,31081.75,31079.43,31201.83,30941.83,31041.83,-141,30800.00,31031.83,-118,30790.00,3,292,-0.464,31081.75,31079.43,31201.83,30941.83,31041.83,-141,31031.83,-118,3,5,31018.87 31023.22 31050.70 31064.95 31081.75 31081.93 31099.66 31113.96,SI,41.435157,7.13,240.87,0.96,D1:31076.37(335.7) D2:31076.37(-498.7),D1:30993.50(108.1) D2:31076.37(-163),D1:31076.37(2559.9) D2:31076.37(-2150.7),D1:31076.37(409.2) D2:31117.80(-128.8),Z:31054.76(),D1:31140.87(117.6) D2:31040.87(-247.9),D1:31150.87(52.8) D2:31040.87(-141),D1:31098.70() D2:31063.99(),Z:31101.58(),31038.23 31036.23 31081.75,31076.37 31117.80 31107.88
2026-10-08 23:15,2026-10-09 02:15,I3@22:33:11,23:15:38,31053.50,41.4447,41.44466733533935,libro_CBOE_QQQ_x_razon_41.4447_(vela_alineada_al_ultimo_trade_16:14_NY_(cadena_congelada_339_min)),749.28,75,-0.343,-0.816,31013.80,31023.47,31290.72,30876.28,31083.50,407,750.00,31042.06,261,749.00,vol,4,31083.50,407,02:10:58,2026-10-09 02:09:52,747.75,75,-0.343,31013.80,31023.47,31290.72,30876.28,31083.50,407,31042.06,261,4,0,SI,23:15:05,31057.75,241.83,CRUDA_90_ticks,2026-10-09_02:10:11,02:10:54,ultima_local_(CBOE_directo),30815.92,292,-0.787,31050.71,31048.56,31201.83,30941.83,31041.83,-143,30800.00,31031.83,-119,30790.00,3,292,-0.787,31050.71,31048.56,31201.83,30941.83,31041.83,-143,31031.83,-119,3,4,31000.52 31014.35 31018.90 31023.20 31050.71 31064.95 31081.74 31081.93 31099.65 31113.98,SI,41.435157,7.13,240.87,0.96,D1:31076.37(335.9) D2:31076.37(-498.9),D1:30993.50(108.1) D2:31076.37(-163),D1:31076.37(2561.1) D2:31076.37(-2151.8),D1:31076.37(409.4) D2:31117.80(-128.8),Z:31054.76(),D1:31140.87(117.6) D2:31040.87(-248),D1:31150.87(52.8) D2:31040.87(-141.1),D1:31098.70() D2:31063.99(),Z:31101.58(),31069.34 31038.21 31050.71,31076.37 31034.93 31108.00
2026-10-08 23:16,2026-10-09 02:16,I3@22:33:11,23:16:38,31050.25,41.4447,41.44466733533935,libro_CBOE_QQQ_x_razon_41.4447_(vela_alineada_al_ultimo_trade_16:14_NY_(cadena_congelada_339_min)),749.20,75,-0.474,-0.830,31013.82,31023.49,31290.72,30876.28,31083.50,407,750.00,31042.06,261,749.00,vol,4,31083.50,407,02:15:57,2026-10-09 02:14:52,747.75,75,-0.474,31013.82,31023.49,31290.72,30876.28,31083.50,407,31042.06,261,4,0,SI,23:16:06,31048.00,241.83,CRUDA_90_ticks,2026-10-09_02:10:11,02:10:54,ultima_local_(CBOE_directo),30806.17,292,-0.951,31050.72,31048.56,31201.83,30941.83,31041.83,-143,30800.00,31031.83,-120,30790.00,1,292,-0.951,31050.72,31048.56,31201.83,30941.83,31041.83,-143,31031.83,-120,1,4,31000.53 31014.34 31018.91 31023.20 31050.72 31064.95 31081.74 31081.94 31099.64,SI,41.435157,7.13,240.87,0.96,D1:31076.37(334.2) D2:31076.37(-496.3),D1:30993.50(111.5) D2:31076.37(-162.2),D1:31076.37(2548.3) D2:31076.37(-2140.6),D1:31076.37(407.6) D2:31117.80(-125.3),Z:31054.83(),D1:31140.87(113.7) D2:31040.87(-251.2),D1:31110.87(29.5) D2:31040.87(-143.2),D1:31049.75() D2:31022.24(),Z:31101.59(),31038.21 31036.23 31050.72,31034.93 31076.37 31006.66
2026-10-08 23:17,2026-10-09 02:17,I3@22:33:11,23:17:39,31057.00,41.4447,41.44466733533935,libro_CBOE_QQQ_x_razon_41.4447_(vela_alineada_al_ultimo_trade_16:14_NY_(cadena_congelada_344_min)),749.36,75,-0.202,-0.803,31013.78,31023.45,31290.72,30876.28,31083.50,408,750.00,31042.06,261,749.00,vol,4,31083.50,408,02:15:57,2026-10-09 02:14:52,747.75,75,-0.202,31013.78,31023.45,31290.72,30876.28,31083.50,408,31042.06,261,4,0,SI,23:17:11,31056.25,241.83,CRUDA_90_ticks,2026-10-09_02:15:11,02:15:52,ultima_local_(CBOE_directo),30814.42,292,-0.813,31050.71,31048.56,31201.83,30941.83,31041.83,-143,30800.00,31031.83,-120,30790.00,3,292,-0.813,31050.71,31048.56,31201.83,30941.83,31041.83,-143,31031.83,-120,3,4,31000.52 31014.35 31018.90 31023.20 31050.71 31064.95 31081.74 31081.93 31099.65 31113.98,SI,41.435157,7.13,240.87,0.96,D1:31076.37(334.3) D2:31076.37(-496.6),D1:30993.50(111.5) D2:31076.37(-162.2),D1:31076.37(2549.4) D2:31076.37(-2141.6),D1:31076.37(407.8) D2:31117.80(-125.4),Z:31054.83(),D1:31140.87(113.7) D2:31040.87(-251.4),D1:31110.87(29.5) D2:31040.87(-143.3),D1:31049.75() D2:31022.24(),Z:31101.60(),31069.34 31038.21 31050.71,31076.37 31034.93 31006.62
2026-10-08 23:18,2026-10-09 02:18,I3@22:33:11,23:18:39,31071.50,41.4447,41.44466733533935,libro_CBOE_QQQ_x_razon_41.4447_(vela_alineada_al_ultimo_trade_16:14_NY_(cadena_congelada_344_min)),749.71,75,0.389,-0.742,31115.10,31023.35,31290.72,30876.28,31083.50,410,750.00,31042.06,259,749.00,vol,4,31083.50,410,02:15:57,2026-10-09 02:14:52,747.75,75,0.389,31115.10,31023.35,31290.72,30876.28,31083.50,410,31042.06,259,4,0,SI,23:18:17,31070.00,241.83,CRUDA_90_ticks,2026-10-09_02:15:11,02:15:52,ultima_local_(CBOE_directo),30828.17,292,-0.579,31064.95,31079.43,31201.83,30941.83,31041.83,-142,30800.00,31031.83,-119,30790.00,3,292,-0.579,31064.95,31079.43,31201.83,30941.83,31041.83,-142,31031.83,-119,3,5,31014.35 31018.88 31023.21 31050.71 31064.95 31081.75 31081.93 31099.66 31113.97,SI,41.435157,7.13,240.86,0.97,D1:31076.37(336) D2:31076.37(-499.1),D1:30993.50(109.9) D2:31076.37(-163.1),D1:31076.37(2562.2) D2:31076.37(-2152.6),D1:31076.37(409.6) D2:31117.80(-127.6),Z:31054.85(),D1:31140.86(116.1) D2:31040.86(-250.2),D1:31150.86(52.1) D2:31040.86(-142.5),D1:31098.69() D2:31063.98(),Z:31101.60(),31069.34 31038.22 31064.95,31076.37 31034.93 31107.93
2026-10-08 23:19,2026-10-09 02:19,I3@22:33:11,23:19:40,31073.50,41.4447,41.44466733533935,libro_CBOE_QQQ_x_razon_41.4447_(vela_alineada_al_ultimo_trade_16:14_NY_(cadena_congelada_344_min)),749.76,75,0.471,-0.734,31115.08,31023.34,31290.72,30876.28,31083.50,410,750.00,31042.06,259,749.00,vol,4,31083.50,410,02:15:57,2026-10-09 02:14:52,747.75,75,0.471,31115.08,31023.34,31290.72,30876.28,31083.50,410,31042.06,259,4,0,SI,23:19:21,31069.75,241.83,CRUDA_90_ticks,2026-10-09_02:15:11,02:15:52,ultima_local_(CBOE_directo),30827.92,292,-0.583,31064.95,31079.43,31201.83,30941.83,31041.83,-142,30800.00,31031.83,-119,30790.00,3,292,-0.583,31064.95,31079.43,31201.83,30941.83,31041.83,-142,31031.83,-119,3,5,31014.35 31018.88 31023.21 31050.71 31064.95 31081.75 31081.93 31099.66 31113.97,SI,41.435157,7.13,240.86,0.97,D1:31076.37(336.2) D2:31076.37(-499.4),D1:30993.50(109.9) D2:31076.37(-163.2),D1:31076.37(2563.4) D2:31076.37(-2153.6),D1:31076.37(409.8) D2:31117.80(-127.7),Z:31054.85(),D1:31140.86(116.2) D2:31040.86(-250.3),D1:31150.86(52.1) D2:31040.86(-142.6),D1:31098.69() D2:31063.98(),Z:31101.61(),31069.34 31038.22 31064.95,31076.37 31034.93 31107.93
2026-10-08 23:20,2026-10-09 02:20,I3@22:33:11,23:20:41,31069.75,41.4447,41.44466733533935,libro_CBOE_QQQ_x_razon_41.4447_(vela_alineada_al_ultimo_trade_16:14_NY_(cadena_congelada_344_min)),749.67,75,0.317,-0.750,31115.11,31023.36,31290.72,30876.28,31083.50,410,750.00,31042.06,260,749.00,vol,4,31083.50,410,02:15:57,2026-10-09 02:14:52,747.75,75,0.317,31115.11,31023.36,31290.72,30876.28,31083.50,410,31042.06,260,4,0,SI,23:20:21,31069.25,241.83,CRUDA_90_ticks,2026-10-09_02:15:11,02:15:52,ultima_local_(CBOE_directo),30827.42,292,-0.593,31064.95,31079.43,31201.83,30941.83,31041.83,-142,30800.00,31031.83,-119,30790.00,3,292,-0.593,31064.95,31079.43,31201.83,30941.83,31041.83,-142,31031.83,-119,3,5,31014.35 31018.88 31023.21 31050.71 31064.95 31081.75 31081.93 31099.66 31113.97,SI,41.435157,7.13,240.86,0.97,D1:31076.37(336.7) D2:31076.37(-500.1),D1:30993.50(108.6) D2:31076.37(-163.4),D1:31076.37(2567.2) D2:31076.37(-2156.8),D1:31076.37(410.3) D2:31117.80(-128.9),Z:31054.85(),D1:31140.86(117.6) D2:31040.86(-249),D1:31150.86(52.8) D2:31040.86(-141.7),D1:31098.69() D2:31063.98(),Z:31101.62(),31069.34 31038.22 31064.95,31076.37 31034.93 31107.92
2026-10-08 23:21,2026-10-09 02:21,I3@22:33:11,23:21:42,31067.25,41.4447,41.44466733533935,libro_CBOE_QQQ_x_razon_41.4447_(vela_alineada_al_ultimo_trade_16:14_NY_(cadena_congelada_349_min)),749.61,75,0.214,-0.761,31115.13,31023.38,31290.72,30876.28,31083.50,410,750.00,31042.06,260,749.00,vol,4,31083.50,410,02:20:56,2026-10-09 02:19:53,747.75,75,0.214,31115.13,31023.38,31290.72,30876.28,31083.50,410,31042.06,260,4,0,SI,23:21:24,31066.00,241.83,CRUDA_90_ticks,2026-10-09_02:20:11,02:20:52,ultima_local_(CBOE_directo),30824.17,292,-0.649,31064.95,31079.43,31201.83,30941.83,31041.83,-143,30800.00,31031.83,-119,30790.00,3,292,-0.649,31064.95,31079.43,31201.83,30941.83,31041.83,-143,31031.83,-119,3,4,31014.35 31018.89 31023.21 31050.71 31064.95 31081.75 31081.93 31099.66 31113.97,SI,41.435157,7.13,240.86,0.97,D1:31076.37(336.8) D2:31076.37(-500.3),D1:30993.50(108.7) D2:31076.37(-163.5),D1:31076.37(2568.4) D2:31076.37(-2157.9),D1:31076.37(410.5) D2:31117.80(-129),Z:31054.90(),D1:31140.86(117.7) D2:31040.86(-249.1),D1:31150.86(52.8) D2:31040.86(-141.7),D1:31098.69() D2:31063.98(),Z:31101.62(),31069.34 31038.22 31064.95,31076.37 31034.93 31107.94
2026-10-08 23:22,2026-10-09 02:22,I3@22:33:11,23:22:42,31074.75,41.4447,41.44466733533935,libro_CBOE_QQQ_x_razon_41.4447_(vela_alineada_al_ultimo_trade_16:14_NY_(cadena_congelada_349_min)),749.79,75,0.522,-0.729,31115.08,31023.33,31290.72,30876.28,31083.50,411,750.00,31042.06,259,749.00,vol,4,31083.50,411,02:20:56,2026-10-09 02:19:53,747.75,75,0.522,31115.08,31023.33,31290.72,30876.28,31083.50,411,31042.06,259,4,0,SI,23:22:28,31072.75,241.83,CRUDA_90_ticks,2026-10-09_02:20:11,02:20:52,ultima_local_(CBOE_directo),30830.92,292,-0.533,31064.95,31079.43,31201.83,30941.83,31041.83,-142,30800.00,31031.83,-118,30790.00,3,292,-0.533,31064.95,31079.43,31201.83,30941.83,31041.83,-142,31031.83,-118,3,5,31014.35 31018.88 31023.22 31050.71 31064.95 31081.75 31081.93 31099.66 31113.97,SI,41.435157,7.13,240.85,0.98,D1:31076.37(336.8) D2:31076.37(-500.3),D1:30993.50(109.6) D2:31076.37(-163.5),D1:31076.37(2568.4) D2:31076.37(-2157.9),D1:31076.37(410.5) D2:31117.80(-128.3),Z:31054.90(),D1:31140.85(116.8) D2:31040.85(-250.2),D1:31150.85(52.4) D2:31040.85(-142.4),D1:31098.68() D2:31063.97(),Z:31101.63(),31069.34 31038.22 31064.95,31076.37 31034.93 31107.91
2026-10-08 23:23,2026-10-09 02:23,I3@22:33:11,23:23:42,31070.75,41.4447,41.44466733533935,libro_CBOE_QQQ_x_razon_41.4447_(vela_alineada_al_ultimo_trade_16:14_NY_(cadena_congelada_349_min)),749.69,75,0.357,-0.747,31115.10,31023.35,31290.72,30876.28,31083.50,411,750.00,31042.06,260,749.00,vol,4,31083.50,411,02:20:56,2026-10-09 02:19:53,747.75,75,0.357,31115.10,31023.35,31290.72,30876.28,31083.50,411,31042.06,260,4,0,SI,23:23:34,31068.25,241.83,CRUDA_90_ticks,2026-10-09_02:20:11,02:20:52,ultima_local_(CBOE_directo),30826.42,292,-0.611,31064.95,31079.43,31201.83,30941.83,31041.83,-143,30800.00,31031.83,-119,30790.00,3,292,-0.611,31064.95,31079.43,31201.83,30941.83,31041.83,-143,31031.83,-119,3,4,31014.35 31018.88 31023.21 31050.71 31064.95 31081.75 31081.93 31099.66 31113.97,SI,41.435157,7.13,240.85,0.98,D1:31076.37(337) D2:31076.37(-500.6),D1:30993.50(109.7) D2:31076.37(-163.6),D1:31076.37(2569.6) D2:31076.37(-2158.9),D1:31076.37(410.7) D2:31117.80(-128.4),Z:31054.90(),D1:31140.85(116.9) D2:31040.85(-250.3),D1:31150.85(52.4) D2:31040.85(-142.5),D1:31098.68() D2:31063.97(),Z:31101.64(),31038.22 31036.23 31064.95,31076.37 31034.93 31107.90
2026-10-08 23:24,2026-10-09 02:24,I3@22:33:11,23:24:42,31068.00,41.4447,41.44466733533935,libro_CBOE_QQQ_x_razon_41.4447_(vela_alineada_al_ultimo_trade_16:14_NY_(cadena_congelada_349_min)),749.63,75,0.243,-0.758,31115.12,31023.37,31290.72,30876.28,31083.50,411,750.00,31042.06,260,749.00,vol,4,31083.50,411,02:20:56,2026-10-09 02:19:53,747.75,75,0.243,31115.12,31023.37,31290.72,30876.28,31083.50,411,31042.06,260,4,0,SI,23:24:38,31068.50,241.83,CRUDA_90_ticks,2026-10-09_02:20:11,02:20:52,ultima_local_(CBOE_directo),30826.67,292,-0.608,31064.95,31079.43,31201.83,30941.83,31041.83,-143,30800.00,31031.83,-119,30790.00,3,292,-0.608,31064.95,31079.43,31201.83,30941.83,31041.83,-143,31031.83,-119,3,4,31014.35 31018.88 31023.21 31050.71 31064.95 31081.75 31081.93 31099.66 31113.97,SI,41.435157,7.13,240.85,0.98,D1:31076.37(337.2) D2:31076.37(-500.9),D1:30993.50(109.5) D2:31076.37(-163.7),D1:31076.37(2571.4) D2:31076.37(-2160.4),D1:31076.37(411) D2:31117.80(-128.6),Z:31054.90(),D1:31140.85(117.2) D2:31040.85(-250.1),D1:31150.85(52.6) D2:31040.85(-142.4),D1:31098.68() D2:31063.97(),Z:31101.64(),31069.34 31038.22 31064.95,31076.37 31034.93 31107.93
2026-10-08 23:25,2026-10-09 02:25,I3@22:33:11,23:25:42,31062.50,41.4447,41.44466733533935,libro_CBOE_QQQ_x_razon_41.4447_(vela_alineada_al_ultimo_trade_16:14_NY_(cadena_congelada_349_min)),749.49,75,0.017,-0.782,31013.74,31023.41,31290.72,30876.28,31083.50,410,750.00,31042.06,261,749.00,vol,4,31083.50,410,02:20:56,2026-10-09 02:19:53,747.75,75,0.017,31013.74,31023.41,31290.72,30876.28,31083.50,410,31042.06,261,4,0,SI,23:25:40,31063.25,241.83,CRUDA_90_ticks,2026-10-09_02:20:11,02:20:52,ultima_local_(CBOE_directo),30821.42,292,-0.699,31064.95,31048.57,31201.83,30941.83,31041.83,-143,30800.00,31031.83,-120,30790.00,3,292,-0.699,31064.95,31048.57,31201.83,30941.83,31041.83,-143,31031.83,-120,3,4,31014.35 31018.89 31023.21 31050.71 31064.95 31081.75 31081.93 31099.66 31113.97,SI,41.435157,7.13,240.85,0.98,D1:31076.37(337.4) D2:31076.37(-501.2),D1:30993.50(109.5) D2:31076.37(-163.8),D1:31076.37(2572.6) D2:31076.37(-2161.4),D1:31076.37(411.2) D2:31117.80(-128.7),Z:31054.90(),D1:31140.85(117.2) D2:31040.85(-250.3),D1:31150.85(52.6) D2:31040.85(-142.5),D1:31098.68() D2:31063.96(),Z:31101.65(),31069.34 31038.22 31064.95,31076.37 31034.93 31107.96
2026-10-08 23:26,2026-10-09 02:26,I3@22:33:11,23:26:42,31073.25,41.4447,41.44466733533935,libro_CBOE_QQQ_x_razon_41.4447_(vela_alineada_al_ultimo_trade_16:14_NY_(cadena_congelada_354_min)),749.75,75,0.459,-0.737,31115.09,31023.34,31290.72,30876.28,31083.50,411,750.00,31042.06,260,749.00,vol,4,31083.50,411,02:25:56,2026-10-09 02:24:53,747.75,75,0.459,31115.09,31023.34,31290.72,30876.28,31083.50,411,31042.06,260,4,0,SI,23:26:43,31073.50,241.83,CRUDA_90_ticks,2026-10-09_02:25:12,02:25:52,ultima_local_(CBOE_directo),30831.67,292,-0.522,31081.75,31079.43,31201.83,30941.83,31041.83,-142,30800.00,31031.83,-119,30790.00,3,292,-0.522,31081.75,31079.43,31201.83,30941.83,31041.83,-142,31031.83,-119,3,5,31014.35 31018.88 31023.22 31050.71 31064.95 31081.75 31081.93 31099.66 31113.97,SI,41.435157,7.13,240.84,0.99,D1:31076.37(337.3) D2:31076.37(-501),D1:30993.50(110.3) D2:31076.37(-163.7),D1:31076.37(2571.9) D2:31076.37(-2160.7),D1:31076.37(411.1) D2:31117.80(-128.1),Z:31054.97(),D1:31140.84(116.5) D2:31040.84(-251.1),D1:31150.84(52.2) D2:31040.84(-143),D1:31098.67() D2:31063.96(),Z:31101.66(),31038.23 31036.23 31081.75,31076.37 31117.80 31107.88
2026-10-08 23:27,2026-10-09 02:27,I3@22:33:11,23:27:42,31078.50,41.4447,41.44466733533935,libro_CBOE_QQQ_x_razon_41.4447_(vela_alineada_al_ultimo_trade_16:14_NY_(cadena_congelada_354_min)),749.88,75,0.676,-0.714,31115.05,31023.30,31290.72,30876.28,31083.50,412,750.00,31042.06,259,749.00,vol,4,31083.50,412,02:25:56,2026-10-09 02:24:53,747.75,75,0.676,31115.05,31023.30,31290.72,30876.28,31083.50,412,31042.06,259,4,0,SI,23:27:46,31078.50,241.83,CRUDA_90_ticks,2026-10-09_02:25:12,02:25:52,ultima_local_(CBOE_directo),30836.67,292,-0.434,31081.75,31079.43,31201.83,30941.83,31041.83,-142,30800.00,31031.83,-118,30790.00,3,292,-0.434,31081.75,31079.43,31201.83,30941.83,31041.83,-142,31031.83,-118,3,5,31018.87 31023.22 31050.70 31064.95 31081.75 31081.93 31099.66 31113.96,SI,41.435157,7.13,240.84,0.99,D1:31076.37(337.4) D2:31076.37(-501.2),D1:30993.50(110.3) D2:31076.37(-163.8),D1:31076.37(2573.1) D2:31076.37(-2161.8),D1:31076.37(411.3) D2:31117.80(-128.1),Z:31054.97(),D1:31140.84(116.6) D2:31040.84(-251.2),D1:31150.84(52.3) D2:31040.84(-143.1),D1:31098.67() D2:31063.96(),Z:31101.66(),31038.23 31036.22 31081.75,31076.37 31117.80 31107.85
2026-10-08 23:28,2026-10-09 02:28,I3@22:33:11,23:28:42,31085.50,41.4447,41.44466733533935,libro_CBOE_QQQ_x_razon_41.4447_(vela_alineada_al_ultimo_trade_16:14_NY_(cadena_congelada_354_min)),750.05,75,0.967,-0.683,31115.01,31023.25,31290.72,30876.28,31083.50,412,750.00,31042.06,258,749.00,vol,4,31083.50,412,02:25:56,2026-10-09 02:24:53,747.75,75,0.967,31115.01,31023.25,31290.72,30876.28,31083.50,412,31042.06,258,4,1,SI,23:28:49,31082.75,241.83,CRUDA_90_ticks,2026-10-09_02:25:12,02:25:52,ultima_local_(CBOE_directo),30840.92,292,-0.359,31081.93,31085.95,31201.83,30941.83,31041.83,-141,30800.00,31031.83,-118,30790.00,3,292,-0.359,31081.93,31085.95,31201.83,30941.83,31041.83,-141,31031.83,-118,3,4,31023.23 31050.70 31064.95 31081.75 31081.93 31099.66 31113.96,SI,41.435157,7.13,240.84,0.99,D1:31076.37(338) D2:31076.37(-502),D1:30993.50(108.5) D2:31076.37(-164),D1:31076.37(2576.9) D2:31076.37(-2165),D1:31076.37(411.9) D2:31117.80(-129.7),Z:31054.97(),D1:31140.84(118.4) D2:31040.84(-249.3),D1:31150.84(53.2) D2:31040.84(-141.8),D1:31098.67() D2:31063.96(),Z:31101.67(),31038.23 31036.22 31081.93,31076.37 31117.80 31107.84
2026-10-08 23:29,2026-10-09 02:29,I3@22:33:11,23:29:43,31078.75,41.4447,41.44466733533935,libro_CBOE_QQQ_x_razon_41.4447_(vela_alineada_al_ultimo_trade_16:14_NY_(cadena_congelada_354_min)),749.89,75,0.686,-0.713,31115.05,31023.30,31290.72,30876.28,31083.50,412,750.00,31042.06,260,749.00,vol,4,31083.50,412,02:25:56,2026-10-09 02:24:53,747.75,75,0.686,31115.05,31023.30,31290.72,30876.28,31083.50,412,31042.06,260,4,0,SI,23:29:50,31080.50,241.83,CRUDA_90_ticks,2026-10-09_02:25:12,02:25:52,ultima_local_(CBOE_directo),30838.67,292,-0.399,31081.75,31079.42,31201.83,30941.83,31041.83,-142,30800.00,31031.83,-118,30790.00,3,292,-0.399,31081.75,31079.42,31201.83,30941.83,31041.83,-142,31031.83,-118,3,5,31018.87 31023.23 31050.70 31064.95 31081.75 31081.93 31099.66 31113.96,SI,41.435157,7.13,240.84,0.99,D1:31076.37(338.1) D2:31076.37(-502.2),D1:30993.50(108.6) D2:31076.37(-164.1),D1:31076.37(2578.1) D2:31076.37(-2166.1),D1:31076.37(412.1) D2:31117.80(-129.8),Z:31054.97(),D1:31140.84(118.5) D2:31040.84(-249.4),D1:31150.84(53.2) D2:31040.84(-141.8),D1:31098.67() D2:31063.96(),Z:31101.68(),31038.23 31036.22 31081.75,31076.37 31117.80 31107.86
2026-10-08 23:30,2026-10-09 02:30,I3@22:33:11,23:30:44,31078.50,41.4447,41.44466733533935,libro_CBOE_QQQ_x_razon_41.4447_(vela_alineada_al_ultimo_trade_16:14_NY_(cadena_congelada_354_min)),749.88,75,0.675,-0.715,31115.05,31023.30,31290.72,30876.28,31083.50,412,750.00,31042.06,260,749.00,vol,4,31083.50,412,02:25:56,2026-10-09 02:24:53,747.75,75,0.675,31115.05,31023.30,31290.72,30876.28,31083.50,412,31042.06,260,4,0,SI,23:30:50,31078.25,241.83,CRUDA_90_ticks,2026-10-09_02:25:12,02:25:52,ultima_local_(CBOE_directo),30836.42,292,-0.440,31081.75,31079.43,31201.83,30941.83,31041.83,-142,30800.00,31031.83,-118,30790.00,3,292,-0.440,31081.75,31079.43,31201.83,30941.83,31041.83,-142,31031.83,-118,3,5,31018.87 31023.22 31050.70 31064.95 31081.75 31081.93 31099.66 31113.96,SI,41.435157,7.13,240.83,1.00,D1:31076.37(338.2) D2:31076.37(-502.3),D1:30993.50(108) D2:31076.37(-164.1),D1:31076.37(2578.6) D2:31076.37(-2166.4),D1:31076.37(412.2) D2:31117.80(-130.3),Z:31054.97(),D1:31140.83(119.1) D2:31040.83(-248.6),D1:31150.83(53.5) D2:31040.83(-141.3),D1:31098.67() D2:31063.96(),Z:31101.69(),31038.23 31036.22 31081.75,31076.37 31117.80 31107.86
2026-10-08 23:31,2026-10-09 02:31,I3@22:33:11,23:31:45,31076.50,41.4447,41.44466733533935,libro_CBOE_QQQ_x_razon_41.4447_(vela_alineada_al_ultimo_trade_16:14_NY_(cadena_congelada_359_min)),749.83,75,0.592,-0.724,31115.07,31023.31,31290.72,30876.28,31083.50,413,750.00,31042.06,260,749.00,vol,4,31083.50,413,02:30:57,2026-10-09 02:29:53,747.75,75,0.592,31115.07,31023.31,31290.72,30876.28,31083.50,413,31042.06,260,4,0,SI,23:31:52,31077.00,241.83,CRUDA_90_ticks,2026-10-09_02:30:12,02:30:53,ultima_local_(CBOE_directo),30835.17,292,-0.462,31081.75,31079.43,31201.83,30941.83,31041.83,-142,30800.00,31031.83,-118,30790.00,3,292,-0.462,31081.75,31079.43,31201.83,30941.83,31041.83,-142,31031.83,-118,3,5,31018.87 31023.22 31050.70 31064.95 31081.75 31081.93 31099.66 31113.96,SI,41.435157,7.13,240.83,1.00,D1:31076.37(338.3) D2:31076.37(-502.6),D1:30993.50(108) D2:31076.37(-164.2),D1:31076.37(2579.8) D2:31076.37(-2167.4),D1:31076.37(412.4) D2:31117.80(-130.3),Z:31055.04(),D1:31140.83(119.1) D2:31040.83(-248.7),D1:31150.83(53.6) D2:31040.83(-141.4),D1:31098.67() D2:31063.95(),Z:31101.69(),31038.23 31036.23 31081.75,31076.37 31117.80 31107.88
2026-10-08 23:32,2026-10-09 02:32,I3@22:33:11,23:32:46,31082.75,41.4447,41.44466733533935,libro_CBOE_QQQ_x_razon_41.4447_(vela_alineada_al_ultimo_trade_16:14_NY_(cadena_congelada_359_min)),749.98,75,0.852,-0.697,31115.03,31023.27,31290.72,30876.28,31083.50,413,750.00,31042.06,259,749.00,vol,4,31083.50,413,02:30:57,2026-10-09 02:29:53,747.75,75,0.852,31115.03,31023.27,31290.72,30876.28,31083.50,413,31042.06,259,4,0,SI,23:32:53,31082.50,241.83,CRUDA_90_ticks,2026-10-09_02:30:12,02:30:53,ultima_local_(CBOE_directo),30840.67,292,-0.365,31081.93,31079.42,31201.83,30941.83,31041.83,-141,30800.00,31031.83,-118,30790.00,3,292,-0.365,31081.93,31079.42,31201.83,30941.83,31041.83,-141,31031.83,-118,3,4,31023.23 31050.70 31064.95 31081.75 31081.93 31099.66 31113.96,SI,41.435157,7.13,240.83,1.00,D1:31076.37(338.6) D2:31076.37(-502.9),D1:30993.50(108.6) D2:31076.37(-164.4),D1:31076.37(2581.8) D2:31076.37(-2169.1),D1:31076.37(412.7) D2:31117.80(-130.1),Z:31055.04(),D1:31140.83(118.8) D2:31040.83(-249.6),D1:31150.83(53.4) D2:31040.83(-141.9),D1:31098.66() D2:31063.95(),Z:31101.70(),31038.23 31036.22 31081.93,31076.37 31117.80 31107.84
2026-10-08 23:33,2026-10-09 02:33,I3@22:33:11,23:33:46,31080.00,41.4447,41.44466733533935,libro_CBOE_QQQ_x_razon_41.4447_(vela_alineada_al_ultimo_trade_16:14_NY_(cadena_congelada_359_min)),749.92,75,0.737,-0.709,31115.04,31023.29,31290.72,30876.28,31083.50,413,750.00,31042.06,260,749.00,vol,4,31083.50,413,02:30:57,2026-10-09 02:29:53,747.75,75,0.737,31115.04,31023.29,31290.72,30876.28,31083.50,413,31042.06,260,4,0,SI,23:33:54,31080.00,241.83,CRUDA_90_ticks,2026-10-09_02:30:12,02:30:53,ultima_local_(CBOE_directo),30838.17,292,-0.410,31081.75,31079.42,31201.83,30941.83,31041.83,-142,30800.00,31031.83,-118,30790.00,3,292,-0.410,31081.75,31079.42,31201.83,30941.83,31041.83,-142,31031.83,-118,3,5,31018.87 31023.22 31050.70 31064.95 31081.75 31081.93 31099.66 31113.96,SI,41.435157,7.13,240.83,1.00,D1:31076.37(338.7) D2:31076.37(-503.2),D1:30993.50(108.7) D2:31076.37(-164.4),D1:31076.37(2583) D2:31076.37(-2170.1),D1:31076.37(412.9) D2:31117.80(-130.1),Z:31055.04(),D1:31140.83(118.8) D2:31040.83(-249.7),D1:31150.83(53.4) D2:31040.83(-142),D1:31098.66() D2:31063.95(),Z:31101.71(),31038.23 31036.22 31081.75,31076.37 31117.80 31107.86
2026-10-08 23:34,2026-10-09 02:34,I3@22:33:11,23:34:46,31080.75,41.4447,41.44466733533935,libro_CBOE_QQQ_x_razon_41.4447_(vela_alineada_al_ultimo_trade_16:14_NY_(cadena_congelada_359_min)),749.93,75,0.768,-0.706,31115.04,31023.28,31290.72,30876.28,31083.50,413,750.00,31042.06,260,749.00,vol,4,31083.50,413,02:30:57,2026-10-09 02:29:53,747.75,75,0.768,31115.04,31023.28,31290.72,30876.28,31083.50,413,31042.06,260,4,0,SI,23:34:59,31079.50,241.83,CRUDA_90_ticks,2026-10-09_02:30:12,02:30:53,ultima_local_(CBOE_directo),30837.67,292,-0.419,31081.75,31079.42,31201.83,30941.83,31041.83,-142,30800.00,31031.83,-118,30790.00,3,292,-0.419,31081.75,31079.42,31201.83,30941.83,31041.83,-142,31031.83,-118,3,5,31018.87 31023.22 31050.70 31064.95 31081.75 31081.93 31099.66 31113.96,SI,41.435157,7.13,240.83,1.00,D1:31076.37(338.9) D2:31076.37(-503.4),D1:30993.50(108.4) D2:31076.37(-164.5),D1:31076.37(2583.9) D2:31076.37(-2170.9),D1:31076.37(413) D2:31117.80(-130.4),Z:31055.04(),D1:31140.83(119.1) D2:31040.83(-249.5),D1:31150.83(53.5) D2:31040.83(-141.8),D1:31098.66() D2:31063.95(),Z:31101.71(),31038.23 31036.22 31081.75,31076.37 31117.80 31107.86
2026-10-08 23:35,2026-10-09 02:35,I3@22:33:11,23:35:46,31080.75,41.4447,41.44466733533935,libro_CBOE_QQQ_x_razon_41.4447_(vela_alineada_al_ultimo_trade_16:14_NY_(cadena_congelada_359_min)),749.93,75,0.768,-0.706,31115.04,31023.28,31290.72,30876.28,31083.50,413,750.00,31042.06,260,749.00,vol,4,31083.50,413,02:30:57,2026-10-09 02:29:53,747.75,75,0.768,31115.04,31023.28,31290.72,30876.28,31083.50,413,31042.06,260,4,0,SI,,,,,,,,,,,,,,,,,,,,,,,,,,,,,,,,,,,,41.435157,7.13,240.82,,D1:31076.37(339) D2:31076.37(-503.6),D1:30993.50(108.5) D2:31076.37(-164.6),D1:31076.37(2585.2) D2:31076.37(-2172),D1:31076.37(413.2) D2:31117.80(-130.4),Z:31055.04(),D1:31140.82(119.1) D2:31040.82(-249.6),D1:31150.82(53.6) D2:31040.82(-141.9),D1:31098.66() D2:31063.94(),Z:31101.72(),31038.23 31036.22 31081.75,31076.37 31117.80 31107.86
2026-10-08 23:36,2026-10-09 02:36,I3@22:33:11,23:36:48,31079.00,41.4447,41.44466733533935,libro_CBOE_QQQ_x_razon_41.4447_(vela_alineada_al_ultimo_trade_16:14_NY_(cadena_congelada_364_min)),749.89,75,0.695,-0.714,31115.05,31023.29,31290.72,30876.28,31083.50,414,750.00,31042.06,260,749.00,vol,4,31083.50,414,02:35:56,2026-10-09 02:34:53,747.75,75,0.695,31115.05,31023.29,31290.72,30876.28,31083.50,414,31042.06,260,4,0,SI,23:36:02,31080.50,241.83,CRUDA_90_ticks,2026-10-09_02:30:12,02:30:53,ultima_local_(CBOE_directo),30838.67,292,-0.402,31081.75,31079.42,31201.83,30941.83,31041.83,-142,30800.00,31031.83,-118,30790.00,3,292,-0.402,31081.75,31079.42,31201.83,30941.83,31041.83,-142,31031.83,-118,3,5,31018.87 31023.23 31050.70 31064.95 31081.75 31081.93 31099.66 31113.96,SI,41.435157,7.13,240.82,1.01,D1:31076.37(339.1) D2:31076.37(-503.7),D1:30993.50(108) D2:31076.37(-164.6),D1:31076.37(2585.5) D2:31076.37(-2172.2),D1:31076.37(413.3) D2:31117.80(-130.8),Z:31055.11(),D1:31140.82(119.6) D2:31040.82(-249),D1:31150.82(53.8) D2:31040.82(-141.5),D1:31098.65() D2:31063.94(),Z:31101.73(),31038.23 31036.22 31081.75,31076.37 31117.80 31107.86
2026-10-08 23:37,2026-10-09 02:37,I3@22:33:11,23:37:48,31077.00,41.4447,41.44466733533935,libro_CBOE_QQQ_x_razon_41.4447_(vela_alineada_al_ultimo_trade_16:14_NY_(cadena_congelada_364_min)),749.84,75,0.611,-0.723,31115.06,31023.31,31290.72,30876.28,31083.50,414,750.00,31042.06,261,749.00,vol,4,31083.50,414,02:35:56,2026-10-09 02:34:53,747.75,75,0.611,31115.06,31023.31,31290.72,30876.28,31083.50,414,31042.06,261,4,0,SI,23:37:03,31080.00,241.83,CRUDA_90_ticks,2026-10-09_02:35:12,02:35:52,ultima_local_(CBOE_directo),30838.17,292,-0.411,31081.75,31079.42,31201.83,30941.83,31041.83,-142,30800.00,31031.83,-118,30790.00,3,292,-0.411,31081.75,31079.42,31201.83,30941.83,31041.83,-142,31031.83,-118,3,5,31018.87 31023.22 31050.70 31064.95 31081.75 31081.93 31099.66 31113.96,SI,41.435157,7.13,240.82,1.01,D1:31076.37(339.2) D2:31076.37(-503.9),D1:30993.50(108.1) D2:31076.37(-164.7),D1:31076.37(2586.7) D2:31076.37(-2173.2),D1:31076.37(413.5) D2:31117.80(-130.8),Z:31055.11(),D1:31140.82(119.6) D2:31040.82(-249.2),D1:31150.82(53.8) D2:31040.82(-141.6),D1:31098.65() D2:31063.94(),Z:31101.73(),31038.23 31036.23 31081.75,31076.37 31034.93 31107.88
2026-10-08 23:38,2026-10-09 02:38,I3@22:33:11,23:38:49,31065.75,41.4447,41.44466733533935,libro_CBOE_QQQ_x_razon_41.4447_(vela_alineada_al_ultimo_trade_16:14_NY_(cadena_congelada_364_min)),749.57,75,0.144,-0.771,31115.14,31023.38,31290.72,30876.28,31083.50,413,750.00,31042.06,262,749.00,vol,4,31083.50,413,02:35:56,2026-10-09 02:34:53,747.75,75,0.144,31115.14,31023.38,31290.72,30876.28,31083.50,413,31042.06,262,4,0,SI,23:38:06,31075.50,241.83,CRUDA_90_ticks,2026-10-09_02:35:12,02:35:52,ultima_local_(CBOE_directo),30833.67,292,-0.491,31081.75,31079.43,31201.83,30941.83,31041.83,-143,30800.00,31031.83,-119,30790.00,3,292,-0.491,31081.75,31079.43,31201.83,30941.83,31041.83,-143,31031.83,-119,3,5,31014.35 31018.87 31023.22 31050.70 31064.95 31081.75 31081.93 31099.66 31113.97,SI,41.435157,7.13,240.82,1.01,D1:31076.37(339.5) D2:31076.37(-504.3),D1:30993.50(108.8) D2:31076.37(-164.8),D1:31076.37(2589) D2:31076.37(-2175.1),D1:31076.37(413.8) D2:31117.80(-130.5),Z:31055.11(),D1:31140.82(119.2) D2:31040.82(-250.1),D1:31150.82(53.6) D2:31040.82(-142.2),D1:31098.65() D2:31063.94(),Z:31101.74(),31069.34 31038.22 31064.95,31076.37 31034.93 31107.93
2026-10-08 23:39,2026-10-09 02:39,I3@22:33:11,23:39:50,31062.25,41.4447,41.44466733533935,libro_CBOE_QQQ_x_razon_41.4447_(vela_alineada_al_ultimo_trade_16:14_NY_(cadena_congelada_364_min)),749.49,75,-0.002,-0.785,31013.74,31023.41,31290.72,30876.28,31083.50,413,750.00,31042.06,263,749.00,vol,4,31083.50,413,02:35:56,2026-10-09 02:34:53,747.75,75,-0.002,31013.74,31023.41,31290.72,30876.28,31083.50,413,31042.06,263,4,0,SI,23:39:11,31067.50,241.83,CRUDA_90_ticks,2026-10-09_02:35:12,02:35:52,ultima_local_(CBOE_directo),30825.67,292,-0.632,31064.95,31079.43,31201.83,30941.83,31041.83,-144,30800.00,31031.83,-120,30790.00,3,292,-0.632,31064.95,31079.43,31201.83,30941.83,31041.83,-144,31031.83,-120,3,4,31014.35 31018.88 31023.21 31050.71 31064.95 31081.75 31081.93 31099.66 31113.97,SI,41.435157,7.13,240.81,1.02,D1:31076.37(339.7) D2:31076.37(-504.6),D1:30993.50(108.8) D2:31076.37(-164.9),D1:31076.37(2590.2) D2:31076.37(-2176.2),D1:31076.37(414) D2:31117.80(-130.6),Z:31055.11(),D1:31140.81(119.2) D2:31040.81(-250.2),D1:31150.81(53.6) D2:31040.81(-142.3),D1:31098.65() D2:31063.93(),Z:31101.75(),31069.34 31038.22 31064.95,31076.37 31034.93 31107.97
2026-10-08 23:40,2026-10-09 02:40,I3@22:33:11,23:40:50,31068.00,41.4447,41.44466733533935,libro_CBOE_QQQ_x_razon_41.4447_(vela_alineada_al_ultimo_trade_16:14_NY_(cadena_congelada_364_min)),749.63,75,0.236,-0.762,31115.13,31023.37,31290.72,30876.28,31083.50,414,750.00,31042.06,262,749.00,vol,4,31083.50,414,02:35:56,2026-10-09 02:34:53,747.75,75,0.236,31115.13,31023.37,31290.72,30876.28,31083.50,414,31042.06,262,4,0,SI,23:40:15,31064.75,241.83,CRUDA_90_ticks,2026-10-09_02:35:12,02:35:52,ultima_local_(CBOE_directo),30822.92,292,-0.681,31064.95,31079.43,31201.83,30941.83,31041.83,-144,30800.00,31031.83,-120,30790.00,3,292,-0.681,31064.95,31079.43,31201.83,30941.83,31041.83,-144,31031.83,-120,3,4,31014.35 31018.89 31023.21 31050.71 31064.95 31081.75 31081.93 31099.66 31113.97,SI,41.435157,7.13,240.81,1.02,D1:31076.37(339.6) D2:31076.37(-504.5),D1:30993.50(110.8) D2:31076.37(-164.8),D1:31076.37(2589.6) D2:31076.37(-2175.6),D1:31076.37(413.9) D2:31117.80(-129),Z:31055.11(),D1:31140.81(117.4) D2:31040.81(-252.6),D1:31150.81(52.6) D2:31040.81(-143.9),D1:31098.64() D2:31063.93(),Z:31101.75(),31069.34 31038.22 31064.95,31076.37 31034.93 31107.93
2026-10-08 23:41,2026-10-09 02:41,I3@22:33:11,23:41:51,31072.00,41.4447,41.44466733533935,libro_CBOE_QQQ_x_razon_41.4447_(vela_alineada_al_ultimo_trade_16:14_NY_(cadena_congelada_364_min)),749.72,75,0.402,-0.745,31115.10,31023.34,31290.72,30876.28,31083.50,414,750.00,31042.06,262,749.00,vol,4,31083.50,414,02:40:58,2026-10-09 02:40:53,747.75,75,0.402,31115.10,31023.34,31290.72,30876.28,31083.50,414,31042.06,262,4,0,SI,23:41:21,31069.75,241.83,CRUDA_90_ticks,2026-10-09_02:35:12,02:35:52,ultima_local_(CBOE_directo),30827.92,292,-0.594,31064.95,31079.43,31201.83,30941.83,31041.83,-144,30800.00,31031.83,-120,30790.00,3,292,-0.594,31064.95,31079.43,31201.83,30941.83,31041.83,-144,31031.83,-120,3,5,31014.35 31018.88 31023.21 31050.71 31064.95 31081.75 31081.93 31099.66 31113.97,SI,41.435157,7.13,240.81,1.02,D1:31076.37(339.8) D2:31076.37(-504.7),D1:30993.50(110.8) D2:31076.37(-164.9),D1:31076.37(2590.9) D2:31076.37(-2176.7),D1:31076.37(414.2) D2:31117.80(-129.1),Z:31055.18(),D1:31140.81(117.5) D2:31040.81(-252.7),D1:31150.81(52.7) D2:31040.81(-143.9),D1:31098.64() D2:31063.93(),Z:31101.76(),31069.34 31038.22 31064.95,31076.37 31034.93 31107.91
2026-10-08 23:42,2026-10-09 02:42,I3@22:33:11,23:42:52,31075.25,41.4447,41.44466733533935,libro_CBOE_QQQ_x_razon_41.4447_(vela_alineada_al_ultimo_trade_16:14_NY_(cadena_congelada_370_min)),749.80,75,0.537,-0.731,31115.08,31023.32,31290.72,30876.28,31083.50,415,750.00,31042.06,262,749.00,vol,4,31083.50,415,02:40:58,2026-10-09 02:40:53,747.75,75,0.537,31115.08,31023.32,31290.72,30876.28,31083.50,415,31042.06,262,4,0,SI,23:42:25,31076.00,241.83,CRUDA_90_ticks,2026-10-09_02:40:12,02:40:52,ultima_local_(CBOE_directo),30834.17,292,-0.484,31081.75,31079.43,31201.83,30941.83,31041.83,-143,30800.00,31031.83,-119,30790.00,3,292,-0.484,31081.75,31079.43,31201.83,30941.83,31041.83,-143,31031.83,-119,3,5,31014.35 31018.87 31023.22 31050.70 31064.95 31081.75 31081.93 31099.66 31113.97,SI,41.435157,7.13,240.81,1.02,D1:31076.37(340.2) D2:31076.37(-505.4),D1:30993.50(109.6) D2:31076.37(-165.2),D1:31076.37(2594.3) D2:31076.37(-2179.6),D1:31076.37(414.7) D2:31117.80(-130.3),Z:31055.18(),D1:31140.81(118.8) D2:31040.81(-251.5),D1:31150.81(53.3) D2:31040.81(-143.1),D1:31098.64() D2:31063.93(),Z:31101.77(),31038.22 31036.23 31081.75,31076.37 31034.93 31107.89
2026-10-08 23:43,2026-10-09 02:43,I3@22:33:11,23:43:52,31078.75,41.4447,41.44466733533935,libro_CBOE_QQQ_x_razon_41.4447_(vela_alineada_al_ultimo_trade_16:14_NY_(cadena_congelada_370_min)),749.89,75,0.683,-0.716,31115.05,31023.29,31290.72,30876.28,31083.50,415,750.00,31042.06,261,749.00,vol,4,31083.50,415,02:40:58,2026-10-09 02:40:53,747.75,75,0.683,31115.05,31023.29,31290.72,30876.28,31083.50,415,31042.06,261,4,0,SI,23:43:30,31077.50,241.83,CRUDA_90_ticks,2026-10-09_02:40:12,02:40:52,ultima_local_(CBOE_directo),30835.67,292,-0.458,31081.75,31079.43,31201.83,30941.83,31041.83,-143,30800.00,31031.83,-119,30790.00,3,292,-0.458,31081.75,31079.43,31201.83,30941.83,31041.83,-143,31031.83,-119,3,5,31018.87 31023.22 31050.70 31064.95 31081.75 31081.93 31099.66 31113.96,SI,41.435157,7.13,240.80,1.03,D1:31076.37(340.4) D2:31076.37(-505.6),D1:30993.50(109.7) D2:31076.37(-165.2),D1:31076.37(2595.5) D2:31076.37(-2180.7),D1:31076.37(414.9) D2:31117.80(-130.3),Z:31055.18(),D1:31140.80(118.8) D2:31040.80(-251.6),D1:31150.80(53.4) D2:31040.80(-143.1),D1:31098.64() D2:31063.92(),Z:31101.77(),31038.23 31036.22 31081.75,31076.37 31117.80 31107.86
2026-10-08 23:44,2026-10-09 02:44,I3@22:33:11,23:44:52,31081.00,41.4447,41.44466733533935,libro_CBOE_QQQ_x_razon_41.4447_(vela_alineada_al_ultimo_trade_16:14_NY_(cadena_congelada_370_min)),749.94,75,0.777,-0.707,31115.04,31023.28,31290.72,30876.28,31083.50,415,750.00,31042.06,261,749.00,vol,4,31083.50,415,02:40:58,2026-10-09 02:40:53,747.75,75,0.777,31115.04,31023.28,31290.72,30876.28,31083.50,415,31042.06,261,4,0,SI,23:44:35,31078.75,241.83,CRUDA_90_ticks,2026-10-09_02:40:12,02:40:52,ultima_local_(CBOE_directo),30836.92,292,-0.436,31081.75,31079.43,31201.83,30941.83,31041.83,-143,30800.00,31031.83,-119,30790.00,3,292,-0.436,31081.75,31079.43,31201.83,30941.83,31041.83,-143,31031.83,-119,3,5,31018.87 31023.22 31050.70 31064.95 31081.75 31081.93 31099.66 31113.96,SI,41.435157,7.13,240.80,1.03,D1:31076.37(340.5) D2:31076.37(-505.8),D1:30993.50(109) D2:31076.37(-165.3),D1:31076.37(2596.4) D2:31076.37(-2181.4),D1:31076.37(415) D2:31117.80(-130.9),Z:31055.18(),D1:31140.80(119.6) D2:31040.80(-250.7),D1:31150.80(53.7) D2:31040.80(-142.5),D1:31098.63() D2:31063.92(),Z:31101.78(),31038.23 31036.22 31081.75,31076.37 31117.80 31107.86
2026-10-08 23:45,2026-10-09 02:45,I3@22:33:11,23:45:52,31076.75,41.4447,41.44466733533935,libro_CBOE_QQQ_x_razon_41.4447_(vela_alineada_al_ultimo_trade_16:14_NY_(cadena_congelada_370_min)),749.84,75,0.599,-0.725,31115.07,31023.31,31290.72,30876.28,31083.50,415,750.00,31042.06,262,749.00,vol,4,31083.50,415,02:40:58,2026-10-09 02:40:53,747.75,75,0.599,31115.07,31023.31,31290.72,30876.28,31083.50,415,31042.06,262,4,0,SI,23:45:37,31080.75,241.83,CRUDA_90_ticks,2026-10-09_02:42:12,02:43:11,ultima_por_raw_(cache_5_min),30838.92,292,-0.401,31081.75,31079.42,31201.83,30941.83,31041.83,-143,30800.00,31031.83,-119,30790.00,3,292,-0.401,31081.75,31079.42,31201.83,30941.83,31041.83,-143,31031.83,-119,3,5,31023.23 31050.70 31064.95 31081.75 31081.93 31099.66 31113.96,SI,41.435157,7.13,240.80,1.03,D1:31076.37(340.7) D2:31076.37(-506),D1:30993.50(109) D2:31076.37(-165.4),D1:31076.37(2597.7) D2:31076.37(-2182.5),D1:31076.37(415.2) D2:31117.80(-131),Z:31055.18(),D1:31140.80(119.6) D2:31040.80(-250.8),D1:31150.80(53.8) D2:31040.80(-142.6),D1:31098.63() D2:31063.92(),Z:31101.79(),31038.23 31036.23 31081.75,31076.37 31034.93 31107.88
2026-10-08 23:46,2026-10-09 02:46,I3@22:33:11,23:46:53,31079.75,41.4447,41.44466733533935,libro_CBOE_QQQ_x_razon_41.4447_(vela_alineada_al_ultimo_trade_16:14_NY_(cadena_congelada_374_min)),749.91,75,0.725,-0.713,31115.05,31023.29,31290.72,30876.28,31083.50,416,750.00,31042.06,261,749.00,vol,4,31083.50,416,02:45:57,2026-10-09 02:44:53,747.75,75,0.725,31115.05,31023.29,31290.72,30876.28,31083.50,416,31042.06,261,4,0,SI,23:46:41,31079.00,241.83,CRUDA_90_ticks,2026-10-09_02:45:13,02:45:53,ultima_local_(CBOE_directo),30837.17,292,-0.433,31081.75,31079.42,31201.83,30941.83,31041.83,-143,30800.00,31031.83,-119,30790.00,3,292,-0.433,31081.75,31079.42,31201.83,30941.83,31041.83,-143,31031.83,-119,3,5,31018.87 31023.22 31050.70 31064.95 31081.75 31081.93 31099.66 31113.96,SI,41.435157,7.13,240.80,1.03,D1:31076.37(340.9) D2:31076.37(-506.4),D1:30993.50(109.4) D2:31076.37(-165.5),D1:31076.37(2599.3) D2:31076.37(-2183.8),D1:31076.37(415.5) D2:31117.80(-130.8),Z:31055.25(),D1:31140.80(119.3) D2:31040.80(-251.5),D1:31150.80(53.6) D2:31040.80(-143),D1:31098.63() D2:31063.92(),Z:31101.79(),31038.23 31036.23 31081.75,31076.37 31034.93 31107.88
2026-10-08 23:47,2026-10-09 02:47,I3@22:33:11,23:47:54,31076.75,41.4447,41.44466733533935,libro_CBOE_QQQ_x_razon_41.4447_(vela_alineada_al_ultimo_trade_16:14_NY_(cadena_congelada_374_min)),749.84,75,0.598,-0.726,31115.07,31023.31,31290.72,30876.28,31083.50,416,750.00,31042.06,262,749.00,vol,4,31083.50,416,02:45:57,2026-10-09 02:44:53,747.75,75,0.598,31115.07,31023.31,31290.72,30876.28,31083.50,416,31042.06,262,4,0,SI,23:47:46,31075.00,241.83,CRUDA_90_ticks,2026-10-09_02:45:13,02:45:53,ultima_local_(CBOE_directo),30833.17,292,-0.504,31081.75,31079.43,31201.83,30941.83,31041.83,-143,30800.00,31031.83,-120,30790.00,3,292,-0.504,31081.75,31079.43,31201.83,30941.83,31041.83,-143,31031.83,-120,3,5,31014.35 31018.87 31023.22 31050.70 31064.95 31081.75 31081.93 31099.66 31113.97,SI,41.435157,7.13,240.79,1.04,D1:31076.37(341) D2:31076.37(-506.6),D1:30993.50(109.5) D2:31076.37(-165.6),D1:31076.37(2600.5) D2:31076.37(-2184.9),D1:31076.37(415.7) D2:31117.80(-130.8),Z:31055.25(),D1:31140.79(119.4) D2:31040.79(-251.6),D1:31150.79(53.6) D2:31040.79(-143.1),D1:31098.63() D2:31063.91(),Z:31101.80(),31038.23 31036.23 31081.75,31076.37 31117.80 31107.88
2026-10-08 23:48,2026-10-09 02:48,I3@22:33:11,23:48:55,31082.00,41.4447,41.44466733533935,libro_CBOE_QQQ_x_razon_41.4447_(vela_alineada_al_ultimo_trade_16:14_NY_(cadena_congelada_374_min)),749.96,75,0.819,-0.703,31115.03,31023.27,31290.72,30876.28,31083.50,416,750.00,31042.06,261,749.00,vol,4,31083.50,416,02:45:57,2026-10-09 02:44:53,747.75,75,0.819,31115.03,31023.27,31290.72,30876.28,31083.50,416,31042.06,261,4,0,SI,23:48:50,31082.50,241.83,CRUDA_90_ticks,2026-10-09_02:45:13,02:45:53,ultima_local_(CBOE_directo),30840.67,292,-0.371,31081.93,31079.42,31201.83,30941.83,31041.83,-143,30800.00,31031.83,-119,30790.00,3,292,-0.371,31081.93,31079.42,31201.83,30941.83,31041.83,-143,31031.83,-119,3,4,31023.23 31050.70 31064.95 31081.75 31081.93 31099.66 31113.96,SI,41.435157,7.13,240.79,1.04,D1:31076.37(341.2) D2:31076.37(-506.9),D1:30993.50(109.6) D2:31076.37(-165.6),D1:31076.37(2601.8) D2:31076.37(-2186),D1:31076.37(415.9) D2:31117.80(-130.9),Z:31055.25(),D1:31140.79(119.4) D2:31040.79(-251.7),D1:31150.79(53.6) D2:31040.79(-143.2),D1:31098.62() D2:31063.91(),Z:31101.81(),31038.23 31036.23 31081.75,31076.37 31117.80 31107.88
2026-10-08 23:49,2026-10-09 02:49,I3@22:33:11,23:49:55,31081.75,41.4447,41.44466733533935,libro_CBOE_QQQ_x_razon_41.4447_(vela_alineada_al_ultimo_trade_16:14_NY_(cadena_congelada_374_min)),749.96,75,0.808,-0.705,31115.04,31023.27,31290.72,30876.28,31083.50,416,750.00,31042.06,261,749.00,vol,4,31083.50,416,02:45:57,2026-10-09 02:44:53,747.75,75,0.808,31115.04,31023.27,31290.72,30876.28,31083.50,416,31042.06,261,4,0,SI,23:49:55,31081.75,241.83,CRUDA_90_ticks,2026-10-09_02:45:13,02:45:53,ultima_local_(CBOE_directo),30839.92,292,-0.385,31081.75,31079.42,31201.83,30941.83,31041.83,-143,30800.00,31031.83,-119,30790.00,3,292,-0.385,31081.75,31079.42,31201.83,30941.83,31041.83,-143,31031.83,-119,3,4,31023.23 31050.70 31064.95 31081.75 31081.93 31099.66 31113.96,SI,41.435157,7.13,240.79,1.04,D1:31076.37(341.4) D2:31076.37(-507.1),D1:30993.50(109.6) D2:31076.37(-165.7),D1:31076.37(2603.1) D2:31076.37(-2187),D1:31076.37(416.1) D2:31117.80(-130.9),Z:31055.25(),D1:31140.79(119.5) D2:31040.79(-251.9),D1:31150.79(53.7) D2:31040.79(-143.2),D1:31098.62() D2:31063.91(),Z:31101.81(),31038.23 31036.22 31081.93,31076.37 31117.80 31107.85
2026-10-08 23:50,2026-10-09 02:50,I3@22:33:11,23:50:55,31079.75,41.4447,41.44466733533935,libro_CBOE_QQQ_x_razon_41.4447_(vela_alineada_al_ultimo_trade_16:14_NY_(cadena_congelada_374_min)),749.91,75,0.724,-0.714,31115.05,31023.28,31290.72,30876.28,31083.50,416,750.00,31042.06,262,749.00,vol,4,31083.50,416,02:45:57,2026-10-09 02:44:53,747.75,75,0.724,31115.05,31023.28,31290.72,30876.28,31083.50,416,31042.06,262,4,0,SI,23:50:55,31079.75,241.83,CRUDA_90_ticks,2026-10-09_02:45:13,02:45:53,ultima_local_(CBOE_directo),30837.92,292,-0.421,31081.75,31079.42,31201.83,30941.83,31041.83,-143,30800.00,31031.83,-119,30790.00,3,292,-0.421,31081.75,31079.42,31201.83,30941.83,31041.83,-143,31031.83,-119,3,5,31018.87 31023.23 31050.70 31064.95 31081.75 31081.93 31099.66 31113.96,SI,41.435157,7.13,240.79,1.04,D1:31076.37(341.4) D2:31076.37(-507.1),D1:30993.50(108.7) D2:31076.37(-165.7),D1:31076.37(2603.1) D2:31076.37(-2187),D1:31076.37(416.1) D2:31117.80(-131.6),Z:31055.25(),D1:31140.79(120.3) D2:31040.79(-250.7),D1:31150.79(54.1) D2:31040.79(-142.4),D1:31098.62() D2:31063.91(),Z:31101.82(),31038.23 31036.22 31081.75,31076.37 31117.80 31107.87
2026-10-08 23:51,2026-10-09 02:51,I3@22:33:11,23:51:56,31071.25,41.4447,41.44466733533935,libro_CBOE_QQQ_x_razon_41.4447_(vela_alineada_al_ultimo_trade_16:14_NY_(cadena_congelada_379_min)),749.70,75,0.367,-0.750,31115.11,31023.34,31290.72,30876.28,31083.50,416,750.00,31042.06,263,749.00,vol,4,31083.50,416,02:50:57,2026-10-09 02:49:54,747.75,75,0.367,31115.11,31023.34,31290.72,30876.28,31083.50,416,31042.06,263,4,0,SI,23:51:58,31071.00,241.83,CRUDA_90_ticks,2026-10-09_02:50:13,02:50:52,ultima_local_(CBOE_directo),30829.17,292,-0.577,31064.95,31079.43,31201.83,30941.83,31041.83,-144,30800.00,31031.83,-120,30790.00,3,292,-0.577,31064.95,31079.43,31201.83,30941.83,31041.83,-144,31031.83,-120,3,5,31014.35 31018.88 31023.22 31050.71 31064.95 31081.75 31081.93 31099.66 31113.97,SI,41.435157,7.13,240.78,1.05,D1:31076.37(341.6) D2:31076.37(-507.3),D1:30993.50(108.7) D2:31076.37(-165.8),D1:31076.37(2604.4) D2:31076.37(-2188.1),D1:31076.37(416.3) D2:31117.80(-131.7),Z:31055.31(),D1:31140.78(120.4) D2:31040.78(-250.8),D1:31150.78(54.1) D2:31040.78(-142.5),D1:31098.62() D2:31063.91(),Z:31101.83(),31038.23 31036.22 31081.75,31076.37 31117.80 31107.86
2026-10-08 23:52,2026-10-09 02:52,I3@22:33:11,23:52:56,31070.50,41.4447,41.44466733533935,libro_CBOE_QQQ_x_razon_41.4447_(vela_alineada_al_ultimo_trade_16:14_NY_(cadena_congelada_379_min)),749.69,75,0.335,-0.753,31115.11,31023.35,31290.72,30876.28,31083.50,416,750.00,31042.06,264,749.00,vol,4,31083.50,416,02:50:57,2026-10-09 02:49:54,747.75,75,0.335,31115.11,31023.35,31290.72,30876.28,31083.50,416,31042.06,264,4,0,SI,,,,,,,,,,,,,,,,,,,,,,,,,,,,,,,,,,,,41.435157,7.13,240.78,,D1:31076.37(341.9) D2:31076.37(-507.8),D1:30993.50(110.5) D2:31076.37(-165.9),D1:31076.37(2606.7) D2:31076.37(-2190.1),D1:31076.37(416.6) D2:31117.80(-130.6),Z:31055.31(),D1:31140.78(119) D2:31040.78(-253.1),D1:31150.78(53.4) D2:31040.78(-144),D1:31098.61() D2:31063.90(),Z:31101.83(),31038.22 31036.23 31064.95,31076.37 31034.93 31107.91
2026-10-08 23:53,2026-10-09 02:53,I3@22:33:11,23:53:57,31072.25,41.4447,41.44466733533935,libro_CBOE_QQQ_x_razon_41.4447_(vela_alineada_al_ultimo_trade_16:14_NY_(cadena_congelada_379_min)),749.73,75,0.408,-0.746,31115.10,31023.33,31290.72,30876.28,31083.50,417,750.00,31042.06,264,749.00,vol,4,31083.50,417,02:50:57,2026-10-09 02:49:54,747.75,75,0.408,31115.10,31023.33,31290.72,30876.28,31083.50,417,31042.06,264,4,0,SI,23:53:03,31073.00,241.83,CRUDA_90_ticks,2026-10-09_02:50:13,02:50:52,ultima_local_(CBOE_directo),30831.17,292,-0.542,31064.95,31079.43,31201.83,30941.83,31041.83,-144,30800.00,31031.83,-120,30790.00,3,292,-0.542,31064.95,31079.43,31201.83,30941.83,31041.83,-144,31031.83,-120,3,5,31014.35 31018.88 31023.22 31050.71 31064.95 31081.75 31081.93 31099.66 31113.97,SI,41.435157,7.13,240.78,1.05,D1:31076.37(342) D2:31076.37(-508.1),D1:30993.50(110.5) D2:31076.37(-166),D1:31076.37(2608) D2:31076.37(-2191.1),D1:31076.37(416.9) D2:31117.80(-130.7),Z:31055.31(),D1:31140.78(119.1) D2:31040.78(-253.2),D1:31150.78(53.4) D2:31040.78(-144.1),D1:31098.61() D2:31063.90(),Z:31101.84(),31038.22 31036.23 31064.95,31076.37 31034.93 31107.91
2026-10-08 23:54,2026-10-09 02:54,I3@22:33:11,23:54:58,31073.75,41.4447,41.44466733533935,libro_CBOE_QQQ_x_razon_41.4447_(vela_alineada_al_ultimo_trade_16:14_NY_(cadena_congelada_379_min)),749.76,75,0.471,-0.740,31115.09,31023.32,31290.72,30876.28,31083.50,417,750.00,31042.06,263,749.00,vol,4,31083.50,417,02:50:57,2026-10-09 02:49:54,747.75,75,0.471,31115.09,31023.32,31290.72,30876.28,31083.50,417,31042.06,263,4,0,SI,23:54:08,31071.50,241.83,CRUDA_90_ticks,2026-10-09_02:50:13,02:50:52,ultima_local_(CBOE_directo),30829.67,292,-0.569,31064.95,31079.43,31201.83,30941.83,31041.83,-144,30800.00,31031.83,-120,30790.00,3,292,-0.569,31064.95,31079.43,31201.83,30941.83,31041.83,-144,31031.83,-120,3,5,31014.35 31018.88 31023.22 31050.71 31064.95 31081.75 31081.93 31099.66 31113.97,SI,41.435157,7.13,240.78,1.05,D1:31076.37(342.2) D2:31076.37(-508.3),D1:30993.50(110.5) D2:31076.37(-166.1),D1:31076.37(2609.3) D2:31076.37(-2192.2),D1:31076.37(417.1) D2:31117.80(-130.8),Z:31055.31(),D1:31140.78(119.1) D2:31040.78(-253.3),D1:31150.78(53.5) D2:31040.78(-144.1),D1:31098.61() D2:31063.90(),Z:31101.85(),31038.22 31036.23 31064.95,31076.37 31034.93 31107.91
2026-10-08 23:55,2026-10-09 02:55,I3@22:33:11,23:55:59,31079.25,41.4447,41.44466733533935,libro_CBOE_QQQ_x_razon_41.4447_(vela_alineada_al_ultimo_trade_16:14_NY_(cadena_congelada_379_min)),749.90,75,0.702,-0.717,31115.05,31023.29,31290.72,30876.28,31083.50,417,750.00,31042.06,263,749.00,vol,4,31083.50,417,02:50:57,2026-10-09 02:49:54,747.75,75,0.702,31115.05,31023.29,31290.72,30876.28,31083.50,417,31042.06,263,4,0,SI,23:55:10,31074.25,241.83,CRUDA_90_ticks,2026-10-09_02:50:13,02:50:52,ultima_local_(CBOE_directo),30832.42,292,-0.521,31081.75,31079.43,31201.83,30941.83,31041.83,-144,30800.00,31031.83,-120,30790.00,3,292,-0.521,31081.75,31079.43,31201.83,30941.83,31041.83,-144,31031.83,-120,3,5,31014.35 31018.87 31023.22 31050.71 31064.95 31081.75 31081.93 31099.66 31113.97,SI,41.435157,7.13,240.78,1.05,D1:31076.37(342.4) D2:31076.37(-508.6),D1:30993.50(110.6) D2:31076.37(-166.2),D1:31076.37(2610.6) D2:31076.37(-2193.3),D1:31076.37(417.3) D2:31117.80(-130.8),Z:31055.31(),D1:31140.78(119.2) D2:31040.78(-253.4),D1:31150.78(53.5) D2:31040.78(-144.2),D1:31098.61() D2:31063.89(),Z:31101.85(),31038.23 31036.23 31081.75,31076.37 31034.93 31107.89
2026-10-08 23:56,2026-10-09 02:56,I3@22:33:11,,,,,,,,,,,,,,,,,,,,,,,,,,,,,,,,,,,,,,,,23:56:13,31082.25,241.83,CRUDA_90_ticks,2026-10-09_02:50:13,02:50:52,ultima_local_(CBOE_directo),30840.42,292,-0.378,31081.93,31079.42,31201.83,30941.83,31041.83,-143,30800.00,31031.83,-119,30790.00,3,292,-0.378,31081.93,31079.42,31201.83,30941.83,31041.83,-143,31031.83,-119,3,4,31023.23 31050.70 31064.95 31081.75 31081.93 31099.66 31113.96,SI,41.435157,,240.77,1.06,D1:31076.37(342.5) D2:31076.37(-508.7),D1:30993.50(109.4) D2:31076.37(-166.2),D1:31076.37(2611.3) D2:31076.37(-2193.9),D1:31076.37(417.4) D2:31117.80(-131.8),Z:31055.38(),D1:31140.77(120.3) D2:31040.77(-251.9),D1:31150.77(54.1) D2:31040.77(-143.2),D1:31098.61() D2:31063.89(),Z:31101.86(),31038.23 31036.22 31081.75,31076.37 31117.80 31107.85
2026-10-08 23:57,2026-10-09 02:57,I3@22:33:11,23:57:00,31081.50,41.4447,41.44466733533935,libro_CBOE_QQQ_x_razon_41.4447_(vela_alineada_al_ultimo_trade_16:14_NY_(cadena_congelada_385_min)),749.95,75,0.797,-0.707,31115.04,31023.27,31290.72,30876.28,31083.50,418,750.00,31042.06,262,749.00,vol,4,31083.50,418,02:56:01,2026-10-09 02:55:53,747.75,75,0.797,31115.04,31023.27,31290.72,30876.28,31083.50,418,31042.06,262,4,0,SI,23:57:16,31080.50,241.83,CRUDA_90_ticks,2026-10-09_02:55:13,02:55:57,ultima_local_(CBOE_directo),30838.67,292,-0.410,31081.75,31079.42,31201.83,30941.83,31041.83,-143,30800.00,31031.83,-119,30790.00,3,292,-0.410,31081.75,31079.42,31201.83,30941.83,31041.83,-143,31031.83,-119,3,5,31018.87 31023.23 31050.70 31064.95 31081.75 31081.93 31099.66 31113.96,SI,41.435157,7.13,240.77,1.06,D1:31076.37(342.6) D2:31076.37(-508.9),D1:30993.50(109.4) D2:31076.37(-166.3),D1:31076.37(2612.6) D2:31076.37(-2195),D1:31076.37(417.6) D2:31117.80(-131.8),Z:31055.38(),D1:31140.77(120.4) D2:31040.77(-252),D1:31150.77(54.1) D2:31040.77(-143.3),D1:31098.60() D2:31063.89(),Z:31101.87(),31038.23 31036.22 31081.75,31076.37 31117.80 31107.86
2026-10-08 23:58,2026-10-09 02:58,I3@22:33:11,23:58:01,31080.75,41.4447,41.44466733533935,libro_CBOE_QQQ_x_razon_41.4447_(vela_alineada_al_ultimo_trade_16:14_NY_(cadena_congelada_385_min)),749.93,75,0.765,-0.711,31115.04,31023.27,31290.72,30876.28,31083.50,418,750.00,31042.06,263,749.00,vol,4,31083.50,418,02:56:01,2026-10-09 02:55:53,747.75,75,0.765,31115.04,31023.27,31290.72,30876.28,31083.50,418,31042.06,263,4,0,SI,23:58:19,31080.00,241.83,CRUDA_90_ticks,2026-10-09_02:55:13,02:55:57,ultima_local_(CBOE_directo),30838.17,292,-0.419,31081.75,31079.42,31201.83,30941.83,31041.83,-144,30800.00,31031.83,-120,30790.00,3,292,-0.419,31081.75,31079.42,31201.83,30941.83,31041.83,-144,31031.83,-120,3,5,31018.87 31023.23 31050.70 31064.95 31081.75 31081.93 31099.66 31113.96,SI,41.435157,7.13,240.77,1.06,D1:31076.37(342.8) D2:31076.37(-509.1),D1:30993.50(109.2) D2:31076.37(-166.4),D1:31076.37(2613.5) D2:31076.37(-2195.8),D1:31076.37(417.8) D2:31117.80(-132),Z:31055.38(),D1:31140.77(120.6) D2:31040.77(-251.9),D1:31150.77(54.2) D2:31040.77(-143.2),D1:31098.60() D2:31063.89(),Z:31101.87(),31038.23 31036.22 31081.75,31076.37 31117.80 31107.86
2026-10-08 23:59,2026-10-09 02:59,I3@22:33:11,23:59:02,31080.00,41.4447,41.44466733533935,libro_CBOE_QQQ_x_razon_41.4447_(vela_alineada_al_ultimo_trade_16:14_NY_(cadena_congelada_385_min)),749.92,75,0.733,-0.714,31115.05,31023.28,31290.72,30876.28,31083.50,418,750.00,31042.06,263,749.00,vol,4,31083.50,418,02:56:01,2026-10-09 02:55:53,747.75,75,0.733,31115.05,31023.28,31290.72,30876.28,31083.50,418,31042.06,263,4,0,SI,23:59:20,31080.50,241.83,CRUDA_90_ticks,2026-10-09_02:55:13,02:55:57,ultima_local_(CBOE_directo),30838.67,292,-0.411,31081.75,31079.42,31201.83,30941.83,31041.83,-144,30800.00,31031.83,-120,30790.00,3,292,-0.411,31081.75,31079.42,31201.83,30941.83,31041.83,-144,31031.83,-120,3,5,31018.87 31023.23 31050.70 31064.95 31081.75 31081.93 31099.66 31113.96,SI,41.435157,7.13,240.77,1.06,D1:31076.37(342.9) D2:31076.37(-509.4),D1:30993.50(109.3) D2:31076.37(-166.5),D1:31076.37(2614.8) D2:31076.37(-2196.8),D1:31076.37(418) D2:31117.80(-132.1),Z:31055.38(),D1:31140.77(120.7) D2:31040.77(-252),D1:31150.77(54.2) D2:31040.77(-143.2),D1:31098.60() D2:31063.89(),Z:31101.88(),31038.23 31036.22 31081.75,31076.37 31117.80 31107.86
2026-10-09 00:00,2026-10-09 03:00,I3@22:33:11,00:00:02,31082.00,41.4447,41.44466733533935,libro_CBOE_QQQ_x_razon_41.4447_(vela_alineada_al_ultimo_trade_16:14_NY_(cadena_congelada_385_min)),749.96,75,0.818,-0.706,31115.03,31023.27,31290.72,30876.28,31083.50,418,750.00,31042.06,263,749.00,vol,4,31083.50,418,02:56:01,2026-10-09 02:55:53,747.75,75,0.818,31115.03,31023.27,31290.72,30876.28,31083.50,418,31042.06,263,4,0,SI,00:00:24,31078.00,241.83,CRUDA_90_ticks,2026-10-09_02:55:13,02:55:57,ultima_local_(CBOE_directo),30836.17,292,-0.456,31081.75,31079.43,31201.83,30941.83,31041.83,-144,30800.00,31031.83,-120,30790.00,3,292,-0.456,31081.75,31079.43,31201.83,30941.83,31041.83,-144,31031.83,-120,3,5,31018.87 31023.22 31050.70 31064.95 31081.75 31081.93 31099.66 31113.96,SI,41.435157,7.13,240.76,1.07,D1:31076.37(343.1) D2:31076.37(-509.7),D1:30993.50(109.4) D2:31076.37(-166.5),D1:31076.37(2616.2) D2:31076.37(-2198),D1:31076.37(418.2) D2:31117.80(-132.1),Z:31055.38(),D1:31140.76(120.7) D2:31040.76(-252.2),D1:31150.76(54.2) D2:31040.76(-143.4),D1:31098.60() D2:31063.89(),Z:31101.89(),31038.23 31036.22 31081.75,31076.37 31117.80 31107.87
2026-10-09 00:01,2026-10-09 03:01,I3@22:33:11,00:01:02,31080.25,41.4447,41.44466733533935,libro_CBOE_QQQ_x_razon_41.4447_(vela_alineada_al_ultimo_trade_16:14_NY_(cadena_congelada_385_min)),749.92,75,0.743,-0.714,31115.05,31023.28,31290.72,30876.28,31083.50,419,750.00,31042.06,263,749.00,vol,4,31083.50,419,03:00:58,2026-10-09 02:59:54,747.75,75,0.743,31115.05,31023.28,31290.72,30876.28,31083.50,418,31042.06,263,4,0,SI,00:01:26,31079.50,241.83,CRUDA_90_ticks,2026-10-09_02:55:13,02:55:57,ultima_local_(CBOE_directo),30837.67,292,-0.430,31081.75,31079.42,31201.83,30941.83,31041.83,-144,30800.00,31031.83,-120,30790.00,3,292,-0.430,31081.75,31079.42,31201.83,30941.83,31041.83,-144,31031.83,-120,3,5,31018.87 31023.22 31050.70 31064.95 31081.75 31081.93 31099.66 31113.96,SI,41.435157,7.13,240.76,1.07,D1:31076.37(343.3) D2:31076.37(-509.9),D1:30993.50(109.5) D2:31076.37(-166.6),D1:31076.37(2617.6) D2:31076.37(-2199.2),D1:31076.37(418.4) D2:31117.80(-132.1),Z:31055.45(),D1:31140.76(120.7) D2:31040.76(-252.3),D1:31150.76(54.3) D2:31040.76(-143.4),D1:31098.59() D2:31063.88(),Z:31101.89(),31038.23 31036.22 31081.75,31076.37 31117.80 31107.87
2026-10-09 00:02,2026-10-09 03:02,I3@22:33:11,00:02:02,31081.75,41.4447,41.44466733533935,libro_CBOE_QQQ_x_razon_41.4447_(vela_alineada_al_ultimo_trade_16:14_NY_(cadena_congelada_389_min)),749.96,75,0.807,-0.707,31115.04,31023.27,31290.72,30876.28,31083.50,419,750.00,31042.06,263,749.00,vol,4,31083.50,419,03:00:58,2026-10-09 02:59:54,747.75,75,0.807,31115.04,31023.27,31290.72,30876.28,31083.50,419,31042.06,263,4,0,SI,00:02:29,31079.50,241.83,CRUDA_90_ticks,2026-10-09_03:00:14,03:00:53,ultima_local_(CBOE_directo),30837.67,292,-0.430,31081.75,31079.42,31201.83,30941.83,31041.83,-144,30800.00,31031.83,-120,30790.00,3,292,-0.430,31081.75,31079.42,31201.83,30941.83,31041.83,-144,31031.83,-120,3,5,31018.87 31023.23 31050.70 31064.95 31081.75 31081.93 31099.66 31113.96,SI,41.435157,7.13,240.76,1.07,D1:31076.37(343.4) D2:31076.37(-510),D1:30993.50(109.1) D2:31076.37(-166.7),D1:31076.37(2618.1) D2:31076.37(-2199.6),D1:31076.37(418.5) D2:31117.80(-132.4),Z:31055.45(),D1:31140.76(121.1) D2:31040.76(-251.9),D1:31150.76(54.4) D2:31040.76(-143.1),D1:31098.59() D2:31063.88(),Z:31101.90(),31038.23 31036.22 31081.75,31076.37 31117.80 31107.86
2026-10-09 00:03,2026-10-09 03:03,I3@22:33:11,00:03:02,31072.00,41.4447,41.44466733533935,libro_CBOE_QQQ_x_razon_41.4447_(vela_alineada_al_ultimo_trade_16:14_NY_(cadena_congelada_389_min)),749.72,75,0.394,-0.749,31115.10,31023.33,31290.72,30876.28,31083.50,419,750.00,31042.06,265,749.00,vol,4,31083.50,419,03:00:58,2026-10-09 02:59:54,747.75,75,0.394,31115.10,31023.33,31290.72,30876.28,31083.50,419,31042.06,265,4,0,SI,00:03:30,31069.50,241.83,CRUDA_90_ticks,2026-10-09_03:00:14,03:00:53,ultima_local_(CBOE_directo),30827.67,292,-0.609,31064.95,31079.43,31201.83,30941.83,31041.83,-145,30800.00,31031.83,-121,30790.00,3,292,-0.609,31064.95,31079.43,31201.83,30941.83,31041.83,-145,31031.83,-121,3,5,31014.35 31018.88 31023.21 31050.71 31064.95 31081.75 31081.93 31099.66 31113.97,SI,41.435157,7.13,240.76,1.07,D1:31076.37(343.5) D2:31076.37(-510.3),D1:30993.50(109.2) D2:31076.37(-166.7),D1:31076.37(2619.4) D2:31076.37(-2200.7),D1:31076.37(418.7) D2:31117.80(-132.5),Z:31055.45(),D1:31140.76(121.1) D2:31040.76(-252.1),D1:31150.76(54.5) D2:31040.76(-143.2),D1:31098.59() D2:31063.88(),Z:31101.91(),31069.34 31038.22 31064.95,31076.37 31034.93 31107.93
2026-10-09 00:04,2026-10-09 03:04,I3@22:33:11,00:04:02,31066.00,41.4447,41.44466733533935,libro_CBOE_QQQ_x_razon_41.4447_(vela_alineada_al_ultimo_trade_16:14_NY_(cadena_congelada_389_min)),749.58,75,0.142,-0.774,31115.15,31023.37,31290.72,30876.28,31083.50,418,750.00,31042.06,266,749.00,vol,4,31083.50,418,03:00:58,2026-10-09 02:59:54,747.75,75,0.142,31115.15,31023.37,31290.72,30876.28,31083.50,418,31042.06,266,4,0,SI,00:04:32,31067.50,241.83,CRUDA_90_ticks,2026-10-09_03:00:14,03:00:53,ultima_local_(CBOE_directo),30825.67,292,-0.645,31064.95,31079.43,31201.83,30941.83,31041.83,-145,30800.00,31031.83,-121,30790.00,3,292,-0.645,31064.95,31079.43,31201.83,30941.83,31041.83,-145,31031.83,-121,3,4,31014.35 31018.88 31023.21 31050.71 31064.95 31081.75 31081.93 31099.66 31113.97,SI,41.435157,7.13,240.75,1.08,D1:31076.37(343.5) D2:31076.37(-510.3),D1:30993.50(112.1) D2:31076.37(-166.7),D1:31076.37(2619.5) D2:31076.37(-2200.7),D1:31076.37(418.7) D2:31117.80(-130.3),Z:31055.45(),D1:31140.75(118.5) D2:31040.75(-255.7),D1:31150.75(53.1) D2:31040.75(-145.6),D1:31098.58() D2:31063.87(),Z:31101.91(),31069.34 31038.22 31064.95,31076.37 31034.93 31107.94
2026-10-09 00:05,2026-10-09 03:05,I3@22:33:11,00:05:03,31069.75,41.4447,41.44466733533935,libro_CBOE_QQQ_x_razon_41.4447_(vela_alineada_al_ultimo_trade_16:14_NY_(cadena_congelada_389_min)),749.67,75,0.299,-0.759,31115.12,31023.35,31290.72,30876.28,31083.50,419,750.00,31042.06,265,749.00,vol,4,31083.50,419,03:00:58,2026-10-09 02:59:54,747.75,75,0.299,31115.12,31023.35,31290.72,30876.28,31083.50,419,31042.06,265,4,0,SI,00:05:34,31063.75,241.83,CRUDA_90_ticks,2026-10-09_03:01:13,03:01:55,ultima_por_raw_(cache_5_min),30821.92,292,-0.712,31064.95,31048.57,31201.83,30941.83,31041.83,-146,30800.00,31031.83,-122,30790.00,3,292,-0.712,31064.95,31048.57,31201.83,30941.83,31041.83,-146,31031.83,-122,3,4,31014.35 31018.89 31023.21 31050.71 31064.95 31081.75 31081.93 31099.66 31113.97,SI,41.435157,7.13,240.75,1.08,D1:31076.37(343.7) D2:31076.37(-510.5),D1:30993.50(112.2) D2:31076.37(-166.8),D1:31076.37(2620.8) D2:31076.37(-2201.8),D1:31076.37(418.9) D2:31117.80(-130.4),Z:31055.45(),D1:31140.75(118.5) D2:31040.75(-255.8),D1:31150.75(53.1) D2:31040.75(-145.7),D1:31098.58() D2:31063.87(),Z:31101.92(),31069.34 31038.22 31064.95,31076.37 31034.93 31107.97
2026-10-09 00:06,2026-10-09 03:06,I3@22:33:11,00:06:04,31065.00,41.4447,41.44466733533935,libro_CBOE_QQQ_x_razon_41.4447_(vela_alineada_al_ultimo_trade_16:14_NY_(cadena_congelada_391_min)),749.55,75,0.099,-0.779,31115.15,31023.38,31290.72,30876.28,31083.50,419,750.00,31042.06,266,749.00,vol,4,31083.50,419,03:05:57,2026-10-09 03:04:54,747.75,75,0.099,31115.15,31023.38,31290.72,30876.28,31083.50,419,31042.06,266,4,0,SI,,,,,,,,,,,,,,,,,,,,,,,,,,,,,,,,,,,,41.435157,7.13,240.75,,D1:31076.37(344) D2:31076.37(-510.9),D1:30993.50(112) D2:31076.37(-167),D1:31076.37(2622.7) D2:31076.37(-2203.5),D1:31076.37(419.2) D2:31117.80(-130.6),Z:31055.52(),D1:31140.75(118.8) D2:31040.75(-255.8),D1:31150.75(53.2) D2:31040.75(-145.6),D1:31098.58() D2:31063.87(),Z:31101.93(),31069.34 31038.22 31064.95,31076.37 31034.93 31107.97
2026-10-09 00:08,2026-10-09 03:08,I4@00:08:03,00:08:03,31058.50,41.4447,41.44466733533935,libro_CBOE_QQQ_x_razon_41.4447_(vela_alineada_al_ultimo_trade_16:14_NY_(cadena_congelada_394_min)),749.40,75,-0.175,-0.805,31013.75,31023.43,31290.72,30876.28,31083.50,418,750.00,31042.06,267,749.00,vol,4,31083.50,418,03:05:57,2026-10-09 03:04:54,747.75,75,-0.175,31013.75,31023.43,31290.72,30876.28,31083.50,418,31042.06,267,4,0,SI,00:08:04,31058.00,241.83,CRUDA_90_ticks,2026-10-09_03:05:14,03:05:53,ultima_local_(CBOE_directo),30816.17,292,-0.813,31064.95,31048.56,31201.83,30941.83,31041.83,-146,30800.00,31031.83,-122,30790.00,3,292,-0.813,31064.95,31048.56,31201.83,30941.83,31041.83,-146,31031.83,-122,3,4,31000.52 31014.35 31018.90 31023.20 31050.71 31064.95 31081.74 31081.93 31099.65 31113.98,SI,41.435157,7.13,240.74,1.09,D1:31076.37(343.8) D2:31076.37(-510.6),D1:30993.50(113) D2:31076.37(-166.8),D1:31076.37(2621.3) D2:31076.37(-2202.2),D1:31076.37(419.1) D2:31117.80(-129.8),Z:31055.53(),D1:31140.74(117.8) D2:31040.74(-256.8),D1:31150.74(52.7) D2:31040.74(-146.3),D1:31063.86() D2:31049.63(),Z:31101.93(),31069.34 31038.21 31064.95,31076.37 31034.93 31107.97
2026-10-09 00:09,2026-10-09 03:09,I4@00:08:03,00:09:04,31051.50,41.4447,41.44466733533935,libro_CBOE_QQQ_x_razon_41.4447_(vela_alineada_al_ultimo_trade_16:14_NY_(cadena_congelada_394_min)),749.23,75,-0.466,-0.833,31013.80,31023.47,31290.72,30876.28,31083.50,417,750.00,31042.06,267,749.00,vol,4,31083.50,417,03:05:57,2026-10-09 03:04:54,747.75,75,-0.466,31013.80,31023.47,31290.72,30876.28,31083.50,417,31042.06,267,4,0,SI,00:09:05,31052.00,241.83,CRUDA_90_ticks,2026-10-09_03:05:14,03:05:53,ultima_local_(CBOE_directo),30810.17,292,-0.918,31050.72,31048.56,31201.83,30941.83,31041.83,-147,30800.00,31031.83,-123,30790.00,3,292,-0.918,31050.72,31048.56,31201.83,30941.83,31041.83,-147,31031.83,-123,3,5,31000.52 31014.34 31018.90 31023.20 31050.72 31064.95 31081.74 31081.93 31099.65,SI,41.435157,7.13,240.74,1.09,D1:31076.37(343.9) D2:31076.37(-510.9),D1:30993.50(113.1) D2:31076.37(-166.9),D1:31076.37(2622.6) D2:31076.37(-2203.3),D1:31076.37(419.3) D2:31117.80(-129.9),Z:31055.56(),D1:31140.74(117.9) D2:31040.74(-256.9),D1:31150.74(52.8) D2:31040.74(-146.4),D1:31063.86() D2:31049.62(),Z:31101.95(),31038.21 31036.23 31050.72,31034.93 31076.37 31006.63
2026-10-09 00:10,2026-10-09 03:10,I4@00:08:03,00:10:04,31048.00,41.4447,41.44466733533935,libro_CBOE_QQQ_x_razon_41.4447_(vela_alineada_al_ultimo_trade_16:14_NY_(cadena_congelada_394_min)),749.14,75,-0.612,-0.847,31013.82,31023.50,31290.72,30876.28,31083.50,417,750.00,31042.06,268,749.00,vol,4,31083.50,417,03:05:57,2026-10-09 03:04:54,747.75,75,-0.612,31013.82,31023.50,31290.72,30876.28,31083.50,417,31042.06,268,4,0,SI,00:10:08,31049.25,241.83,CRUDA_90_ticks,2026-10-09_03:05:14,03:05:53,ultima_local_(CBOE_directo),30807.42,292,-0.966,31050.72,31048.56,31201.83,30941.83,31041.83,-147,30800.00,31031.83,-123,30790.00,1,292,-0.966,31050.72,31048.56,31201.83,30941.83,31041.83,-147,31031.83,-123,1,4,31000.53 31014.34 31018.90 31023.20 31050.72 31064.95 31081.74 31081.94 31099.64,SI,41.435157,7.13,240.74,1.09,D1:31076.37(342.8) D2:31076.37(-509),D1:30993.50(114.4) D2:31076.37(-166.3),D1:31076.37(2613.5) D2:31076.37(-2195.4),D1:31076.37(418.1) D2:31117.80(-128.2),Z:31055.57(),D1:31140.74(116) D2:31040.74(-257.9),D1:31110.74(30.2) D2:31040.74(-147),D1:31049.63() D2:31022.11(),Z:31101.95(),31038.21 31036.23 31050.72,31034.93 31076.37 31006.65
2026-10-09 00:11,2026-10-09 03:11,I4@00:08:03,00:11:06,31045.00,41.4447,41.44466733533935,libro_CBOE_QQQ_x_razon_41.4447_(vela_alineada_al_ultimo_trade_16:14_NY_(cadena_congelada_394_min)),749.07,75,-0.737,-0.858,31013.84,31023.52,31290.72,30876.28,31083.50,416,750.00,31042.06,268,749.00,vol,4,31083.50,416,03:10:57,2026-10-09 03:09:54,747.75,75,-0.737,31013.84,31023.52,31290.72,30876.28,31083.50,416,31042.06,268,4,0,SI,00:11:08,31044.50,241.83,CRUDA_90_ticks,2026-10-09_03:05:14,03:05:53,ultima_local_(CBOE_directo),30802.67,292,-1.047,31050.72,31048.56,31201.83,30941.83,31041.83,-147,30800.00,31031.83,-123,30790.00,1,292,-1.047,31050.72,31048.56,31201.83,30941.83,31041.83,-147,31031.83,-123,1,5,31000.53 31014.34 31018.91 31023.20 31050.72 31064.95 31081.74 31081.94 31099.64,SI,41.435157,7.13,240.74,1.09,D1:31076.37(342.9) D2:31076.37(-509.3),D1:30993.50(114.4) D2:31076.37(-166.4),D1:31076.37(2614.8) D2:31076.37(-2196.5),D1:31076.37(418.3) D2:31117.80(-128.2),Z:31055.57(),D1:31140.74(116.1) D2:31040.74(-258),D1:31110.74(30.2) D2:31040.74(-147.1),D1:31049.62() D2:31022.11(),Z:31101.96(),31038.20 31036.23 31050.72,31034.93 31076.37 31006.68
2026-10-09 00:12,2026-10-09 03:12,I4@00:08:03,00:12:07,31044.75,41.4447,41.44466733533935,libro_CBOE_QQQ_x_razon_41.4447_(vela_alineada_al_ultimo_trade_16:14_NY_(cadena_congelada_399_min)),749.07,75,-0.748,-0.860,31013.85,31023.52,31290.72,30876.28,31083.50,416,750.00,31042.06,268,749.00,vol,4,31083.50,416,03:10:57,2026-10-09 03:09:54,747.75,75,-0.748,31013.85,31023.52,31290.72,30876.28,31083.50,416,31042.06,268,4,1,SI,00:12:09,31045.00,241.83,CRUDA_90_ticks,2026-10-09_03:10:14,03:10:53,ultima_local_(CBOE_directo),30803.17,292,-1.039,31050.72,31048.56,31201.83,30941.83,31041.83,-147,30800.00,31031.83,-123,30790.00,1,292,-1.039,31050.72,31048.56,31201.83,30941.83,31041.83,-147,31031.83,-123,1,5,31000.53 31014.34 31018.91 31023.20 31050.72 31064.95 31081.74 31081.94 31099.64,SI,41.435157,7.13,240.74,1.09,D1:31076.37(342.4) D2:31076.37(-508.5),D1:30993.50(114.9) D2:31076.37(-166.1),D1:31076.37(2611) D2:31076.37(-2193.2),D1:31076.37(417.8) D2:31117.80(-127.6),Z:31055.57(),D1:31140.74(115.4) D2:31040.74(-258.3),D1:31110.74(30.1) D2:31040.74(-147.3),D1:31049.62() D2:31022.10(),Z:31101.97(),31038.20 31036.23 31050.72,31034.93 31076.37 31006.68
2026-10-09 00:13,2026-10-09 03:13,I4@00:08:03,00:13:12,31046.25,41.4447,41.44466733533935,libro_CBOE_QQQ_x_razon_41.4447_(vela_alineada_al_ultimo_trade_16:14_NY_(cadena_congelada_399_min)),749.10,75,-0.687,-0.854,31013.84,31023.51,31290.72,30876.28,31083.50,417,750.00,31042.06,268,749.00,vol,4,31083.50,417,03:10:57,2026-10-09 03:09:54,747.75,75,-0.687,31013.84,31023.51,31290.72,30876.28,31083.50,417,31042.06,268,4,0,SI,00:13:12,31046.25,241.83,CRUDA_90_ticks,2026-10-09_03:10:14,03:10:53,ultima_local_(CBOE_directo),30804.42,292,-1.019,31050.72,31048.56,31201.83,30941.83,31041.83,-147,30800.00,31031.83,-123,30790.00,1,292,-1.019,31050.72,31048.56,31201.83,30941.83,31041.83,-147,31031.83,-123,1,4,31000.53 31014.34 31018.91 31023.20 31050.72 31064.95 31081.74 31081.94 31099.64,SI,41.435157,7.13,240.73,1.10,D1:31076.37(342.6) D2:31076.37(-508.8),D1:30993.50(114.9) D2:31076.37(-166.2),D1:31076.37(2612.3) D2:31076.37(-2194.3),D1:31076.37(418) D2:31117.80(-127.6),Z:31055.57(),D1:31140.73(115.5) D2:31040.73(-258.4),D1:31110.73(30.1) D2:31040.73(-147.4),D1:31049.62() D2:31022.10(),Z:31101.97(),31038.20 31036.23 31050.72,31034.93 31076.37 31006.67
2026-10-09 00:14,2026-10-09 03:14,I4@00:08:03,00:14:13,31045.50,41.4447,41.44466733533935,libro_CBOE_QQQ_x_razon_41.4447_(vela_alineada_al_ultimo_trade_16:14_NY_(cadena_congelada_399_min)),749.08,75,-0.719,-0.857,31013.84,31023.52,31290.72,30876.28,31083.50,417,750.00,31042.06,268,749.00,vol,4,31083.50,417,03:10:57,2026-10-09 03:09:54,747.75,75,-0.719,31013.84,31023.52,31290.72,30876.28,31083.50,417,31042.06,268,4,0,SI,00:14:18,31045.50,241.83,CRUDA_90_ticks,2026-10-09_03:10:14,03:10:53,ultima_local_(CBOE_directo),30803.67,292,-1.032,31050.72,31048.56,31201.83,30941.83,31041.83,-147,30800.00,31031.83,-123,30790.00,1,292,-1.032,31050.72,31048.56,31201.83,30941.83,31041.83,-147,31031.83,-123,1,4,31000.53 31014.34 31018.91 31023.20 31050.72 31064.95 31081.74 31081.94 31099.64,SI,41.435157,7.13,240.73,1.10,D1:31076.37(342.8) D2:31076.37(-509.1),D1:30993.50(114.9) D2:31076.37(-166.3),D1:31076.37(2614.1) D2:31076.37(-2195.8),D1:31076.37(418.3) D2:31117.80(-127.8),Z:31055.63(),D1:31140.73(115.6) D2:31040.73(-258.6),D1:31110.73(30.1) D2:31040.73(-147.4),D1:31049.62() D2:31022.10(),Z:31101.98(),31038.20 31036.23 31050.72,31034.93 31076.37 31006.68
2026-10-09 00:15,2026-10-09 03:15,I4@00:08:03,00:15:13,31048.50,41.4447,41.44466733533935,libro_CBOE_QQQ_x_razon_41.4447_(vela_alineada_al_ultimo_trade_16:14_NY_(cadena_congelada_399_min)),749.16,75,-0.596,-0.846,31013.82,31023.50,31290.72,30876.28,31083.50,418,750.00,31042.06,268,749.00,vol,4,31083.50,418,03:10:57,2026-10-09 03:09:54,747.75,75,-0.596,31013.82,31023.50,31290.72,30876.28,31083.50,418,31042.06,268,4,0,SI,00:15:20,31051.75,241.83,CRUDA_90_ticks,2026-10-09_03:10:14,03:10:53,ultima_local_(CBOE_directo),30809.92,292,-0.926,31050.72,31048.56,31201.83,30941.83,31041.83,-147,30800.00,31031.83,-123,30790.00,3,292,-0.926,31050.72,31048.56,31201.83,30941.83,31041.83,-147,31031.83,-123,3,5,31000.52 31014.34 31018.90 31023.20 31050.72 31064.95 31081.74 31081.93 31099.64,SI,41.435157,7.13,240.73,1.10,D1:31076.37(343) D2:31076.37(-509.4),D1:30993.50(115) D2:31076.37(-166.4),D1:31076.37(2615.4) D2:31076.37(-2196.9),D1:31076.37(418.5) D2:31117.80(-127.8),Z:31055.63(),D1:31140.73(115.7) D2:31040.73(-258.7),D1:31110.73(30.1) D2:31040.73(-147.5),D1:31049.61() D2:31022.10(),Z:31101.99(),31038.21 31036.23 31050.72,31034.93 31076.37 31006.63
2026-10-09 00:16,2026-10-09 03:16,I4@00:08:03,00:16:14,31054.75,41.4447,41.44466733533935,libro_CBOE_QQQ_x_razon_41.4447_(vela_alineada_al_ultimo_trade_16:14_NY_(cadena_congelada_399_min)),749.31,75,-0.337,-0.822,31013.78,31023.45,31290.72,30876.28,31083.50,419,750.00,31042.06,268,749.00,vol,4,31083.50,419,03:16:04,2026-10-09 03:14:54,747.75,75,-0.337,31013.78,31023.45,31290.72,30876.28,31083.50,419,31042.06,268,4,0,SI,00:16:21,31051.25,241.83,CRUDA_90_ticks,2026-10-09_03:10:14,03:10:53,ultima_local_(CBOE_directo),30809.42,292,-0.935,31050.72,31048.56,31201.83,30941.83,31041.83,-147,30800.00,31031.83,-123,30790.00,3,292,-0.935,31050.72,31048.56,31201.83,30941.83,31041.83,-147,31031.83,-123,3,5,31000.52 31014.34 31018.90 31023.20 31050.72 31064.95 31081.74 31081.93 31099.64,SI,41.435157,7.13,240.73,1.10,D1:31076.37(344.7) D2:31076.37(-512),D1:30993.50(113.9) D2:31076.37(-167.3),D1:31076.37(2628.5) D2:31076.37(-2208.2),D1:31076.37(420.3) D2:31117.80(-129.7),Z:31055.63(),D1:31140.73(117.6) D2:31040.73(-258.2),D1:31150.73(52.6) D2:31040.73(-147.2),D1:31063.85() D2:31049.61(),Z:31101.99(),31038.21 31036.23 31050.72,31034.93 31076.37 31006.63
2026-10-09 00:17,2026-10-09 03:17,I4@00:08:03,00:17:14,31058.75,41.4447,41.44466733533935,libro_CBOE_QQQ_x_razon_41.4447_(vela_alineada_al_ultimo_trade_16:14_NY_(cadena_congelada_404_min)),749.40,75,-0.170,-0.806,31013.75,31023.42,31290.72,30876.28,31083.50,420,750.00,31042.06,268,749.00,vol,4,31083.50,420,03:16:04,2026-10-09 03:14:54,747.75,75,-0.170,31013.75,31023.42,31290.72,30876.28,31083.50,420,31042.06,268,4,0,SI,00:17:26,31055.75,241.83,CRUDA_90_ticks,2026-10-09_03:15:14,03:16:00,ultima_local_(CBOE_directo),30813.92,292,-0.858,31050.71,31048.56,31201.83,30941.83,31041.83,-147,30800.00,31031.83,-123,30790.00,3,292,-0.858,31050.71,31048.56,31201.83,30941.83,31041.83,-147,31031.83,-123,3,4,31000.52 31014.35 31018.90 31023.20 31050.71 31064.95 31081.74 31081.93 31099.65 31113.98,SI,41.435157,7.13,240.72,1.11,D1:31076.37(344.9) D2:31076.37(-512.3),D1:30993.50(113.9) D2:31076.37(-167.4),D1:31076.37(2629.8) D2:31076.37(-2209.3),D1:31076.37(420.5) D2:31117.80(-129.8),Z:31055.63(),D1:31140.72(117.7) D2:31040.72(-258.3),D1:31150.72(52.6) D2:31040.72(-147.2),D1:31063.84() D2:31049.61(),Z:31102.00(),31069.34 31038.21 31050.71,31076.37 31034.93 31006.59
2026-10-09 00:18,2026-10-09 03:18,I4@00:08:03,00:18:16,31054.50,41.4447,41.44466733533935,libro_CBOE_QQQ_x_razon_41.4447_(vela_alineada_al_ultimo_trade_16:14_NY_(cadena_congelada_404_min)),749.30,75,-0.349,-0.823,31013.78,31023.45,31290.72,30876.28,31083.50,420,750.00,31042.06,269,749.00,vol,4,31083.50,420,03:16:04,2026-10-09 03:14:54,747.75,75,-0.349,31013.78,31023.45,31290.72,30876.28,31083.50,420,31042.06,269,4,0,SI,00:18:29,31055.25,241.83,CRUDA_90_ticks,2026-10-09_03:15:14,03:16:00,ultima_local_(CBOE_directo),30813.42,292,-0.868,31050.71,31048.56,31201.83,30941.83,31041.83,-147,30800.00,31031.83,-123,30790.00,3,292,-0.868,31050.71,31048.56,31201.83,30941.83,31041.83,-147,31031.83,-123,3,4,31000.52 31014.35 31018.90 31023.20 31050.71 31064.95 31081.74 31081.93 31099.65 31113.98,SI,41.435157,7.13,240.72,1.11,D1:31076.37(345.1) D2:31076.37(-512.6),D1:30993.50(113.9) D2:31076.37(-167.5),D1:31076.37(2631.6) D2:31076.37(-2210.8),D1:31076.37(420.8) D2:31117.80(-129.9),Z:31055.68(),D1:31140.72(117.8) D2:31040.72(-258.4),D1:31150.72(52.7) D2:31040.72(-147.3),D1:31063.84() D2:31049.60(),Z:31102.01(),31069.34 31038.21 31050.71,31034.93 31076.37 31006.62
2026-10-09 00:19,2026-10-09 03:19,I4@00:08:03,00:19:17,31062.50,41.4447,41.44466733533935,libro_CBOE_QQQ_x_razon_41.4447_(vela_alineada_al_ultimo_trade_16:14_NY_(cadena_congelada_404_min)),749.49,75,-0.014,-0.791,31013.72,31023.39,31290.72,30876.28,31083.50,421,750.00,31042.06,268,749.00,vol,4,31083.50,421,03:16:04,2026-10-09 03:14:54,747.75,75,-0.014,31013.72,31023.39,31290.72,30876.28,31083.50,421,31042.06,268,4,0,SI,00:19:34,31066.25,241.83,CRUDA_90_ticks,2026-10-09_03:15:14,03:16:00,ultima_local_(CBOE_directo),30824.42,292,-0.675,31064.95,31079.43,31201.83,30941.83,31041.83,-147,30800.00,31031.83,-122,30790.00,3,292,-0.675,31064.95,31079.43,31201.83,30941.83,31041.83,-147,31031.83,-122,3,4,31014.35 31018.89 31023.21 31050.71 31064.95 31081.75 31081.93 31099.66 31113.97,SI,41.435157,7.13,240.72,1.11,D1:31076.37(345.3) D2:31076.37(-512.9),D1:30993.50(114) D2:31076.37(-167.6),D1:31076.37(2633) D2:31076.37(-2211.9),D1:31076.37(421) D2:31117.80(-130),Z:31055.70(),D1:31140.72(117.9) D2:31040.72(-258.5),D1:31150.72(52.7) D2:31040.72(-147.3),D1:31063.84() D2:31049.60(),Z:31102.01(),31069.34 31038.21 31064.95,31076.37 31034.93 31108.00
2026-10-09 00:20,2026-10-09 03:20,I4@00:08:03,00:20:17,31072.75,41.4447,41.44466733533935,libro_CBOE_QQQ_x_razon_41.4447_(vela_alineada_al_ultimo_trade_16:14_NY_(cadena_congelada_404_min)),749.74,75,0.420,-0.749,31115.10,31023.32,31290.72,30876.28,31083.50,422,750.00,31042.06,267,749.00,vol,4,31083.50,422,03:16:04,2026-10-09 03:14:54,747.75,75,0.420,31115.10,31023.32,31290.72,30876.28,31083.50,422,31042.06,267,4,0,SI,00:20:35,31075.00,241.83,CRUDA_90_ticks,2026-10-09_03:15:14,03:16:00,ultima_local_(CBOE_directo),30833.17,292,-0.519,31081.75,31079.43,31201.83,30941.83,31041.83,-146,30800.00,31031.83,-121,30790.00,3,292,-0.519,31081.75,31079.43,31201.83,30941.83,31041.83,-146,31031.83,-121,3,5,31014.35 31018.87 31023.22 31050.70 31064.95 31081.75 31081.93 31099.66 31113.97,SI,41.435157,7.13,240.72,1.11,D1:31076.37(346.5) D2:31076.37(-514.7),D1:30993.50(112.2) D2:31076.37(-168.2),D1:31076.37(2642.2) D2:31076.37(-2219.9),D1:31076.37(422.3) D2:31117.80(-132),Z:31055.70(),D1:31140.72(120.1) D2:31040.72(-257),D1:31150.72(53.9) D2:31040.72(-146.3),D1:31098.55() D2:31063.83(),Z:31102.02(),31069.34 31038.22 31064.95,31076.37 31034.93 31107.92
2026-10-09 00:21,2026-10-09 03:21,I4@00:08:03,00:21:18,31077.75,41.4447,41.44466733533935,libro_CBOE_QQQ_x_razon_41.4447_(vela_alineada_al_ultimo_trade_16:14_NY_(cadena_congelada_404_min)),749.86,75,0.633,-0.729,31115.07,31023.29,31290.72,30876.28,31083.50,423,750.00,31042.06,266,749.00,vol,4,31083.50,423,03:20:57,2026-10-09 03:19:55,747.75,75,0.633,31115.07,31023.29,31290.72,30876.28,31083.50,423,31042.06,266,4,0,SI,00:21:36,31081.00,241.83,CRUDA_90_ticks,2026-10-09_03:15:14,03:16:00,ultima_local_(CBOE_directo),30839.17,292,-0.410,31081.75,31079.42,31201.83,30941.83,31041.83,-145,30800.00,31031.83,-121,30790.00,3,292,-0.410,31081.75,31079.42,31201.83,30941.83,31041.83,-145,31031.83,-121,3,5,31023.23 31050.70 31064.95 31081.75 31081.93 31099.66 31113.96,SI,41.435157,7.13,240.71,1.12,D1:31076.37(346.7) D2:31076.37(-515),D1:30993.50(112.3) D2:31076.37(-168.3),D1:31076.37(2643.6) D2:31076.37(-2221),D1:31076.37(422.5) D2:31117.80(-132),Z:31055.70(),D1:31140.71(120.2) D2:31040.71(-257.1),D1:31150.71(53.9) D2:31040.71(-146.4),D1:31098.54() D2:31063.83(),Z:31102.03(),31038.23 31036.22 31081.75,31076.37 31117.80 31107.87
2026-10-09 00:22,2026-10-09 03:22,I4@00:08:03,00:22:19,31081.00,41.4447,41.44466733533935,libro_CBOE_QQQ_x_razon_41.4447_(vela_alineada_al_ultimo_trade_16:14_NY_(cadena_congelada_409_min)),749.94,75,0.772,-0.715,31115.04,31023.26,31290.72,30876.28,31083.50,423,750.00,31042.06,266,749.00,vol,4,31083.50,423,03:20:57,2026-10-09 03:19:55,747.75,75,0.772,31115.04,31023.26,31290.72,30876.28,31083.50,423,31042.06,266,4,0,SI,00:22:39,31075.00,241.83,CRUDA_90_ticks,2026-10-09_03:20:14,03:20:52,ultima_local_(CBOE_directo),30833.17,292,-0.520,31081.75,31079.43,31201.83,30941.83,31041.83,-146,30800.00,31031.83,-122,30790.00,3,292,-0.520,31081.75,31079.43,31201.83,30941.83,31041.83,-146,31031.83,-122,3,5,31014.35 31018.87 31023.22 31050.70 31064.95 31081.75 31081.93 31099.66 31113.97,SI,41.435157,7.13,240.71,1.12,D1:31076.37(346.9) D2:31076.37(-515.3),D1:30993.50(110.6) D2:31076.37(-168.4),D1:31076.37(2645.2) D2:31076.37(-2222.4),D1:31076.37(422.8) D2:31117.80(-133.4),Z:31055.70(),D1:31140.71(121.8) D2:31040.71(-255.1),D1:31150.71(54.7) D2:31040.71(-145),D1:31098.54() D2:31063.83(),Z:31102.03(),31038.23 31036.23 31081.75,31076.37 31034.93 31107.89
2026-10-09 00:23,2026-10-09 03:23,I4@00:08:03,00:23:21,31072.75,41.4447,41.44466733533935,libro_CBOE_QQQ_x_razon_41.4447_(vela_alineada_al_ultimo_trade_16:14_NY_(cadena_congelada_409_min)),749.74,75,0.419,-0.750,31115.10,31023.32,31290.72,30876.28,31083.50,423,750.00,31042.06,267,749.00,vol,4,31083.50,423,03:20:57,2026-10-09 03:19:55,747.75,75,0.419,31115.10,31023.32,31290.72,30876.28,31083.50,423,31042.06,267,4,0,SI,00:23:39,31073.00,241.83,CRUDA_90_ticks,2026-10-09_03:20:14,03:20:52,ultima_local_(CBOE_directo),30831.17,292,-0.556,31064.95,31079.43,31201.83,30941.83,31041.83,-146,30800.00,31031.83,-122,30790.00,3,292,-0.556,31064.95,31079.43,31201.83,30941.83,31041.83,-146,31031.83,-122,3,5,31014.35 31018.88 31023.22 31050.71 31064.95 31081.75 31081.93 31099.66 31113.97,SI,41.435157,7.13,240.71,1.12,D1:31076.37(347.1) D2:31076.37(-515.6),D1:30993.50(110.7) D2:31076.37(-168.5),D1:31076.37(2646.5) D2:31076.37(-2223.5),D1:31076.37(423) D2:31117.80(-133.5),Z:31055.70(),D1:31140.71(121.8) D2:31040.71(-255.2),D1:31150.71(54.7) D2:31040.71(-145.1),D1:31098.54() D2:31063.83(),Z:31102.04(),31069.34 31038.22 31064.95,31076.37 31034.93 31107.92
2026-10-09 00:24,2026-10-09 03:24,I4@00:08:03,00:24:21,31076.50,41.4447,41.44466733533935,libro_CBOE_QQQ_x_razon_41.4447_(vela_alineada_al_ultimo_trade_16:14_NY_(cadena_congelada_409_min)),749.83,75,0.579,-0.734,31115.08,31023.29,31290.72,30876.28,31083.50,423,750.00,31042.06,267,749.00,vol,4,31083.50,423,03:20:57,2026-10-09 03:19:55,747.75,75,0.579,31115.08,31023.29,31290.72,30876.28,31083.50,423,31042.06,267,4,0,SI,00:24:45,31075.75,241.83,CRUDA_90_ticks,2026-10-09_03:20:14,03:20:52,ultima_local_(CBOE_directo),30833.92,292,-0.507,31081.75,31079.43,31201.83,30941.83,31041.83,-146,30800.00,31031.83,-122,30790.00,3,292,-0.507,31081.75,31079.43,31201.83,30941.83,31041.83,-146,31031.83,-122,3,5,31014.35 31018.87 31023.22 31050.70 31064.95 31081.75 31081.93 31099.66 31113.97,SI,41.435157,7.13,240.71,1.12,D1:31076.37(347.3) D2:31076.37(-515.9),D1:30993.50(111.7) D2:31076.37(-168.6),D1:31076.37(2648.4) D2:31076.37(-2225.1),D1:31076.37(423.3) D2:31117.80(-132.9),Z:31055.76(),D1:31140.71(121.1) D2:31040.71(-256.6),D1:31150.71(54.3) D2:31040.71(-146),D1:31098.54() D2:31063.83(),Z:31102.04(),31038.23 31036.23 31081.75,31076.37 31117.80 31107.89
2026-10-09 00:25,2026-10-09 03:25,I4@00:08:03,00:25:23,31076.75,41.4447,41.44466733533935,libro_CBOE_QQQ_x_razon_41.4447_(vela_alineada_al_ultimo_trade_16:14_NY_(cadena_congelada_409_min)),749.84,75,0.589,-0.734,31115.07,31023.29,31290.72,30876.28,31083.50,423,750.00,31042.06,267,749.00,vol,4,31083.50,423,03:20:57,2026-10-09 03:19:55,747.75,75,0.589,31115.07,31023.29,31290.72,30876.28,31083.50,423,31042.06,267,4,0,SI,00:25:45,31079.50,241.83,CRUDA_90_ticks,2026-10-09_03:20:14,03:20:52,ultima_local_(CBOE_directo),30837.67,292,-0.439,31081.75,31079.42,31201.83,30941.83,31041.83,-145,30800.00,31031.83,-121,30790.00,3,292,-0.439,31081.75,31079.42,31201.83,30941.83,31041.83,-145,31031.83,-121,3,5,31018.87 31023.23 31050.70 31064.95 31081.75 31081.93 31099.66 31113.96,SI,41.435157,7.13,240.70,1.13,D1:31076.37(347.5) D2:31076.37(-516.2),D1:30993.50(111.7) D2:31076.37(-168.7),D1:31076.37(2649.8) D2:31076.37(-2226.3),D1:31076.37(423.5) D2:31117.80(-132.9),Z:31055.76(),D1:31140.70(121.1) D2:31040.70(-256.7),D1:31150.70(54.4) D2:31040.70(-146),D1:31098.54() D2:31063.82(),Z:31102.05(),31038.23 31036.23 31081.75,31076.37 31117.80 31107.88
2026-10-09 00:26,2026-10-09 03:26,I4@00:08:03,00:26:24,31076.00,41.4447,41.44466733533935,libro_CBOE_QQQ_x_razon_41.4447_(vela_alineada_al_ultimo_trade_16:14_NY_(cadena_congelada_414_min)),749.82,75,0.557,-0.737,31115.08,31023.30,31290.72,30876.28,31083.50,424,750.00,31042.06,267,749.00,vol,4,31083.50,424,03:25:57,2026-10-09 03:24:55,747.75,75,0.557,31115.08,31023.30,31290.72,30876.28,31083.50,424,31042.06,267,4,0,SI,00:26:48,31074.75,241.83,CRUDA_90_ticks,2026-10-09_03:25:14,03:25:52,ultima_local_(CBOE_directo),30832.92,292,-0.526,31081.75,31079.43,31201.83,30941.83,31041.83,-146,30800.00,31031.83,-122,30790.00,3,292,-0.526,31081.75,31079.43,31201.83,30941.83,31041.83,-146,31031.83,-122,3,5,31014.35 31018.87 31023.22 31050.70 31064.95 31081.75 31081.93 31099.66 31113.97,SI,41.435157,7.13,240.70,1.13,D1:31076.37(347.6) D2:31076.37(-516.4),D1:30993.50(111) D2:31076.37(-168.8),D1:31076.37(2650.8) D2:31076.37(-2227.1),D1:31076.37(423.7) D2:31117.80(-133.5),Z:31055.76(),D1:31140.70(121.8) D2:31040.70(-255.9),D1:31150.70(54.7) D2:31040.70(-145.5),D1:31098.53() D2:31063.82(),Z:31102.06(),31038.23 31036.23 31081.75,31076.37 31034.93 31107.89
2026-10-09 00:27,2026-10-09 03:27,I4@00:08:03,00:27:24,31068.25,41.4447,41.44466733533935,libro_CBOE_QQQ_x_razon_41.4447_(vela_alineada_al_ultimo_trade_16:14_NY_(cadena_congelada_414_min)),749.63,75,0.226,-0.769,31115.13,31023.35,31290.72,30876.28,31083.50,423,750.00,31042.06,268,749.00,vol,4,31083.50,423,03:25:57,2026-10-09 03:24:55,747.75,75,0.226,31115.13,31023.35,31290.72,30876.28,31083.50,423,31042.06,268,4,0,SI,00:27:51,31070.75,241.83,CRUDA_90_ticks,2026-10-09_03:25:14,03:25:52,ultima_local_(CBOE_directo),30828.92,292,-0.599,31064.95,31079.43,31201.83,30941.83,31041.83,-147,30800.00,31031.83,-122,30790.00,3,292,-0.599,31064.95,31079.43,31201.83,30941.83,31041.83,-147,31031.83,-122,3,5,31014.35 31018.88 31023.22 31050.71 31064.95 31081.75 31081.93 31099.66 31113.97,SI,41.435157,7.13,240.70,1.13,D1:31076.37(347.8) D2:31076.37(-516.7),D1:30993.50(111.1) D2:31076.37(-168.8),D1:31076.37(2652.2) D2:31076.37(-2228.3),D1:31076.37(423.9) D2:31117.80(-133.6),Z:31055.76(),D1:31140.70(121.9) D2:31040.70(-256),D1:31150.70(54.7) D2:31040.70(-145.5),D1:31098.53() D2:31063.82(),Z:31102.06(),31069.34 31038.22 31064.95,31076.37 31034.93 31107.94
2026-10-09 00:28,2026-10-09 03:28,I4@00:08:03,00:28:24,31073.75,41.4447,41.44466733533935,libro_CBOE_QQQ_x_razon_41.4447_(vela_alineada_al_ultimo_trade_16:14_NY_(cadena_congelada_414_min)),749.76,75,0.460,-0.747,31115.10,31023.31,31290.72,30876.28,31083.50,424,750.00,31042.06,268,749.00,vol,4,31083.50,424,03:25:57,2026-10-09 03:24:55,747.75,75,0.460,31115.10,31023.31,31290.72,30876.28,31083.50,424,31042.06,268,4,0,SI,00:28:54,31072.00,241.83,CRUDA_90_ticks,2026-10-09_03:25:14,03:25:52,ultima_local_(CBOE_directo),30830.17,292,-0.577,31064.95,31079.43,31201.83,30941.83,31041.83,-147,30800.00,31031.83,-122,30790.00,3,292,-0.577,31064.95,31079.43,31201.83,30941.83,31041.83,-147,31031.83,-122,3,5,31014.35 31018.88 31023.22 31050.71 31064.95 31081.75 31081.93 31099.66 31113.97,SI,41.435157,7.13,240.70,1.13,D1:31076.37(348) D2:31076.37(-516.9),D1:30993.50(112.1) D2:31076.37(-168.9),D1:31076.37(2653.7) D2:31076.37(-2229.5),D1:31076.37(424.1) D2:31117.80(-132.9),Z:31055.76(),D1:31140.70(121.1) D2:31040.70(-257.3),D1:31150.70(54.3) D2:31040.70(-146.4),D1:31098.53() D2:31063.82(),Z:31102.07(),31069.34 31038.22 31064.95,31076.37 31034.93 31107.92
2026-10-09 00:29,2026-10-09 03:29,I4@00:08:03,00:29:25,31072.75,41.4447,41.44466733533935,libro_CBOE_QQQ_x_razon_41.4447_(vela_alineada_al_ultimo_trade_16:14_NY_(cadena_congelada_414_min)),749.74,75,0.417,-0.751,31115.10,31023.32,31290.72,30876.28,31083.50,424,750.00,31042.06,268,749.00,vol,4,31083.50,424,03:25:57,2026-10-09 03:24:55,747.75,75,0.417,31115.10,31023.32,31290.72,30876.28,31083.50,424,31042.06,268,4,0,SI,00:29:55,31077.50,241.83,CRUDA_90_ticks,2026-10-09_03:25:14,03:25:52,ultima_local_(CBOE_directo),30835.67,292,-0.477,31081.75,31079.43,31201.83,30941.83,31041.83,-146,30800.00,31031.83,-122,30790.00,3,292,-0.477,31081.75,31079.43,31201.83,30941.83,31041.83,-146,31031.83,-122,3,5,31018.87 31023.22 31050.70 31064.95 31081.75 31081.93 31099.66 31113.97,SI,41.435157,7.13,240.69,1.14,D1:31076.37(348.2) D2:31076.37(-517.2),D1:30993.50(112.2) D2:31076.37(-169),D1:31076.37(2655) D2:31076.37(-2230.7),D1:31076.37(424.4) D2:31117.80(-133),Z:31055.83(),D1:31140.69(121.1) D2:31040.69(-257.5),D1:31150.69(54.3) D2:31040.69(-146.5),D1:31098.53() D2:31063.81(),Z:31102.08(),31038.23 31036.23 31081.75,31076.37 31034.93 31107.89
2026-10-09 00:30,2026-10-09 03:30,I4@00:08:03,00:30:25,31071.00,41.4447,41.44466733533935,libro_CBOE_QQQ_x_razon_41.4447_(vela_alineada_al_ultimo_trade_16:14_NY_(cadena_congelada_414_min)),749.70,75,0.342,-0.759,31115.12,31023.33,31290.72,30876.28,31083.50,424,750.00,31042.06,268,749.00,vol,4,31083.50,424,03:25:57,2026-10-09 03:24:55,747.75,75,0.342,31115.12,31023.33,31290.72,30876.28,31083.50,424,31042.06,268,4,0,SI,00:30:55,31071.00,241.83,CRUDA_90_ticks,2026-10-09_03:25:14,03:25:52,ultima_local_(CBOE_directo),30829.17,292,-0.596,31064.95,31079.43,31201.83,30941.83,31041.83,-147,30800.00,31031.83,-123,30790.00,3,292,-0.596,31064.95,31079.43,31201.83,30941.83,31041.83,-147,31031.83,-123,3,5,31014.35 31018.88 31023.22 31050.71 31064.95 31081.75 31081.93 31099.66 31113.97,SI,41.435157,7.13,240.69,1.14,D1:31076.37(348.4) D2:31076.37(-517.5),D1:30993.50(111.5) D2:31076.37(-169.1),D1:31076.37(2656.4) D2:31076.37(-2231.8),D1:31076.37(424.6) D2:31117.80(-133.6),Z:31055.83(),D1:31140.69(121.8) D2:31040.69(-256.7),D1:31150.69(54.7) D2:31040.69(-146),D1:31098.52() D2:31063.81(),Z:31102.08(),31038.22 31036.23 31064.95,31076.37 31034.93 31107.91
2026-10-09 00:31,2026-10-09 03:31,I4@00:08:03,00:31:27,31071.50,41.4447,41.44466733533935,libro_CBOE_QQQ_x_razon_41.4447_(vela_alineada_al_ultimo_trade_16:14_NY_(cadena_congelada_419_min)),749.71,75,0.363,-0.757,31115.11,31023.33,31290.72,30876.28,31083.50,425,750.00,31042.06,269,749.00,vol,4,31083.50,425,03:30:57,2026-10-09 03:29:55,747.75,75,0.363,31115.11,31023.33,31290.72,30876.28,31083.50,425,31042.06,269,4,0,SI,00:31:59,31076.75,241.83,CRUDA_90_ticks,2026-10-09_03:30:14,03:30:52,ultima_local_(CBOE_directo),30834.92,292,-0.492,31081.75,31079.43,31201.83,30941.83,31041.83,-146,30800.00,31031.83,-122,30790.00,3,292,-0.492,31081.75,31079.43,31201.83,30941.83,31041.83,-146,31031.83,-122,3,5,31018.87 31023.22 31050.70 31064.95 31081.75 31081.93 31099.66 31113.97,SI,41.435157,7.13,240.69,1.14,D1:31076.37(348.6) D2:31076.37(-517.7),D1:30993.50(111.5) D2:31076.37(-169.2),D1:31076.37(2657.8) D2:31076.37(-2233),D1:31076.37(424.8) D2:31117.80(-133.7),Z:31055.83(),D1:31140.69(121.9) D2:31040.69(-256.8),D1:31150.69(54.7) D2:31040.69(-146),D1:31098.52() D2:31063.81(),Z:31102.09(),31069.34 31038.22 31064.95,31076.37 31034.93 31107.94
2026-10-09 00:32,2026-10-09 03:32,I4@00:08:03,00:32:28,31075.25,41.4447,41.44466733533935,libro_CBOE_QQQ_x_razon_41.4447_(vela_alineada_al_ultimo_trade_16:14_NY_(cadena_congelada_419_min)),749.80,75,0.523,-0.741,31115.09,31023.30,31290.72,30876.28,31083.50,425,750.00,31042.06,268,749.00,vol,4,31083.50,425,03:30:57,2026-10-09 03:29:55,747.75,75,0.523,31115.09,31023.30,31290.72,30876.28,31083.50,425,31042.06,268,4,0,SI,00:32:59,31072.50,241.83,CRUDA_90_ticks,2026-10-09_03:30:14,03:30:52,ultima_local_(CBOE_directo),30830.67,292,-0.570,31064.95,31079.43,31201.83,30941.83,31041.83,-147,30800.00,31031.83,-122,30790.00,3,292,-0.570,31064.95,31079.43,31201.83,30941.83,31041.83,-147,31031.83,-122,3,5,31014.35 31018.88 31023.22 31050.71 31064.95 31081.75 31081.93 31099.66 31113.97,SI,41.435157,7.13,240.69,1.14,D1:31076.37(348.7) D2:31076.37(-518),D1:30993.50(111.7) D2:31076.37(-169.3),D1:31076.37(2659.2) D2:31076.37(-2234.1),D1:31076.37(425) D2:31117.80(-133.7),Z:31055.83(),D1:31140.69(121.9) D2:31040.69(-257.1),D1:31150.69(54.7) D2:31040.69(-146.2),D1:31098.52() D2:31063.81(),Z:31102.10(),31038.22 31036.23 31081.75,31076.37 31034.93 31107.90
2026-10-09 00:33,2026-10-09 03:33,I4@00:08:03,00:33:28,31064.50,41.4447,41.44466733533935,libro_CBOE_QQQ_x_razon_41.4447_(vela_alineada_al_ultimo_trade_16:14_NY_(cadena_congelada_419_min)),749.54,75,0.063,-0.786,31115.16,31023.37,31290.72,30876.28,31083.50,424,750.00,31042.06,270,749.00,vol,4,31083.50,424,03:30:57,2026-10-09 03:29:55,747.75,75,0.063,31115.16,31023.37,31290.72,30876.28,31083.50,424,31042.06,270,4,0,SI,,,,,,,,,,,,,,,,,,,,,,,,,,,,,,,,,,,,41.435157,7.13,240.69,,D1:31076.37(348.9) D2:31076.37(-518.3),D1:30993.50(111.7) D2:31076.37(-169.4),D1:31076.37(2660.5) D2:31076.37(-2235.3),D1:31076.37(425.2) D2:31117.80(-133.7),Z:31055.83(),D1:31140.69(121.9) D2:31040.69(-257.2),D1:31150.69(54.8) D2:31040.69(-146.3),D1:31098.52() D2:31063.81(),Z:31102.10(),31038.22 31036.23 31064.95,31076.37 31034.93 31107.92
2026-10-09 00:34,2026-10-09 03:34,I4@00:08:03,00:34:29,31076.75,41.4447,41.44466733533935,libro_CBOE_QQQ_x_razon_41.4447_(vela_alineada_al_ultimo_trade_16:14_NY_(cadena_congelada_419_min)),749.84,75,0.587,-0.736,31115.08,31023.29,31290.72,30876.28,31083.50,425,750.00,31042.06,268,749.00,vol,4,31083.50,425,03:30:57,2026-10-09 03:29:55,747.75,75,0.587,31115.08,31023.29,31290.72,30876.28,31083.50,425,31042.06,268,4,0,SI,00:34:03,31071.00,241.83,CRUDA_90_ticks,2026-10-09_03:30:14,03:30:52,ultima_local_(CBOE_directo),30829.17,292,-0.597,31064.95,31079.43,31201.83,30941.83,31041.83,-147,30800.00,31031.83,-123,30790.00,3,292,-0.597,31064.95,31079.43,31201.83,30941.83,31041.83,-147,31031.83,-123,3,5,31014.35 31018.88 31023.22 31050.71 31064.95 31081.75 31081.93 31099.66 31113.97,SI,41.435157,7.13,240.68,1.15,D1:31076.37(349) D2:31076.37(-518.5),D1:30993.50(112.7) D2:31076.37(-169.4),D1:31076.37(2661.5) D2:31076.37(-2236.1),D1:31076.37(425.4) D2:31117.80(-133.1),Z:31055.90(),D1:31140.68(121.2) D2:31040.68(-258.4),D1:31150.68(54.4) D2:31040.68(-147.1),D1:31098.51() D2:31063.80(),Z:31102.11(),31038.23 31036.23 31081.75,31076.37 31034.93 31107.89
2026-10-09 00:35,2026-10-09 03:35,I4@00:08:03,00:35:29,31077.25,41.4447,41.44466733533935,libro_CBOE_QQQ_x_razon_41.4447_(vela_alineada_al_ultimo_trade_16:14_NY_(cadena_congelada_419_min)),749.85,75,0.608,-0.734,31115.07,31023.28,31290.72,30876.28,31083.50,426,750.00,31042.06,268,749.00,vol,4,31083.50,426,03:30:57,2026-10-09 03:29:55,747.75,75,0.608,31115.07,31023.28,31290.72,30876.28,31083.50,426,31042.06,268,4,0,SI,00:35:08,31076.75,241.83,CRUDA_90_ticks,2026-10-09_03:30:14,03:30:54,ultima_por_API_(fresca),30834.92,292,-0.493,31081.75,31079.43,31201.83,30941.83,31041.83,-147,30800.00,31031.83,-122,30790.00,3,292,-0.493,31081.75,31079.43,31201.83,30941.83,31041.83,-147,31031.83,-122,3,5,31018.87 31023.22 31050.70 31064.95 31081.75 31081.93 31099.66 31113.97,SI,41.435157,7.13,240.68,1.15,D1:31076.37(349.2) D2:31076.37(-518.7),D1:30993.50(112.7) D2:31076.37(-169.5),D1:31076.37(2662.9) D2:31076.37(-2237.3),D1:31076.37(425.6) D2:31117.80(-133.2),Z:31055.90(),D1:31140.68(121.2) D2:31040.68(-258.5),D1:31150.68(54.4) D2:31040.68(-147.1),D1:31098.51() D2:31063.80(),Z:31102.12(),31038.23 31036.22 31081.75,31076.37 31117.80 31107.87
2026-10-09 00:36,2026-10-09 03:36,I4@00:08:03,00:36:31,31084.25,41.4447,41.44466733533935,libro_CBOE_QQQ_x_razon_41.4447_(vela_alineada_al_ultimo_trade_16:14_NY_(cadena_congelada_419_min)),750.02,75,0.910,-0.704,31115.03,31023.23,31290.72,30876.28,31083.50,426,750.00,31042.06,267,749.00,vol,4,31083.50,426,03:35:56,2026-10-09 03:34:55,747.75,75,0.910,31115.03,31023.23,31290.72,30876.28,31083.50,426,31042.06,267,4,1,SI,00:36:13,31082.50,241.83,CRUDA_90_ticks,2026-10-09_03:30:14,03:30:54,ultima_por_API_(fresca),30840.67,292,-0.388,31081.93,31079.42,31201.83,30941.83,31041.83,-146,30800.00,31031.83,-121,30790.00,3,292,-0.388,31081.93,31079.42,31201.83,30941.83,31041.83,-146,31031.83,-121,3,4,31023.23 31050.70 31064.95 31081.75 31081.93 31099.66 31113.96,SI,41.435157,7.13,240.68,1.15,D1:31076.37(349.4) D2:31076.37(-519),D1:30993.50(111.3) D2:31076.37(-169.6),D1:31076.37(2664) D2:31076.37(-2238.2),D1:31076.37(425.8) D2:31117.80(-134.3),Z:31055.90(),D1:31140.68(122.6) D2:31040.68(-256.8),D1:31150.68(55.1) D2:31040.68(-146),D1:31098.51() D2:31063.80(),Z:31102.12(),31038.23 31036.22 31081.93,31076.37 31117.80 31107.84
2026-10-09 00:37,2026-10-09 03:37,I4@00:08:03,00:37:31,31083.50,41.4447,41.44466733533935,libro_CBOE_QQQ_x_razon_41.4447_(vela_alineada_al_ultimo_trade_16:14_NY_(cadena_congelada_424_min)),750.00,75,0.878,-0.707,31115.03,31023.24,31290.72,30876.28,31083.50,426,750.00,31042.06,267,749.00,vol,4,31083.50,426,03:35:56,2026-10-09 03:34:55,747.75,75,0.878,31115.03,31023.24,31290.72,30876.28,31083.50,426,31042.06,267,4,0,SI,00:37:17,31083.25,241.83,CRUDA_90_ticks,2026-10-09_03:35:15,03:35:52,ultima_local_(CBOE_directo),30841.42,292,-0.375,31081.93,31085.95,31201.83,30941.83,31041.83,-146,30800.00,31031.83,-121,30790.00,3,292,-0.375,31081.93,31085.95,31201.83,30941.83,31041.83,-146,31031.83,-121,3,5,31023.23 31050.70 31064.95 31081.75 31081.93 31099.66 31113.96,SI,41.435157,7.13,240.68,1.15,D1:31076.37(349.6) D2:31076.37(-519.2),D1:30993.50(111.3) D2:31076.37(-169.7),D1:31076.37(2665.4) D2:31076.37(-2239.3),D1:31076.37(426) D2:31117.80(-134.4),Z:31055.90(),D1:31140.68(122.7) D2:31040.68(-256.9),D1:31150.68(55.1) D2:31040.68(-146),D1:31098.51() D2:31063.80(),Z:31102.13(),31038.24 31036.22 31081.93,31076.37 31117.80 31107.82
2026-10-09 00:38,2026-10-09 03:38,I4@00:08:03,00:38:32,31083.25,41.4447,41.44466733533935,libro_CBOE_QQQ_x_razon_41.4447_(vela_alineada_al_ultimo_trade_16:14_NY_(cadena_congelada_424_min)),749.99,75,0.867,-0.709,31115.03,31023.24,31290.72,30876.28,31083.50,426,750.00,31042.06,267,749.00,vol,4,31083.50,426,03:35:56,2026-10-09 03:34:55,747.75,75,0.867,31115.03,31023.24,31290.72,30876.28,31083.50,426,31042.06,267,4,0,SI,00:38:22,31085.75,241.83,CRUDA_90_ticks,2026-10-09_03:35:15,03:35:52,ultima_local_(CBOE_directo),30843.92,292,-0.329,31081.93,31085.95,31201.83,30941.83,31041.83,-145,30800.00,31031.83,-121,30790.00,3,292,-0.329,31081.93,31085.95,31201.83,30941.83,31041.83,-145,31031.83,-121,3,5,31050.70 31064.95 31081.75 31081.93 31099.66 31113.96 31145.51,SI,41.435157,7.13,240.67,1.16,D1:31076.37(349.4) D2:31076.37(-518.9),D1:30993.50(110.2) D2:31076.37(-169.6),D1:31076.37(2663.9) D2:31076.37(-2238),D1:31076.37(425.9) D2:31117.80(-135.1),Z:31055.90(),D1:31140.67(123.6) D2:31040.67(-255.4),D1:31150.67(55.6) D2:31040.67(-145),D1:31098.51() D2:31063.80(),Z:31102.14(),31038.24 31036.22 31081.93,31076.37 31117.80 31107.82
2026-10-09 00:39,2026-10-09 03:39,I4@00:08:03,00:39:33,31080.25,41.4447,41.44466733533935,libro_CBOE_QQQ_x_razon_41.4447_(vela_alineada_al_ultimo_trade_16:14_NY_(cadena_congelada_424_min)),749.92,75,0.737,-0.722,31115.05,31023.26,31290.72,30876.28,31083.50,427,750.00,31042.06,268,749.00,vol,4,31083.50,427,03:35:56,2026-10-09 03:34:55,747.75,75,0.737,31115.05,31023.26,31290.72,30876.28,31083.50,427,31042.06,268,4,0,SI,00:39:23,31081.00,241.83,CRUDA_90_ticks,2026-10-09_03:35:15,03:35:52,ultima_local_(CBOE_directo),30839.17,292,-0.417,31081.75,31079.42,31201.83,30941.83,31041.83,-146,30800.00,31031.83,-122,30790.00,3,292,-0.417,31081.75,31079.42,31201.83,30941.83,31041.83,-146,31031.83,-122,3,5,31023.23 31050.70 31064.95 31081.75 31081.93 31099.66 31113.96,SI,41.435157,7.13,240.67,1.16,D1:31076.37(349.5) D2:31076.37(-519.2),D1:30993.50(110.2) D2:31076.37(-169.6),D1:31076.37(2665.1) D2:31076.37(-2239.1),D1:31076.37(426.1) D2:31117.80(-135.2),Z:31055.96(),D1:31140.67(123.7) D2:31040.67(-255.5),D1:31150.67(55.6) D2:31040.67(-145),D1:31098.50() D2:31063.80(),Z:31102.14(),31038.23 31036.22 31081.75,31076.37 31117.80 31107.88
2026-10-09 00:40,2026-10-09 03:40,I4@00:08:03,00:40:34,31079.25,41.4447,41.44466733533935,libro_CBOE_QQQ_x_razon_41.4447_(vela_alineada_al_ultimo_trade_16:14_NY_(cadena_congelada_424_min)),749.90,75,0.694,-0.726,31115.06,31023.27,31290.72,30876.28,31083.50,427,750.00,31042.06,268,749.00,vol,4,31083.50,427,03:35:56,2026-10-09 03:34:55,747.75,75,0.694,31115.06,31023.27,31290.72,30876.28,31083.50,427,31042.06,268,4,0,SI,00:40:23,31079.25,241.83,CRUDA_90_ticks,2026-10-09_03:35:15,03:35:52,ultima_local_(CBOE_directo),30837.42,292,-0.450,31081.75,31079.42,31201.83,30941.83,31041.83,-147,30800.00,31031.83,-122,30790.00,3,292,-0.450,31081.75,31079.42,31201.83,30941.83,31041.83,-147,31031.83,-122,3,5,31018.87 31023.23 31050.70 31064.95 31081.75 31081.93 31099.66 31113.96,SI,41.435157,7.13,240.67,1.16,D1:31076.37(350.1) D2:31076.37(-520),D1:30993.50(111.7) D2:31076.37(-169.9),D1:31076.37(2669.6) D2:31076.37(-2242.9),D1:31076.37(426.7) D2:31117.80(-134.5),Z:31055.96(),D1:31140.67(122.7) D2:31040.67(-257.6),D1:31150.67(55.1) D2:31040.67(-146.4),D1:31098.50() D2:31063.79(),Z:31102.15(),31038.23 31036.22 31081.75,31076.37 31117.80 31107.87
2026-10-09 00:41,2026-10-09 03:41,I4@00:08:03,00:41:34,31082.50,41.4447,41.44466733533935,libro_CBOE_QQQ_x_razon_41.4447_(vela_alineada_al_ultimo_trade_16:14_NY_(cadena_congelada_429_min)),749.98,75,0.834,-0.713,31115.04,31023.24,31290.72,30876.28,31083.50,427,750.00,31042.06,268,749.00,vol,4,31083.50,427,03:40:57,2026-10-09 03:39:55,747.75,75,0.834,31115.04,31023.24,31290.72,30876.28,31083.50,427,31042.06,268,4,0,SI,00:41:26,31083.00,241.83,CRUDA_90_ticks,2026-10-09_03:40:15,03:40:53,ultima_local_(CBOE_directo),30841.17,292,-0.381,31081.93,31085.95,31201.83,30941.83,31041.83,-146,30800.00,31031.83,-122,30790.00,3,292,-0.381,31081.93,31085.95,31201.83,30941.83,31041.83,-146,31031.83,-122,3,4,31023.23 31050.70 31064.95 31081.75 31081.93 31099.66 31113.96,SI,41.435157,7.13,240.67,1.16,D1:31076.37(350.3) D2:31076.37(-520.3),D1:30993.50(111.7) D2:31076.37(-170),D1:31076.37(2670.9) D2:31076.37(-2244),D1:31076.37(426.9) D2:31117.80(-134.5),Z:31055.96(),D1:31140.67(122.7) D2:31040.67(-257.7),D1:31150.67(55.1) D2:31040.67(-146.5),D1:31098.50() D2:31063.79(),Z:31102.15(),31038.23 31036.22 31081.93,31076.37 31117.80 31107.85
2026-10-09 00:42,2026-10-09 03:42,I4@00:08:03,00:42:34,31086.25,41.4447,41.44466733533935,libro_CBOE_QQQ_x_razon_41.4447_(vela_alineada_al_ultimo_trade_16:14_NY_(cadena_congelada_429_min)),750.07,75,0.997,-0.697,31115.01,31023.22,31290.72,30876.28,31083.50,427,750.00,31042.06,267,749.00,vol,4,31083.50,427,03:40:57,2026-10-09 03:39:55,747.75,75,0.997,31115.01,31023.22,31290.72,30876.28,31083.50,427,31042.06,267,4,1,SI,00:42:30,31086.50,241.83,CRUDA_90_ticks,2026-10-09_03:40:15,03:40:53,ultima_local_(CBOE_directo),30844.67,292,-0.317,31081.93,31085.95,31201.83,30941.83,31041.83,-146,30800.00,31031.83,-121,30790.00,3,292,-0.317,31081.93,31085.95,31201.83,30941.83,31041.83,-146,31031.83,-121,3,5,31050.70 31064.95 31081.75 31081.93 31099.66 31113.96 31145.51,SI,41.435157,7.13,240.66,1.17,D1:31076.37(350.3) D2:31076.37(-520.3),D1:30993.50(111) D2:31076.37(-170),D1:31076.37(2671) D2:31076.37(-2244),D1:31076.37(427) D2:31117.80(-135.1),Z:31055.96(),D1:31140.66(123.4) D2:31040.66(-256.8),D1:31150.66(55.5) D2:31040.66(-145.9),D1:31098.50() D2:31063.79(),Z:31102.16(),31038.23 31036.22 31081.93,31076.37 31117.80 31107.85
2026-10-09 00:43,2026-10-09 03:43,I4@00:08:03,00:43:35,31090.25,41.4447,41.44466733533935,libro_CBOE_QQQ_x_razon_41.4447_(vela_alineada_al_ultimo_trade_16:14_NY_(cadena_congelada_429_min)),750.16,75,1.171,-0.679,31114.99,31023.19,31290.72,30876.28,31083.50,427,750.00,31042.06,267,749.00,vol,4,31083.50,427,03:40:57,2026-10-09 03:39:55,747.75,75,1.171,31114.99,31023.19,31290.72,30876.28,31083.50,427,31042.06,267,4,1,SI,00:43:30,31091.25,241.83,CRUDA_90_ticks,2026-10-09_03:40:15,03:40:53,ultima_local_(CBOE_directo),30849.42,292,-0.228,31099.66,31085.95,31201.83,30941.83,31041.83,-145,30800.00,31031.83,-121,30790.00,3,292,-0.228,31099.66,31085.95,31201.83,30941.83,31041.83,-145,31031.83,-121,3,5,31050.69 31064.96 31081.75 31081.93 31099.66 31113.96 31145.53,SI,41.435157,7.13,240.66,1.17,D1:31076.37(350.5) D2:31076.37(-520.6),D1:30993.50(111) D2:31076.37(-170.1),D1:31076.37(2672.3) D2:31076.37(-2245.1),D1:31076.37(427.2) D2:31117.80(-135.1),Z:31055.96(),D1:31140.66(123.5) D2:31040.66(-256.9),D1:31150.66(55.5) D2:31040.66(-145.9),D1:31098.49() D2:31063.78(),Z:31102.17(),31038.24 31036.21 31081.93,31076.37 31117.80 31107.81
2026-10-09 00:44,2026-10-09 03:44,I4@00:08:03,00:44:35,31089.75,41.4447,41.44466733533935,libro_CBOE_QQQ_x_razon_41.4447_(vela_alineada_al_ultimo_trade_16:14_NY_(cadena_congelada_429_min)),750.15,75,1.149,-0.682,31114.99,31023.19,31290.72,30876.28,31083.50,428,750.00,31042.06,267,749.00,vol,4,31083.50,428,03:40:57,2026-10-09 03:39:55,747.75,75,1.149,31114.99,31023.19,31290.72,30876.28,31083.50,428,31042.06,267,4,1,SI,00:44:32,31091.25,241.83,CRUDA_90_ticks,2026-10-09_03:40:15,03:40:53,ultima_local_(CBOE_directo),30849.42,292,-0.229,31099.66,31085.95,31201.83,30941.83,31041.83,-145,30800.00,31031.83,-121,30790.00,3,292,-0.229,31099.66,31085.95,31201.83,30941.83,31041.83,-145,31031.83,-121,3,5,31050.69 31064.96 31081.75 31081.93 31099.66 31113.96 31145.53,SI,41.435157,7.13,240.66,1.17,D1:31076.37(349.9) D2:31076.37(-519.7),D1:30993.50(109.5) D2:31076.37(-169.8),D1:31076.37(2668.2) D2:31076.37(-2241.5),D1:31076.37(426.7) D2:31117.80(-135.9),Z:31056.03(),D1:31140.66(124.6) D2:31040.66(-254.6),D1:31150.66(56.1) D2:31040.66(-144.4),D1:31098.49() D2:31063.79(),Z:31102.17(),31038.24 31036.21 31099.66,31076.37 31117.80 31107.79
2026-10-09 00:45,2026-10-09 03:45,I4@00:08:03,00:45:37,31090.75,41.4447,41.44466733533935,libro_CBOE_QQQ_x_razon_41.4447_(vela_alineada_al_ultimo_trade_16:14_NY_(cadena_congelada_429_min)),750.17,75,1.193,-0.678,31114.98,31023.18,31290.72,30876.28,31083.50,428,750.00,31042.06,267,749.00,vol,4,31083.50,428,03:40:57,2026-10-09 03:39:55,747.75,75,1.193,31114.98,31023.18,31290.72,30876.28,31083.50,428,31042.06,267,4,1,SI,00:45:37,31090.75,241.83,CRUDA_90_ticks,2026-10-09_03:40:15,03:40:53,ultima_local_(CBOE_directo),30848.92,292,-0.238,31081.93,31085.95,31201.83,30941.83,31041.83,-145,30800.00,31031.83,-121,30790.00,3,292,-0.238,31081.93,31085.95,31201.83,30941.83,31041.83,-145,31031.83,-121,3,5,31050.69 31064.96 31081.75 31081.93 31099.66 31113.96 31145.52,SI,41.435157,7.13,240.66,1.17,D1:31076.37(350.1) D2:31076.37(-520),D1:30993.50(109.5) D2:31076.37(-169.9),D1:31076.37(2669.5) D2:31076.37(-2242.6),D1:31076.37(426.9) D2:31117.80(-136),Z:31056.03(),D1:31140.66(124.6) D2:31040.66(-254.7),D1:31150.66(56.1) D2:31040.66(-144.5),D1:31098.49() D2:31063.79(),Z:31102.18(),31038.24 31036.21 31081.93,31076.37 31117.80 31107.81
2026-10-09 00:46,2026-10-09 03:46,I4@00:08:03,00:46:37,31091.00,41.4447,41.44466733533935,libro_CBOE_QQQ_x_razon_41.4447_(vela_alineada_al_ultimo_trade_16:14_NY_(cadena_congelada_434_min)),750.18,75,1.204,-0.677,31114.98,31023.18,31290.72,30876.28,31083.50,428,750.00,31042.06,267,749.00,vol,4,31083.50,428,03:45:56,2026-10-09 03:44:56,747.75,75,1.204,31114.98,31023.18,31290.72,30876.28,31083.50,428,31042.06,267,4,1,SI,00:46:39,31090.75,241.83,CRUDA_90_ticks,2026-10-09_03:44:15,03:45:53,ultima_local_(CBOE_directo),30848.92,292,-0.238,31081.93,31085.95,31201.83,30941.83,31041.83,-145,30800.00,31031.83,-121,30790.00,3,292,-0.238,31081.93,31085.95,31201.83,30941.83,31041.83,-145,31031.83,-121,3,5,31050.69 31064.96 31081.75 31081.93 31099.66 31113.96 31145.52,SI,41.435157,7.13,240.65,1.18,D1:31076.37(350.5) D2:31076.37(-520.6),D1:30993.50(109.9) D2:31076.37(-170.1),D1:31076.37(2672.5) D2:31076.37(-2245.2),D1:31076.37(427.3) D2:31117.80(-135.9),Z:31056.03(),D1:31140.65(124.5) D2:31040.65(-255.4),D1:31150.65(56) D2:31040.65(-144.9),D1:31098.49() D2:31063.78(),Z:31102.19(),31038.24 31036.21 31081.93,31076.37 31117.80 31107.80
