i,t_llegada,noche,pista,raya,tipo,resultado,censurada,motivo,t_decision,min_a_decision,pinchazo_max,precision,precision_abs,cierres_mas_alla,falso_rompimiento,nombres,etiquetas,recorrido,recorrido_desde_punta,recorrido_tramo,t_mfe,min_a_mfe,fin_recorrido,recorrido_censurado,t_rerotura,opuesta,dist_opuesta,llega_opuesta,t_llega_opuesta
3,2026-09-13 22:13:00,2026-09-14,1,29305.28,techo,rota,False,cierre mas alla de +5 con cuerpo 15.75,2026-09-13 22:14:00,1,12.47,12.47,12.47,1,False,"['dom0', 'dom1']",['QQQ706'],,,,,,,,,,,,
6,2026-09-13 22:16:00,2026-09-14,1,29305.28,piso,sostenido,False,giro de 15 pts,2026-09-13 22:19:00,3,3.03,3.03,3.03,0,True,"['dom0', 'dom1']",['QQQ706'],85.97,89.00,85.97,2026-09-13 22:37:00,21.00,re-rotura,False,2026-09-14 00:26:00,29346.79,41.51,True,2026-09-13 22:26:00
16,2026-09-13 22:26:00,2026-09-14,0,29346.79,techo,rota,False,cierre mas alla de +5 con cuerpo 7.00,2026-09-13 22:28:00,2,13.71,13.71,13.71,3,False,"['dom0', 'dom1']",['QQQ707'],,,,,,,,,,,,
50,2026-09-13 23:00:00,2026-09-14,0,29346.79,piso,sostenido,False,giro de 15 pts,2026-09-13 23:01:00,1,-1.71,-1.71,1.71,0,False,"['dom0', 'dom1']",['QQQ707'],43.46,43.46,17.71,2026-09-13 23:30:00,30.00,re-rotura,False,2026-09-13 23:37:00,,,,
54,2026-09-13 23:04:00,2026-09-14,0,29346.79,piso,sostenido,False,giro de 15 pts,2026-09-13 23:23:00,19,2.04,2.04,2.04,0,True,"['dom0', 'dom1']",['QQQ707'],43.46,45.50,43.46,2026-09-13 23:30:00,26.00,re-rotura,False,2026-09-13 23:37:00,,,,
85,2026-09-13 23:35:00,2026-09-14,0,29346.79,piso,rota,False,cierre mas alla de +5 con cuerpo 16.75,2026-09-13 23:37:00,2,16.04,16.04,16.04,1,False,"['dom0', 'dom1']",['QQQ707'],,,,,,,,,,,,
99,2026-09-13 23:49:00,2026-09-14,1,29305.28,piso,sostenido,False,giro de 15 pts,2026-09-13 23:52:00,3,4.78,4.78,4.78,1,True,"['dom0', 'dom1']",['QQQ706'],60.22,65.00,22.47,2026-09-14 00:08:00,19.00,re-rotura,False,2026-09-14 00:26:00,29346.79,41.51,True,2026-09-14 00:05:00
106,2026-09-13 23:56:00,2026-09-14,1,29305.28,piso,sostenido,False,giro de 15 pts,2026-09-14 00:01:00,5,5.53,5.53,5.53,2,True,"['dom0', 'dom1']",['QQQ706'],60.22,65.75,60.22,2026-09-14 00:08:00,12.00,re-rotura,False,2026-09-14 00:26:00,29346.79,41.51,True,2026-09-14 00:05:00
115,2026-09-14 00:05:00,2026-09-14,0,29346.79,techo,rota,False,cierre mas alla de +5 con cuerpo 10.00,2026-09-14 00:06:00,1,7.21,7.21,7.21,1,False,"['dom0', 'dom1']",['QQQ707'],,,,,,,,,,,,
120,2026-09-14 00:10:00,2026-09-14,0,29346.79,piso,rota,False,cierre mas alla de +5 con cuerpo 6.50,2026-09-14 00:16:00,6,18.79,18.79,18.79,2,False,"['dom0', 'dom1']",['QQQ707'],,,,,,,,,,,,
128,2026-09-14 00:18:00,2026-09-14,0,29346.79,techo,sostenido,False,giro de 15 pts,2026-09-14 00:20:00,2,1.71,1.71,1.71,0,False,"['dom0', 'dom1']",['QQQ707'],60.04,61.75,60.04,2026-09-14 01:01:00,43.00,re-rotura,False,2026-09-14 01:57:00,29305.28,41.51,True,2026-09-14 00:26:00
136,2026-09-14 00:26:00,2026-09-14,1,29305.28,piso,rota,False,cierre mas alla de +5 con cuerpo 13.25,2026-09-14 00:26:00,0,9.78,9.78,9.78,1,False,"['dom0', 'dom1']",['QQQ706'],,,,,,,,,,,,
148,2026-09-14 00:38:00,2026-09-14,1,29305.28,piso,sostenido,False,giro de 15 pts,2026-09-14 00:44:00,6,7.53,7.53,7.53,0,True,"['dom0', 'dom1']",['QQQ706'],30.22,37.75,30.22,2026-09-14 00:45:00,7.00,re-rotura,False,2026-09-14 01:01:00,29346.79,41.51,False,
168,2026-09-14 00:58:00,2026-09-14,1,29305.28,piso,rota,False,3 cierres seguidos mas alla,2026-09-14 01:01:00,3,18.53,18.53,18.53,3,False,"['dom0', 'dom1']",['QQQ706'],,,,,,,,,,,,
172,2026-09-14 01:02:00,2026-09-14,1,29305.28,techo,rota,False,cierre mas alla de +5 con cuerpo 7.25,2026-09-14 01:03:00,1,16.47,16.47,16.47,2,False,"['dom0', 'dom1']",['QQQ706'],,,,,,,,,,,,
175,2026-09-14 01:05:00,2026-09-14,1,29305.28,piso,sostenido,False,giro de 15 pts,2026-09-14 01:09:00,4,1.03,1.03,1.03,0,False,"['dom0', 'dom1']",['QQQ706'],23.97,25.00,23.97,2026-09-14 01:11:00,6.00,re-rotura,False,2026-09-14 01:15:00,29346.79,41.51,False,
182,2026-09-14 01:12:00,2026-09-14,1,29305.28,piso,rota,False,3 cierres seguidos mas alla,2026-09-14 01:15:00,3,7.28,7.28,7.28,3,False,"['dom0', 'dom1']",['QQQ706'],,,,,,,,,,,,
196,2026-09-14 01:26:00,2026-09-14,1,29305.28,techo,rota,False,3 cierres seguidos mas alla,2026-09-14 01:29:00,3,7.72,7.72,7.72,3,False,"['dom0', 'dom1']",['QQQ706'],,,,,,,,,,,,
205,2026-09-14 01:35:00,2026-09-14,1,29305.28,techo,rota,False,3 cierres seguidos mas alla,2026-09-14 01:37:00,2,11.97,11.97,11.97,3,False,"['dom0', 'dom1']",['QQQ706'],,,,,,,,,,,,
226,2026-09-14 01:56:00,2026-09-14,0,29346.79,techo,rota,False,cierre mas alla de +5 con cuerpo 11.00,2026-09-14 01:57:00,1,16.71,16.71,16.71,2,False,"['dom0', 'dom1']",['QQQ707'],,,,,,,,,,,,
266,2026-09-14 02:36:00,2026-09-14,0,29346.79,piso,rota,False,3 cierres seguidos mas alla,2026-09-14 02:43:00,7,12.54,12.54,12.54,3,False,"['dom0', 'dom1']",['QQQ707'],,,,,,,,,,,,
289,2026-09-14 02:59:00,2026-09-14,0,29346.79,piso,rota,False,cierre mas alla de +5 con cuerpo 6.75,2026-09-14 03:10:00,11,8.04,8.04,8.04,4,False,"['dom0', 'dom1']",['QQQ707'],,,,,,,,,,,,
307,2026-09-14 03:17:00,2026-09-14,1,29305.28,piso,sostenido,False,giro de 15 pts,2026-09-14 03:22:00,5,1.78,1.78,1.78,0,False,"['dom0', 'dom1']",['QQQ706'],25.47,27.25,20.97,2026-09-14 04:07:00,50.00,re-rotura,False,2026-09-14 04:33:00,29346.79,41.51,False,
321,2026-09-14 03:31:00,2026-09-14,1,29305.28,piso,sostenido,False,giro de 15 pts,2026-09-14 04:01:00,30,0.28,0.28,0.28,0,False,"['dom0', 'dom1']",['QQQ706'],25.47,25.75,25.47,2026-09-14 04:07:00,36.00,re-rotura,False,2026-09-14 04:33:00,29346.79,41.51,False,
361,2026-09-14 04:11:00,2026-09-14,1,29305.28,piso,rota,False,3 cierres seguidos mas alla,2026-09-14 04:33:00,22,9.03,9.03,9.03,5,False,"['dom0', 'dom1']",['QQQ706'],,,,,,,,,,,,
393,2026-09-14 04:43:00,2026-09-14,1,29305.28,piso,sostenido,False,giro de 15 pts,2026-09-14 04:49:00,6,4.53,4.53,4.53,1,True,"['dom0', 'dom1']",['QQQ706'],24.97,29.50,24.97,2026-09-14 04:50:00,7.00,re-rotura,False,2026-09-14 05:18:00,29346.79,41.51,False,
407,2026-09-14 04:57:00,2026-09-14,1,29305.28,piso,sostenido,False,giro de 15 pts,2026-09-14 05:06:00,9,0.78,0.78,0.78,0,False,"['dom0', 'dom1']",['QQQ706'],15.97,16.75,15.97,2026-09-14 05:07:00,10.00,re-rotura,False,2026-09-14 05:18:00,29346.79,41.51,False,
421,2026-09-14 05:11:00,2026-09-14,1,29305.28,piso,rota,False,3 cierres seguidos mas alla,2026-09-14 05:18:00,7,4.78,4.78,4.78,3,False,"['dom0', 'dom1']",['QQQ706'],,,,,,,,,,,,
433,2026-09-14 05:23:00,2026-09-14,1,29305.28,techo,rota,False,cierre mas alla de +5 con cuerpo 6.50,2026-09-14 05:27:00,4,6.47,6.47,6.47,1,False,"['dom0', 'dom1']",['QQQ706'],,,,,,,,,,,,
439,2026-09-14 05:29:00,2026-09-14,1,29305.28,piso,rota,False,cierre mas alla de +5 con cuerpo 10.00,2026-09-14 05:41:00,12,9.28,9.28,9.28,6,False,"['dom0', 'dom1']",['QQQ706'],,,,,,,,,,,,
465,2026-09-14 05:55:00,2026-09-14,1,29305.28,techo,rota,False,cierre mas alla de +5 con cuerpo 16.50,2026-09-14 06:01:00,6,17.97,17.97,17.97,3,False,"['dom0', 'dom1']",['QQQ706'],,,,,,,,,,,,
492,2026-09-14 06:22:00,2026-09-14,1,29305.28,piso,sostenido,False,giro de 15 pts,2026-09-14 06:24:00,2,-1.72,-1.72,1.72,0,False,"['dom0', 'dom1']",['QQQ706'],25.72,25.72,25.72,2026-09-14 06:27:00,5.00,re-rotura,False,2026-09-14 06:35:00,29346.79,41.51,False,
502,2026-09-14 06:32:00,2026-09-14,1,29305.28,piso,rota,False,cierre mas alla de +5 con cuerpo 6.75,2026-09-14 06:35:00,3,8.28,8.28,8.28,3,False,"['dom0', 'dom1']",['QQQ706'],,,,,,,,,,,,
514,2026-09-14 06:44:00,2026-09-14,1,29305.28,techo,rota,False,cierre mas alla de +5 con cuerpo 4.25,2026-09-14 06:46:00,2,7.22,7.22,7.22,3,False,"['dom0', 'dom1']",['QQQ706'],,,,,,,,,,,,
873,2026-09-14 12:43:00,2026-09-14,17,29185.22,techo,rota,False,cierre mas alla de +5 con cuerpo 6.00,2026-09-14 12:44:00,1,7.78,7.78,7.78,1,False,['dom1'],['QQQ703'],,,,,,,,,,,,
1372,2026-09-14 22:02:00,2026-09-15,18,29477.90,techo,sostenido,False,giro de 15 pts,2026-09-14 22:05:00,3,-0.15,-0.15,0.15,0,False,['dom0'],['QQQ710'],50.90,50.90,50.90,2026-09-15 00:06:00,124.00,re-rotura,False,2026-09-15 00:42:00,29436.38,41.52,True,2026-09-15 00:05:00
1495,2026-09-15 00:05:00,2026-09-15,19,29436.38,piso,sostenido,False,giro de 15 pts,2026-09-15 00:08:00,3,9.38,9.38,9.38,1,True,['dom1'],['QQQ709'],58.62,68.00,29.62,2026-09-15 01:16:00,71.00,re-rotura,False,2026-09-15 03:54:00,29477.90,41.52,True,2026-09-15 00:39:00
1507,2026-09-15 00:17:00,2026-09-15,19,29436.38,piso,sostenido,False,giro de 15 pts,2026-09-15 00:21:00,4,3.38,3.38,3.38,0,True,['dom1'],['QQQ709'],58.62,62.00,58.62,2026-09-15 01:16:00,59.00,re-rotura,False,2026-09-15 03:54:00,29477.90,41.52,True,2026-09-15 00:39:00
1526,2026-09-15 00:36:00,2026-09-15,20,29472.23,techo,rota,False,cierre mas alla de +5 con cuerpo 9.00,2026-09-15 00:39:00,3,8.52,8.52,8.52,1,False,['dom0'],['QQQ710'],,,,,,,,,,,,
1536,2026-09-15 00:46:00,2026-09-15,20,29472.23,piso,sostenido,False,giro de 15 pts,2026-09-15 00:50:00,4,2.23,2.23,2.23,1,True,['dom0'],['QQQ710'],17.27,19.50,17.27,2026-09-15 00:52:00,6.00,re-rotura,False,2026-09-15 00:58:00,,,,
1546,2026-09-15 00:56:00,2026-09-15,20,29472.23,piso,rota,False,cierre mas alla de +5 con cuerpo 9.75,2026-09-15 00:58:00,2,13.23,13.23,13.23,1,False,['dom0'],['QQQ710'],,,,,,,,,,,,
1551,2026-09-15 01:01:00,2026-09-15,20,29472.23,techo,rota,False,cierre mas alla de +5 con cuerpo 11.25,2026-09-15 01:03:00,2,9.02,9.02,9.02,1,False,['dom0'],['QQQ710'],,,,,,,,,,,,
1556,2026-09-15 01:06:00,2026-09-15,20,29472.23,piso,sostenido,False,giro de 15 pts,2026-09-15 01:12:00,6,0.48,0.48,0.48,0,False,['dom0'],['QQQ710'],22.77,23.25,22.77,2026-09-15 01:16:00,10.00,re-rotura,False,2026-09-15 01:34:00,,,,
1579,2026-09-15 01:29:00,2026-09-15,20,29472.23,piso,rota,False,cierre mas alla de +5 con cuerpo 12.25,2026-09-15 01:34:00,5,16.73,16.73,16.73,2,False,['dom0'],['QQQ710'],,,,,,,,,,,,
1590,2026-09-15 01:40:00,2026-09-15,21,29430.72,piso,sostenido,False,giro de 15 pts,2026-09-15 01:49:00,9,2.97,2.97,2.97,0,True,"['dom0', 'dom1']",['QQQ709'],45.28,48.25,45.28,2026-09-15 02:02:00,22.00,re-rotura,False,2026-09-15 03:54:00,29472.23,41.51,True,2026-09-15 01:55:00
1605,2026-09-15 01:55:00,2026-09-15,20,29472.23,techo,sostenido,False,giro de 15 pts,2026-09-15 02:06:00,11,3.77,3.77,3.77,2,True,['dom0'],['QQQ710'],163.73,167.50,20.73,2026-09-15 05:19:00,204.00,tope,False,,29430.72,41.51,True,2026-09-15 03:54:00
1645,2026-09-15 02:35:00,2026-09-15,20,29472.23,techo,sostenido,False,giro de 15 pts,2026-09-15 02:37:00,2,0.27,0.27,0.27,0,False,['dom0'],['QQQ710'],163.73,164.00,163.73,2026-09-15 05:19:00,164.00,tope,False,,29430.72,41.51,True,2026-09-15 03:54:00
1724,2026-09-15 03:54:00,2026-09-15,21,29430.72,piso,rota,False,cierre mas alla de +5 con cuerpo 15.00,2026-09-15 03:54:00,0,8.22,8.22,8.22,1,False,"['dom0', 'dom1']",['QQQ709'],,,,,,,,,,,,
1736,2026-09-15 04:06:00,2026-09-15,21,29430.72,techo,sostenido,False,giro de 15 pts,2026-09-15 04:11:00,5,2.78,2.78,2.78,0,True,"['dom0', 'dom1']",['QQQ709'],156.97,159.75,156.97,2026-09-15 08:05:00,239.00,tope,False,,,,,
1962,2026-09-15 07:52:00,2026-09-15,26,29306.19,piso,sostenido,False,giro de 15 pts,2026-09-15 07:57:00,5,8.44,8.44,8.44,1,True,['dom1'],['QQQ706'],15.31,23.75,15.31,2026-09-15 07:57:00,5.00,re-rotura,False,2026-09-15 08:00:00,,,,
1978,2026-09-15 08:08:00,2026-09-15,25,29264.68,piso,rota,False,cierre mas alla de +5 con cuerpo 21.00,2026-09-15 08:08:00,0,18.93,18.93,18.93,1,False,['dom0'],['QQQ705'],,,,,,,,,,,,
1983,2026-09-15 08:13:00,2026-09-15,25,29264.68,techo,rota,False,cierre mas alla de +5 con cuerpo 9.75,2026-09-15 08:14:00,1,13.82,13.82,13.82,2,False,['dom0'],['QQQ705'],,,,,,,,,,,,
1990,2026-09-15 08:20:00,2026-09-15,26,29306.19,techo,sostenido,False,giro de 15 pts,2026-09-15 08:27:00,7,3.81,3.81,3.81,0,True,['dom1'],['QQQ706'],69.69,73.50,69.69,2026-09-15 09:18:00,58.00,re-rotura,False,2026-09-15 09:47:00,29264.68,41.51,True,2026-09-15 08:45:00
2015,2026-09-15 08:45:00,2026-09-15,25,29264.68,piso,sostenido,False,giro de 15 pts,2026-09-15 08:52:00,7,0.93,0.93,0.93,0,False,['dom0'],['QQQ705'],22.07,23.00,16.82,2026-09-15 08:57:00,12.00,re-rotura,False,2026-09-15 09:02:00,,,,
2025,2026-09-15 08:55:00,2026-09-15,25,29264.68,piso,sostenido,False,giro de 15 pts,2026-09-15 08:57:00,2,1.93,1.93,1.93,0,False,['dom0'],['QQQ705'],22.07,24.00,22.07,2026-09-15 08:57:00,2.00,re-rotura,False,2026-09-15 09:02:00,,,,
2030,2026-09-15 09:00:00,2026-09-15,25,29264.68,piso,rota,False,cierre mas alla de +5 con cuerpo 13.75,2026-09-15 09:02:00,2,12.93,12.93,12.93,2,False,['dom0'],['QQQ705'],,,,,,,,,,,,
2037,2026-09-15 09:07:00,2026-09-15,25,29264.68,piso,rota,False,cierre mas alla de +5 con cuerpo 6.00,2026-09-15 09:10:00,3,10.68,10.68,10.68,2,False,['dom0'],['QQQ705'],,,,,,,,,,,,
2041,2026-09-15 09:11:00,2026-09-15,25,29264.68,techo,rota,False,cierre mas alla de +5 con cuerpo 14.25,2026-09-15 09:11:00,0,6.82,6.82,6.82,1,False,['dom0'],['QQQ705'],,,,,,,,,,,,
2044,2026-09-15 09:14:00,2026-09-15,25,29264.68,techo,sostenido,False,giro de 15 pts,2026-09-15 09:15:00,1,-0.93,-0.93,0.93,0,False,['dom0'],['QQQ705'],28.18,28.18,15.68,2026-09-15 09:18:00,4.00,re-rotura,False,2026-09-15 09:30:00,29181.66,83.02,False,
2046,2026-09-15 09:16:00,2026-09-15,25,29264.68,techo,sostenido,False,giro de 15 pts,2026-09-15 09:17:00,1,2.32,2.32,2.32,0,True,['dom0'],['QQQ705'],28.18,30.50,28.18,2026-09-15 09:18:00,2.00,re-rotura,False,2026-09-15 09:30:00,29181.66,83.02,False,
2053,2026-09-15 09:23:00,2026-09-15,29,29270.31,techo,sostenido,False,giro de 15 pts,2026-09-15 09:24:00,1,3.69,3.69,3.69,0,True,['dom0'],['QQQ705'],24.31,28.00,24.31,2026-09-15 09:24:00,1.00,re-rotura,False,2026-09-15 09:35:00,29187.27,83.04,False,
2058,2026-09-15 09:28:00,2026-09-15,29,29270.31,techo,rota,False,cierre mas alla de +5 con cuerpo 7.25,2026-09-15 09:35:00,7,10.44,10.44,10.44,3,False,['dom0'],['QQQ705'],,,,,,,,,,,,
2077,2026-09-15 09:47:00,2026-09-15,31,29311.58,techo,rota,False,cierre mas alla de +5 con cuerpo 13.00,2026-09-15 09:48:00,1,15.67,15.67,15.67,2,False,['dom1'],['QQQ706'],,,,,,,,,,,,
2211,2026-09-15 12:01:00,2026-09-15,32,29433.87,techo,sostenido,False,giro de 15 pts,2026-09-15 12:01:00,0,-1.37,-1.37,1.37,0,False,"['dom0', 'dom1']",['QQQ709'],29.62,29.62,29.62,2026-09-15 12:03:00,2.00,re-rotura,False,2026-09-15 12:11:00,,,,
2221,2026-09-15 12:11:00,2026-09-15,32,29433.87,techo,rota,False,cierre mas alla de +5 con cuerpo 10.75,2026-09-15 12:11:00,0,6.38,6.38,6.38,1,False,"['dom0', 'dom1']",['QQQ709'],,,,,,,,,,,,
2250,2026-09-15 12:40:00,2026-09-15,32,29433.87,techo,sostenido,False,giro de 15 pts,2026-09-15 12:41:00,1,-1.62,-1.62,1.62,0,False,"['dom0', 'dom1']",['QQQ709'],26.87,26.87,26.87,2026-09-15 12:42:00,2.00,re-rotura,False,2026-09-15 12:48:00,,,,
2255,2026-09-15 12:45:00,2026-09-15,32,29433.87,techo,rota,False,cierre mas alla de +5 con cuerpo 31.50,2026-09-15 12:48:00,3,34.13,34.13,34.13,2,False,"['dom0', 'dom1']",['QQQ709'],,,,,,,,,,,,
2264,2026-09-15 12:54:00,2026-09-15,33,29475.01,techo,sostenido,False,giro de 15 pts,2026-09-15 12:55:00,1,9.24,9.24,9.24,0,True,['dom0'],['QQQ710'],259.26,268.50,259.26,2026-09-15 14:53:00,119.00,tope,False,,29433.50,41.51,True,2026-09-15 12:58:00
2268,2026-09-15 12:58:00,2026-09-15,32,29433.50,piso,rota,False,cierre mas alla de +5 con cuerpo 6.75,2026-09-15 13:01:00,3,8.00,8.00,8.00,3,False,"['dom0', 'dom1']",['QQQ709'],,,,,,,,,,,,
2273,2026-09-15 13:03:00,2026-09-15,32,29433.40,techo,rota,False,cierre mas alla de +5 con cuerpo 7.75,2026-09-15 13:04:00,1,11.10,11.10,11.10,2,False,"['dom0', 'dom1']",['QQQ709'],,,,,,,,,,,,
2275,2026-09-15 13:05:00,2026-09-15,32,29433.40,piso,rota,False,cierre mas alla de +5 con cuerpo 4.00,2026-09-15 13:15:00,10,8.15,8.15,8.15,3,False,"['dom0', 'dom1']",['QQQ709'],,,,,,,,,,,,
2295,2026-09-15 13:25:00,2026-09-15,32,29433.40,techo,sostenido,False,giro de 15 pts,2026-09-15 13:28:00,3,5.60,5.60,5.60,1,True,"['dom0', 'dom1']",['QQQ709'],61.65,67.25,61.65,2026-09-15 13:34:00,9.00,re-rotura,False,2026-09-15 13:46:00,,,,
3291,2026-09-16 07:01:00,2026-09-16,39,29384.58,techo,rota,False,3 cierres seguidos mas alla,2026-09-16 07:05:00,4,10.92,10.92,10.92,3,False,"['dom0', 'dom1']",['QQQ708'],,,,,,,,,,,,
3296,2026-09-16 07:06:00,2026-09-16,39,29384.58,piso,rota,False,cierre mas alla de +5 con cuerpo 15.75,2026-09-16 07:18:00,12,17.08,17.08,17.08,4,False,"['dom0', 'dom1']",['QQQ708'],,,,,,,,,,,,
3313,2026-09-16 07:23:00,2026-09-16,39,29384.58,techo,rota,False,3 cierres seguidos mas alla,2026-09-16 07:25:00,2,7.42,7.42,7.42,3,False,"['dom0', 'dom1']",['QQQ708'],,,,,,,,,,,,
3323,2026-09-16 07:33:00,2026-09-16,39,29384.58,piso,rota,False,cierre mas alla de +5 con cuerpo 4.75,2026-09-16 07:38:00,5,7.58,7.58,7.58,3,False,"['dom0', 'dom1']",['QQQ708'],,,,,,,,,,,,
3453,2026-09-16 09:43:00,2026-09-16,49,29390.56,techo,sostenido,False,giro de 15 pts,2026-09-16 09:45:00,2,-0.56,-0.56,0.56,0,False,"['dom0', 'dom1']",['QQQ708'],35.06,35.06,23.31,2026-09-16 10:13:00,30.00,re-rotura,False,2026-09-16 10:59:00,,,,
3463,2026-09-16 09:53:00,2026-09-16,49,29390.56,techo,sostenido,False,giro de 15 pts,2026-09-16 10:02:00,9,1.19,1.19,1.19,0,False,"['dom0', 'dom1']",['QQQ708'],35.06,36.25,35.06,2026-09-16 10:13:00,20.00,re-rotura,False,2026-09-16 10:59:00,,,,
3529,2026-09-16 10:59:00,2026-09-16,49,29390.00,techo,rota,False,cierre mas alla de +5 con cuerpo 24.50,2026-09-16 10:59:00,0,10.75,10.75,10.75,1,False,"['dom0', 'dom1']",['QQQ708'],,,,,,,,,,,,
3531,2026-09-16 11:01:00,2026-09-16,49,29390.00,piso,rota,False,3 cierres seguidos mas alla,2026-09-16 11:03:00,2,6.50,6.50,6.50,3,False,"['dom0', 'dom1']",['QQQ708'],,,,,,,,,,,,
3538,2026-09-16 11:08:00,2026-09-16,49,29390.00,techo,sostenido,False,giro de 15 pts,2026-09-16 11:14:00,6,9.00,9.00,9.00,2,True,"['dom0', 'dom1']",['QQQ708'],26.75,35.75,26.75,2026-09-16 11:15:00,7.00,re-rotura,False,2026-09-16 11:39:00,,,,
3557,2026-09-16 11:27:00,2026-09-16,49,29389.60,techo,rota,False,cierre mas alla de +5 con cuerpo 6.00,2026-09-16 11:39:00,12,11.15,11.15,11.15,5,False,"['dom0', 'dom1']",['QQQ708'],,,,,,,,,,,,
3627,2026-09-16 12:37:00,2026-09-16,49,29388.30,piso,rota,False,cierre mas alla de +5 con cuerpo 14.25,2026-09-16 12:38:00,1,12.05,12.05,12.05,1,False,"['dom0', 'dom1']",['QQQ708'],,,,,,,,,,,,
3639,2026-09-16 12:49:00,2026-09-16,49,29388.30,techo,rota,False,cierre mas alla de +5 con cuerpo 20.00,2026-09-16 12:49:00,0,9.95,9.95,9.95,1,False,"['dom0', 'dom1']",['QQQ708'],,,,,,,,,,,,
3642,2026-09-16 12:52:00,2026-09-16,49,29388.97,piso,rota,False,cierre mas alla de +5 con cuerpo 7.25,2026-09-16 12:54:00,2,12.72,12.72,12.72,3,False,"['dom0', 'dom1']",['QQQ708'],,,,,,,,,,,,
3646,2026-09-16 12:56:00,2026-09-16,49,29388.97,techo,rota,False,cierre mas alla de +5 con cuerpo 9.50,2026-09-16 12:59:00,3,19.03,19.03,19.03,3,False,"['dom0', 'dom1']",['QQQ708'],,,,,,,,,,,,
3659,2026-09-16 13:09:00,2026-09-16,49,29388.97,techo,rota,False,cierre mas alla de +5 con cuerpo 11.00,2026-09-16 13:12:00,3,16.28,16.28,16.28,3,False,"['dom0', 'dom1']",['QQQ708'],,,,,,,,,,,,
3669,2026-09-16 13:19:00,2026-09-16,49,29388.97,piso,sostenido,False,giro de 15 pts,2026-09-16 13:21:00,2,5.22,5.22,5.22,1,True,"['dom0', 'dom1']",['QQQ708'],163.53,168.75,25.78,2026-09-16 15:47:00,148.00,tope,False,,29471.99,83.02,True,2026-09-16 13:50:00
3679,2026-09-16 13:29:00,2026-09-16,49,29387.87,piso,sostenido,False,giro de 15 pts,2026-09-16 13:30:00,1,6.87,6.87,6.87,1,True,"['dom0', 'dom1']",['QQQ708'],164.63,171.50,33.88,2026-09-16 15:47:00,138.00,tope,False,,29470.89,83.02,True,2026-09-16 13:50:00
4131,2026-09-16 22:01:00,2026-09-17,54,29265.28,piso,rota,False,cierre mas alla de +5 con cuerpo 7.25,2026-09-16 22:02:00,1,8.03,8.03,8.03,1,False,"['dom0', 'dom1']",['QQQ705'],,,,,,,,,,,,
4135,2026-09-16 22:05:00,2026-09-17,54,29265.28,techo,rota,False,cierre mas alla de +5 con cuerpo 29.50,2026-09-16 22:05:00,0,16.97,16.97,16.97,1,False,"['dom0', 'dom1']",['QQQ705'],,,,,,,,,,,,
4207,2026-09-16 23:17:00,2026-09-17,56,29389.63,techo,rota,False,cierre mas alla de +5 con cuerpo 4.25,2026-09-16 23:23:00,6,10.12,10.12,10.12,4,False,"['dom0', 'dom1']",['QQQ708'],,,,,,,,,,,,
4216,2026-09-16 23:26:00,2026-09-17,56,29389.95,piso,sostenido,False,giro de 15 pts,2026-09-16 23:27:00,1,-0.05,-0.05,0.05,0,False,"['dom0', 'dom1']",['QQQ708'],89.55,89.55,89.55,2026-09-17 00:43:00,77.00,tope,False,,29472.97,83.02,True,2026-09-17 00:33:00
4603,2026-09-17 05:53:00,2026-09-17,62,29383.83,piso,rota,False,cierre mas alla de +5 con cuerpo 5.00,2026-09-17 05:57:00,4,10.83,10.83,10.83,3,False,"['dom0', 'dom1']",['QQQ708'],,,,,,,,,,,,
4611,2026-09-17 06:01:00,2026-09-17,62,29383.83,techo,rota,False,cierre mas alla de +5 con cuerpo 13.50,2026-09-17 06:02:00,1,13.42,13.42,13.42,1,False,"['dom0', 'dom1']",['QQQ708'],,,,,,,,,,,,
4620,2026-09-17 06:10:00,2026-09-17,62,29383.83,piso,sostenido,False,giro de 15 pts,2026-09-17 06:22:00,12,7.83,7.83,7.83,2,True,"['dom0', 'dom1']",['QQQ708'],208.67,216.50,208.67,2026-09-17 09:11:00,181.00,tope,False,,29466.83,83.01,True,2026-09-17 06:43:00
4676,2026-09-17 07:06:00,2026-09-17,70,29508.34,techo,rota,False,cierre mas alla de +5 con cuerpo 6.75,2026-09-17 07:07:00,1,10.16,10.16,10.16,2,False,['dom1'],['QQQ711'],,,,,,,,,,,,
4682,2026-09-17 07:12:00,2026-09-17,70,29508.34,piso,sostenido,False,giro de 15 pts,2026-09-17 07:17:00,5,2.34,2.34,2.34,1,True,['dom1'],['QQQ711'],58.41,60.75,28.41,2026-09-17 07:30:00,18.00,re-rotura,False,2026-09-17 08:13:00,29549.84,41.50,True,2026-09-17 07:28:00
4691,2026-09-17 07:21:00,2026-09-17,70,29508.34,piso,sostenido,False,giro de 15 pts,2026-09-17 07:23:00,2,-0.41,-0.41,0.41,0,False,['dom1'],['QQQ711'],58.41,58.41,58.41,2026-09-17 07:30:00,9.00,re-rotura,False,2026-09-17 08:13:00,29549.84,41.50,True,2026-09-17 07:28:00
4698,2026-09-17 07:28:00,2026-09-17,71,29549.84,techo,rota,False,cierre mas alla de +5 con cuerpo 9.50,2026-09-17 07:30:00,2,16.91,16.91,16.91,1,False,"['dom0', 'dom1']",['QQQ712'],,,,,,,,,,,,
4711,2026-09-17 07:41:00,2026-09-17,71,29549.84,techo,sostenido,False,giro de 15 pts,2026-09-17 07:45:00,4,0.41,0.41,0.41,0,False,"['dom0', 'dom1']",['QQQ712'],64.84,65.25,64.84,2026-09-17 08:18:00,37.00,re-rotura,False,2026-09-17 08:55:00,,,,
4726,2026-09-17 07:56:00,2026-09-17,70,29508.34,piso,sostenido,False,giro de 15 pts,2026-09-17 08:01:00,5,-0.91,-0.91,0.91,0,False,['dom1'],['QQQ711'],25.41,25.41,25.41,2026-09-17 08:06:00,10.00,re-rotura,False,2026-09-17 08:13:00,29549.84,41.50,False,
4742,2026-09-17 08:12:00,2026-09-17,70,29508.34,piso,rota,False,cierre mas alla de +5 con cuerpo 5.75,2026-09-17 08:13:00,1,17.34,17.34,17.34,2,False,['dom1'],['QQQ711'],,,,,,,,,,,,
4755,2026-09-17 08:25:00,2026-09-17,70,29508.34,techo,rota,False,3 cierres seguidos mas alla,2026-09-17 08:27:00,2,7.41,7.41,7.41,3,False,['dom1'],['QQQ711'],,,,,,,,,,,,
4762,2026-09-17 08:32:00,2026-09-17,70,29508.34,piso,sostenido,False,giro de 15 pts,2026-09-17 08:34:00,2,3.59,3.59,3.59,1,True,['dom1'],['QQQ711'],240.91,244.50,240.91,2026-09-17 12:32:00,240.00,tope,False,,29549.84,41.50,True,2026-09-17 08:52:00
4782,2026-09-17 08:52:00,2026-09-17,71,29549.84,techo,sostenido,False,giro de 15 pts,2026-09-17 08:52:00,0,-1.84,-1.84,1.84,0,False,"['dom0', 'dom1']",['QQQ712'],15.34,15.34,15.34,2026-09-17 08:52:00,0.00,re-rotura,False,2026-09-17 08:55:00,,,,
4785,2026-09-17 08:55:00,2026-09-17,71,29549.84,piso,sostenido,False,giro de 15 pts,2026-09-17 09:00:00,5,0.09,0.09,0.09,0,False,"['dom0', 'dom1']",['QQQ712'],203.41,203.50,42.66,2026-09-17 12:34:00,219.00,tope,False,,29632.84,83.01,True,2026-09-17 12:05:00
4809,2026-09-17 09:19:00,2026-09-17,75,29556.85,piso,sostenido,False,giro de 15 pts,2026-09-17 09:34:00,15,3.85,3.85,3.85,3,True,"['dom0', 'dom1']",['QQQ712'],16.90,20.75,16.90,2026-09-17 09:35:00,16.00,re-rotura,False,2026-09-17 09:48:00,29639.88,83.02,False,
4836,2026-09-17 09:46:00,2026-09-17,75,29556.29,piso,rota,False,cierre mas alla de +5 con cuerpo 7.75,2026-09-17 09:48:00,2,9.54,9.54,9.54,1,False,"['dom0', 'dom1']",['QQQ712'],,,,,,,,,,,,
4840,2026-09-17 09:50:00,2026-09-17,75,29556.29,techo,rota,False,3 cierres seguidos mas alla,2026-09-17 09:54:00,4,13.96,13.96,13.96,3,False,"['dom0', 'dom1']",['QQQ712'],,,,,,,,,,,,
4848,2026-09-17 09:58:00,2026-09-17,75,29556.15,piso,sostenido,False,giro de 15 pts,2026-09-17 10:05:00,7,-1.35,-1.35,1.35,0,False,"['dom0', 'dom1']",['QQQ712'],197.10,197.10,56.85,2026-09-17 12:34:00,156.00,tope,False,,29639.17,83.02,True,2026-09-17 12:05:00
4960,2026-09-17 11:50:00,2026-09-17,75,29556.01,piso,sostenido,False,giro de 15 pts,2026-09-17 11:53:00,3,1.01,1.01,1.01,0,False,"['dom0', 'dom1']",['QQQ712'],197.24,198.25,197.24,2026-09-17 12:34:00,44.00,tope,False,,29639.04,83.02,True,2026-09-17 12:05:00
4980,2026-09-17 12:10:00,2026-09-17,77,29680.54,techo,sostenido,False,giro de 15 pts,2026-09-17 12:10:00,0,0.71,0.71,0.71,0,False,['dom0'],['QQQ715'],18.04,18.75,18.04,2026-09-17 12:10:00,0.00,re-rotura,False,2026-09-17 12:19:00,29639.03,41.51,False,
4987,2026-09-17 12:17:00,2026-09-17,77,29680.54,techo,rota,False,cierre mas alla de +5 con cuerpo 10.50,2026-09-17 12:19:00,2,6.96,6.96,6.96,1,False,['dom0'],['QQQ715'],,,,,,,,,,,,
5579,2026-09-17 23:09:00,2026-09-18,80,29709.74,techo,sostenido,False,giro de 15 pts,2026-09-17 23:13:00,4,2.76,2.76,2.76,1,True,['dom1'],['QQQ716'],62.24,65.00,23.99,2026-09-18 01:16:00,127.00,re-rotura,False,2026-09-18 03:07:00,29626.75,82.99,False,
5631,2026-09-18 00:01:00,2026-09-18,80,29707.85,techo,sostenido,False,giro de 15 pts,2026-09-18 00:05:00,4,0.65,0.65,0.65,0,False,['dom1'],['QQQ716'],60.35,61.00,60.35,2026-09-18 01:16:00,75.00,re-rotura,False,2026-09-18 03:06:00,29624.87,82.98,False,
5800,2026-09-18 02:50:00,2026-09-18,82,29702.23,techo,sostenido,False,giro de 15 pts,2026-09-18 02:58:00,8,1.52,1.52,1.52,0,False,"['dom0', 'dom1']",['QQQ716'],15.98,17.50,15.98,2026-09-18 02:58:00,8.00,re-rotura,False,2026-09-18 03:04:00,29619.27,82.97,False,
5813,2026-09-18 03:03:00,2026-09-18,82,29702.23,techo,rota,False,cierre mas alla de +5 con cuerpo 8.25,2026-09-18 03:04:00,1,7.27,7.27,7.27,1,False,"['dom0', 'dom1']",['QQQ716'],,,,,,,,,,,,
5912,2026-09-18 04:42:00,2026-09-18,83,29785.20,techo,rota,False,cierre mas alla de +5 con cuerpo 12.75,2026-09-18 04:43:00,1,15.30,15.30,15.30,1,False,"['dom0', 'dom1']",['QQQ718'],,,,,,,,,,,,
5917,2026-09-18 04:47:00,2026-09-18,83,29785.20,piso,sostenido,False,giro de 15 pts,2026-09-18 04:50:00,3,-1.30,-1.30,1.30,0,False,"['dom0', 'dom1']",['QQQ718'],182.05,182.05,182.05,2026-09-18 07:30:00,163.00,tope,False,,29868.17,82.97,True,2026-09-18 06:02:00
5992,2026-09-18 06:02:00,2026-09-18,84,29868.17,techo,rota,False,3 cierres seguidos mas alla,2026-09-18 06:09:00,7,4.33,4.33,4.33,5,False,['dom0'],['QQQ720'],,,,,,,,,,,,
6023,2026-09-18 06:33:00,2026-09-18,85,29909.65,techo,rota,False,cierre mas alla de +5 con cuerpo 6.50,2026-09-18 06:38:00,5,9.35,9.35,9.35,1,False,['dom1'],['QQQ721'],,,,,,,,,,,,
6030,2026-09-18 06:40:00,2026-09-18,85,29909.65,piso,rota,False,3 cierres seguidos mas alla,2026-09-18 06:44:00,4,10.40,10.40,10.40,3,False,['dom1'],['QQQ721'],,,,,,,,,,,,
6052,2026-09-18 07:02:00,2026-09-18,85,29909.65,piso,sostenido,False,giro de 15 pts,2026-09-18 07:04:00,2,-0.60,-0.60,0.60,0,False,['dom1'],['QQQ721'],57.60,57.60,57.60,2026-09-18 07:30:00,28.00,re-rotura,False,2026-09-18 08:29:00,,,,
6082,2026-09-18 07:32:00,2026-09-18,86,29951.14,piso,rota,False,cierre mas alla de +5 con cuerpo 13.00,2026-09-18 07:42:00,10,14.39,14.39,14.39,2,False,['dom1'],['QQQ722'],,,,,,,,,,,,
6119,2026-09-18 08:09:00,2026-09-18,85,29909.65,piso,sostenido,False,giro de 15 pts,2026-09-18 08:20:00,11,5.65,5.65,5.65,3,True,['dom1'],['QQQ721'],21.85,27.50,21.85,2026-09-18 08:20:00,11.00,re-rotura,False,2026-09-18 08:29:00,,,,
6138,2026-09-18 08:28:00,2026-09-18,85,29909.65,piso,rota,False,cierre mas alla de +5 con cuerpo 8.50,2026-09-18 08:29:00,1,14.40,14.40,14.40,2,False,['dom1'],['QQQ721'],,,,,,,,,,,,
6142,2026-09-18 08:32:00,2026-09-18,85,29909.65,techo,rota,False,3 cierres seguidos mas alla,2026-09-18 08:35:00,3,7.85,7.85,7.85,3,False,['dom1'],['QQQ721'],,,,,,,,,,,,
6154,2026-09-18 08:44:00,2026-09-18,85,29909.65,techo,rota,False,3 cierres seguidos mas alla,2026-09-18 08:46:00,2,9.10,9.10,9.10,3,False,['dom1'],['QQQ721'],,,,,,,,,,,,
6197,2026-09-18 09:27:00,2026-09-18,88,29873.75,piso,rota,False,cierre mas alla de +5 con cuerpo 5.50,2026-09-18 09:30:00,3,10.50,10.50,10.50,2,False,['dom0'],['QQQ720'],,,,,,,,,,,,
6202,2026-09-18 09:32:00,2026-09-18,88,29873.47,techo,sostenido,False,giro de 15 pts,2026-09-18 09:38:00,6,0.53,0.53,0.53,0,False,['dom0'],['QQQ720'],37.72,38.25,37.72,2026-09-18 09:45:00,13.00,re-rotura,False,2026-09-18 10:30:00,29790.49,82.98,False,
6248,2026-09-18 10:18:00,2026-09-18,88,29873.16,techo,rota,False,cierre mas alla de +5 con cuerpo 6.25,2026-09-18 10:30:00,12,13.84,13.84,13.84,5,False,['dom0'],['QQQ720'],,,,,,,,,,,,
6290,2026-09-18 11:00:00,2026-09-18,88,29870.40,piso,sostenido,False,giro de 15 pts,2026-09-18 11:01:00,1,10.15,10.15,10.15,1,True,['dom0'],['QQQ720'],28.60,38.75,28.60,2026-09-18 11:04:00,4.00,re-rotura,False,2026-09-18 11:05:00,,,,
6295,2026-09-18 11:05:00,2026-09-18,88,29870.40,piso,rota,False,cierre mas alla de +5 con cuerpo 47.75,2026-09-18 11:05:00,0,22.15,22.15,22.15,1,False,['dom0'],['QQQ720'],,,,,,,,,,,,
6300,2026-09-18 11:10:00,2026-09-18,88,29870.40,techo,sostenido,False,giro de 15 pts,2026-09-18 11:13:00,3,2.35,2.35,2.35,0,True,['dom0'],['QQQ720'],176.40,178.75,176.40,2026-09-18 14:16:00,186.00,tope,False,,29787.43,82.97,True,2026-09-18 12:12:00
6362,2026-09-18 12:12:00,2026-09-18,90,29786.71,piso,rota,False,3 cierres seguidos mas alla,2026-09-18 12:17:00,5,6.71,6.71,6.71,3,False,"['dom0', 'dom1']",['QQQ718'],,,,,,,,,,,,
6372,2026-09-18 12:22:00,2026-09-18,90,29786.71,techo,sostenido,False,giro de 15 pts,2026-09-18 12:23:00,1,4.79,4.79,4.79,1,True,"['dom0', 'dom1']",['QQQ718'],17.96,22.75,17.96,2026-09-18 12:24:00,2.00,re-rotura,False,2026-09-18 12:35:00,,,,
6376,2026-09-18 12:26:00,2026-09-18,90,29786.71,techo,sostenido,False,giro de 15 pts,2026-09-18 12:31:00,5,-0.21,-0.21,0.21,0,False,"['dom0', 'dom1']",['QQQ718'],15.71,15.71,15.71,2026-09-18 12:31:00,5.00,re-rotura,False,2026-09-18 12:35:00,,,,
6394,2026-09-18 12:44:00,2026-09-18,90,29786.71,piso,rota,False,3 cierres seguidos mas alla,2026-09-18 12:57:00,13,11.71,11.71,11.71,4,False,"['dom0', 'dom1']",['QQQ718'],,,,,,,,,,,,
6418,2026-09-18 13:08:00,2026-09-18,90,29786.37,techo,rota,False,cierre mas alla de +5 con cuerpo 6.25,2026-09-18 13:16:00,8,6.38,6.38,6.38,5,False,"['dom0', 'dom1']",['QQQ718'],,,,,,,,,,,,
6431,2026-09-18 13:21:00,2026-09-18,90,29785.58,piso,rota,False,cierre mas alla de +5 con cuerpo 12.75,2026-09-18 13:24:00,3,17.08,17.08,17.08,2,False,"['dom0', 'dom1']",['QQQ718'],,,,,,,,,,,,
6437,2026-09-18 13:27:00,2026-09-18,90,29785.58,techo,rota,False,cierre mas alla de +5 con cuerpo 8.50,2026-09-18 13:28:00,1,23.17,23.17,23.17,2,False,"['dom0', 'dom1']",['QQQ718'],,,,,,,,,,,,
7004,2026-09-21 00:05:00,2026-09-21,96,30066.55,techo,sostenido,False,giro de 15 pts,2026-09-21 00:06:00,1,-1.05,-1.05,1.05,0,False,"['dom0', 'dom1']",['QQQ725'],49.80,49.80,49.80,2026-09-21 00:18:00,13.00,re-rotura,False,2026-09-21 00:27:00,30025.08,41.47,True,2026-09-21 00:17:00
7022,2026-09-21 00:23:00,2026-09-21,96,30066.55,techo,rota,False,cierre mas alla de +5 con cuerpo 13.25,2026-09-21 00:27:00,4,12.45,12.45,12.45,1,False,"['dom0', 'dom1']",['QQQ725'],,,,,,,,,,,,
7028,2026-09-21 00:29:00,2026-09-21,96,30066.55,piso,sostenido,False,giro de 15 pts,2026-09-21 00:31:00,2,0.30,0.30,0.30,0,False,"['dom0', 'dom1']",['QQQ725'],62.20,62.50,62.20,2026-09-21 01:12:00,43.00,tope,False,,,,,
7070,2026-09-21 01:11:00,2026-09-21,98,30108.02,piso,sostenido,False,giro de 15 pts,2026-09-21 01:12:00,1,0.27,0.27,0.27,0,False,['dom1'],['QQQ726'],20.73,21.00,20.73,2026-09-21 01:12:00,1.00,re-rotura,False,2026-09-21 01:47:00,,,,
7073,2026-09-21 01:14:00,2026-09-21,98,30108.02,piso,sostenido,False,giro de 15 pts,2026-09-21 01:28:00,14,3.27,3.27,3.27,0,True,['dom1'],['QQQ726'],19.48,22.75,19.48,2026-09-21 01:29:00,15.00,re-rotura,False,2026-09-21 01:47:00,,,,
7089,2026-09-21 01:30:00,2026-09-21,98,30108.02,piso,rota,False,cierre mas alla de +5 con cuerpo 9.75,2026-09-21 01:47:00,17,13.77,13.77,13.77,2,False,['dom1'],['QQQ726'],,,,,,,,,,,,
7119,2026-09-21 02:00:00,2026-09-21,96,30066.55,piso,sostenido,False,giro de 15 pts,2026-09-21 02:03:00,3,2.80,2.80,2.80,1,True,"['dom0', 'dom1']",['QQQ725'],45.45,48.25,22.95,2026-09-21 05:40:00,220.00,tope,False,,,,,
7150,2026-09-21 02:31:00,2026-09-21,96,30066.55,piso,sostenido,False,giro de 15 pts,2026-09-21 02:35:00,4,-1.20,-1.20,1.20,0,False,"['dom0', 'dom1']",['QQQ725'],57.45,57.45,57.45,2026-09-21 06:19:00,228.00,tope,False,,,,,
7225,2026-09-21 03:46:00,2026-09-21,100,30108.02,techo,sostenido,False,giro de 15 pts,2026-09-21 03:50:00,4,-0.52,-0.52,0.52,0,False,['dom1'],['QQQ726'],37.77,37.77,37.77,2026-09-21 04:07:00,21.00,re-rotura,False,2026-09-21 06:09:00,30066.55,41.47,False,
7363,2026-09-21 06:04:00,2026-09-21,101,30108.02,techo,rota,False,cierre mas alla de +5 con cuerpo 4.00,2026-09-21 06:09:00,5,6.98,6.98,6.98,3,False,"['dom0', 'dom1']",['QQQ726'],,,,,,,,,,,,
7371,2026-09-21 06:12:00,2026-09-21,101,30108.02,piso,sostenido,False,giro de 15 pts,2026-09-21 06:18:00,6,2.27,2.27,2.27,0,True,"['dom0', 'dom1']",['QQQ726'],15.98,18.25,15.98,2026-09-21 06:19:00,7.00,re-rotura,False,2026-09-21 06:30:00,,,,
7380,2026-09-21 06:21:00,2026-09-21,101,30108.02,piso,rota,False,3 cierres seguidos mas alla,2026-09-21 06:30:00,9,5.02,5.02,5.02,3,False,"['dom0', 'dom1']",['QQQ726'],,,,,,,,,,,,
7511,2026-09-21 08:32:00,2026-09-21,104,30232.44,techo,rota,False,3 cierres seguidos mas alla,2026-09-21 08:59:00,27,6.06,6.06,6.06,7,False,['dom1'],['QQQ729'],,,,,,,,,,,,
7538,2026-09-21 08:59:00,2026-09-21,106,30239.47,techo,rota,False,cierre mas alla de +5 con cuerpo 5.50,2026-09-21 09:08:00,9,10.53,10.53,10.53,2,False,['dom1'],['QQQ729'],,,,,,,,,,,,
7548,2026-09-21 09:09:00,2026-09-21,106,30239.49,piso,rota,False,cierre mas alla de +5 con cuerpo 4.00,2026-09-21 09:18:00,9,7.24,7.24,7.24,4,False,['dom1'],['QQQ729'],,,,,,,,,,,,
7559,2026-09-21 09:20:00,2026-09-21,106,30239.49,techo,rota,False,cierre mas alla de +5 con cuerpo 8.50,2026-09-21 09:22:00,2,8.26,8.26,8.26,1,False,['dom1'],['QQQ729'],,,,,,,,,,,,
7570,2026-09-21 09:31:00,2026-09-21,106,30239.60,piso,sostenido,False,giro de 15 pts,2026-09-21 09:38:00,7,0.10,0.10,0.10,0,False,['dom1'],['QQQ729'],24.40,24.50,24.40,2026-09-21 09:48:00,17.00,re-rotura,False,2026-09-21 09:59:00,30281.08,41.48,False,
7596,2026-09-21 09:57:00,2026-09-21,106,30239.60,piso,rota,False,3 cierres seguidos mas alla,2026-09-21 09:59:00,2,6.85,6.85,6.85,3,False,['dom1'],['QQQ729'],,,,,,,,,,,,
7604,2026-09-21 10:05:00,2026-09-21,106,30239.91,piso,sostenido,False,giro de 15 pts,2026-09-21 10:31:00,26,3.16,3.16,3.16,1,True,['dom1'],['QQQ729'],33.09,36.25,33.09,2026-09-21 10:39:00,34.00,re-rotura,False,2026-09-21 11:06:00,30281.39,41.48,False,
7626,2026-09-21 10:27:00,2026-09-21,108,30252.30,techo,sostenido,False,giro de 15 pts,2026-09-21 10:30:00,3,-0.55,-0.55,0.55,0,False,['dom1'],['QQQ729'],15.55,15.55,15.55,2026-09-21 10:30:00,3.00,re-rotura,False,2026-09-21 10:33:00,,,,
7634,2026-09-21 10:35:00,2026-09-21,110,30263.76,techo,sostenido,False,giro de 15 pts,2026-09-21 10:35:00,0,-1.76,-1.76,1.76,0,False,['dom1'],['QQQ729'],45.51,45.51,17.26,2026-09-21 11:26:00,51.00,re-rotura,False,2026-09-21 12:06:00,,,,
7638,2026-09-21 10:39:00,2026-09-21,110,30263.76,techo,sostenido,False,giro de 15 pts,2026-09-21 10:48:00,9,9.24,9.24,9.24,0,True,['dom1'],['QQQ729'],45.51,54.75,45.51,2026-09-21 11:26:00,47.00,re-rotura,False,2026-09-21 12:06:00,,,,
7700,2026-09-21 11:41:00,2026-09-21,113,30226.11,piso,sostenido,False,giro de 15 pts,2026-09-21 11:45:00,4,0.11,0.11,0.11,0,False,['dom1'],['QQQ728'],51.14,51.25,51.14,2026-09-21 12:05:00,24.00,re-rotura,False,2026-09-21 13:01:00,30309.15,83.04,False,
7723,2026-09-21 12:04:00,2026-09-21,112,30267.70,techo,rota,False,cierre mas alla de +5 con cuerpo 4.00,2026-09-21 12:06:00,2,9.55,9.55,9.55,2,False,['dom1'],['QQQ729'],,,,,,,,,,,,
7730,2026-09-21 12:11:00,2026-09-21,112,30267.87,techo,sostenido,False,giro de 15 pts,2026-09-21 12:14:00,3,-1.87,-1.87,1.87,0,False,['dom1'],['QQQ729'],65.62,65.62,65.62,2026-09-21 13:24:00,73.00,re-rotura,False,2026-09-21 13:37:00,,,,
7747,2026-09-21 12:28:00,2026-09-21,115,30226.53,piso,sostenido,False,giro de 15 pts,2026-09-21 12:44:00,16,4.28,4.28,4.28,1,True,['dom1'],['QQQ728'],32.22,36.50,32.22,2026-09-21 12:45:00,17.00,re-rotura,False,2026-09-21 13:01:00,30309.57,83.04,False,
7775,2026-09-21 12:56:00,2026-09-21,115,30226.99,piso,rota,False,3 cierres seguidos mas alla,2026-09-21 13:01:00,5,7.99,7.99,7.99,5,False,['dom1'],['QQQ728'],,,,,,,,,,,,
7784,2026-09-21 13:05:00,2026-09-21,115,30226.76,piso,rota,False,3 cierres seguidos mas alla,2026-09-21 13:18:00,13,6.51,6.51,6.51,6,False,['dom1'],['QQQ728'],,,,,,,,,,,,
8407,2026-09-22 00:28:00,2026-09-22,123,30889.39,techo,rota,False,cierre mas alla de +5 con cuerpo 12.75,2026-09-22 00:30:00,2,16.86,16.86,16.86,2,False,['dom0'],['QQQ744'],,,,,,,,,,,,
8413,2026-09-22 00:34:00,2026-09-22,123,30889.39,piso,rota,False,cierre mas alla de +5 con cuerpo 17.75,2026-09-22 00:34:00,0,25.39,25.39,25.39,1,False,['dom0'],['QQQ744'],,,,,,,,,,,,
8420,2026-09-22 00:41:00,2026-09-22,123,30889.39,techo,rota,False,3 cierres seguidos mas alla,2026-09-22 00:44:00,3,7.86,7.86,7.86,3,False,['dom0'],['QQQ744'],,,,,,,,,,,,
8427,2026-09-22 00:48:00,2026-09-22,123,30889.39,piso,rota,False,cierre mas alla de +5 con cuerpo 5.50,2026-09-22 01:03:00,15,6.14,6.14,6.14,1,False,['dom0'],['QQQ744'],,,,,,,,,,,,
8451,2026-09-22 01:12:00,2026-09-22,123,30889.39,techo,sostenido,False,giro de 15 pts,2026-09-22 01:16:00,4,-1.89,-1.89,1.89,0,False,['dom0'],['QQQ744'],22.39,22.39,22.39,2026-09-22 01:22:00,10.00,re-rotura,False,2026-09-22 01:34:00,,,,
8468,2026-09-22 01:29:00,2026-09-22,123,30889.39,techo,sostenido,False,giro de 15 pts,2026-09-22 01:30:00,1,2.11,2.11,2.11,0,True,['dom0'],['QQQ744'],19.39,21.50,19.39,2026-09-22 01:30:00,1.00,re-rotura,False,2026-09-22 01:34:00,,,,
8470,2026-09-22 01:31:00,2026-09-22,123,30889.39,techo,rota,False,cierre mas alla de +5 con cuerpo 4.50,2026-09-22 01:34:00,3,9.86,9.86,9.86,2,False,['dom0'],['QQQ744'],,,,,,,,,,,,
8477,2026-09-22 01:38:00,2026-09-22,123,30889.39,piso,rota,False,3 cierres seguidos mas alla,2026-09-22 01:46:00,8,16.14,16.14,16.14,5,False,['dom0'],['QQQ744'],,,,,,,,,,,,
8490,2026-09-22 01:51:00,2026-09-22,123,30889.39,techo,sostenido,False,giro de 15 pts,2026-09-22 01:59:00,8,0.61,0.61,0.61,0,False,['dom0'],['QQQ744'],17.89,18.50,17.89,2026-09-22 01:59:00,8.00,re-rotura,False,2026-09-22 02:04:00,,,,
8500,2026-09-22 02:01:00,2026-09-22,123,30889.39,techo,rota,False,3 cierres seguidos mas alla,2026-09-22 02:04:00,3,5.36,5.36,5.36,3,False,['dom0'],['QQQ744'],,,,,,,,,,,,
8539,2026-09-22 02:40:00,2026-09-22,123,30889.39,techo,rota,False,3 cierres seguidos mas alla,2026-09-22 02:43:00,3,5.61,5.61,5.61,3,False,['dom0'],['QQQ744'],,,,,,,,,,,,
8554,2026-09-22 02:55:00,2026-09-22,123,30889.39,piso,rota,False,3 cierres seguidos mas alla,2026-09-22 03:09:00,14,6.89,6.89,6.89,4,False,['dom0'],['QQQ744'],,,,,,,,,,,,
8593,2026-09-22 03:34:00,2026-09-22,123,30889.39,techo,rota,False,cierre mas alla de +5 con cuerpo 4.50,2026-09-22 03:36:00,2,9.11,9.11,9.11,3,False,['dom0'],['QQQ744'],,,,,,,,,,,,
8598,2026-09-22 03:39:00,2026-09-22,123,30889.39,piso,rota,False,cierre mas alla de +5 con cuerpo 6.00,2026-09-22 03:40:00,1,5.89,5.89,5.89,1,False,['dom0'],['QQQ744'],,,,,,,,,,,,
8868,2026-09-22 08:09:00,2026-09-22,128,30723.32,piso,sostenido,False,giro de 15 pts,2026-09-22 08:10:00,1,-1.18,-1.18,1.18,0,False,"['dom0', 'dom1']",['QQQ740'],19.43,19.43,19.43,2026-09-22 08:10:00,1.00,re-rotura,False,2026-09-22 08:17:00,30806.35,83.04,False,
8874,2026-09-22 08:15:00,2026-09-22,128,30723.32,piso,rota,False,cierre mas alla de +5 con cuerpo 4.25,2026-09-22 08:17:00,2,7.57,7.57,7.57,2,False,"['dom0', 'dom1']",['QQQ740'],,,,,,,,,,,,
8878,2026-09-22 08:19:00,2026-09-22,128,30723.32,techo,sostenido,False,giro de 15 pts,2026-09-22 08:22:00,3,1.68,1.68,1.68,1,True,"['dom0', 'dom1']",['QQQ740'],52.32,54.00,22.57,2026-09-22 08:31:00,12.00,re-rotura,False,2026-09-22 08:39:00,,,,
8884,2026-09-22 08:25:00,2026-09-22,128,30723.32,techo,sostenido,False,giro de 15 pts,2026-09-22 08:25:00,0,11.43,11.43,11.43,0,True,"['dom0', 'dom1']",['QQQ740'],52.32,63.75,52.32,2026-09-22 08:31:00,6.00,re-rotura,False,2026-09-22 08:39:00,,,,
8897,2026-09-22 08:38:00,2026-09-22,128,30723.32,techo,rota,False,cierre mas alla de +5 con cuerpo 14.25,2026-09-22 08:39:00,1,20.68,20.68,20.68,1,False,"['dom0', 'dom1']",['QQQ740'],,,,,,,,,,,,
8971,2026-09-22 09:52:00,2026-09-22,133,30853.51,techo,sostenido,False,giro de 15 pts,2026-09-22 09:52:00,0,1.74,1.74,1.74,0,False,"['dom0', 'dom1']",['QQQ743'],105.76,107.50,105.76,2026-09-22 12:09:00,137.00,re-rotura,False,2026-09-22 13:32:00,,,,
10154,2026-09-23 06:35:00,2026-09-23,144,31088.41,techo,sostenido,False,giro de 15 pts,2026-09-23 06:46:00,11,6.34,6.34,6.34,3,True,"['dom0', 'dom1']",['QQQ749'],90.91,97.25,90.91,2026-09-23 09:48:00,193.00,tope,False,,,,,
11451,2026-09-24 22:06:00,2026-09-25,158,30714.67,piso,sostenido,False,giro de 15 pts,2026-09-24 22:07:00,1,5.67,5.67,5.67,0,True,"['dom0', 'dom1']",['QQQ740'],20.83,26.50,20.83,2026-09-24 22:10:00,4.00,re-rotura,False,2026-09-24 22:26:00,30797.68,83.01,False,
11465,2026-09-24 22:20:00,2026-09-25,158,30714.45,piso,rota,False,cierre mas alla de +5 con cuerpo 5.50,2026-09-24 22:26:00,6,8.95,8.95,8.95,2,False,"['dom0', 'dom1']",['QQQ740'],,,,,,,,,,,,
11474,2026-09-24 22:29:00,2026-09-25,158,30713.94,techo,rota,False,cierre mas alla de +5 con cuerpo 7.75,2026-09-24 22:30:00,1,11.06,11.06,11.06,1,False,"['dom0', 'dom1']",['QQQ740'],,,,,,,,,,,,
11477,2026-09-24 22:32:00,2026-09-25,158,30713.94,piso,sostenido,False,giro de 15 pts,2026-09-24 22:41:00,9,0.19,0.19,0.19,0,False,"['dom0', 'dom1']",['QQQ740'],23.31,23.50,23.31,2026-09-24 23:05:00,33.00,re-rotura,False,2026-09-24 23:44:00,30796.95,83.01,False,
11513,2026-09-24 23:08:00,2026-09-25,158,30714.58,piso,sostenido,False,giro de 15 pts,2026-09-24 23:27:00,19,4.33,4.33,4.33,0,True,"['dom0', 'dom1']",['QQQ740'],19.17,23.50,19.17,2026-09-24 23:27:00,19.00,re-rotura,False,2026-09-24 23:44:00,30797.59,83.01,False,
11548,2026-09-24 23:43:00,2026-09-25,158,30714.95,piso,rota,False,cierre mas alla de +5 con cuerpo 6.25,2026-09-24 23:44:00,1,7.20,7.20,7.20,2,False,"['dom0', 'dom1']",['QQQ740'],,,,,,,,,,,,
11568,2026-09-25 00:03:00,2026-09-25,158,30714.48,techo,sostenido,False,giro de 15 pts,2026-09-25 00:05:00,2,3.52,3.52,3.52,0,True,"['dom0', 'dom1']",['QQQ740'],34.48,38.00,34.48,2026-09-25 00:15:00,12.00,re-rotura,False,2026-09-25 00:22:00,,,,
11586,2026-09-25 00:21:00,2026-09-25,158,30713.73,techo,rota,False,cierre mas alla de +5 con cuerpo 12.75,2026-09-25 00:22:00,1,11.77,11.77,11.77,1,False,"['dom0', 'dom1']",['QQQ740'],,,,,,,,,,,,
11590,2026-09-25 00:25:00,2026-09-25,158,30713.73,piso,rota,False,3 cierres seguidos mas alla,2026-09-25 00:32:00,7,12.98,12.98,12.98,3,False,"['dom0', 'dom1']",['QQQ740'],,,,,,,,,,,,
11595,2026-09-25 00:30:00,2026-09-25,162,30709.12,piso,rota,False,cierre mas alla de +5 con cuerpo 8.75,2026-09-25 00:36:00,6,10.62,10.62,10.62,4,False,"['dom0', 'dom1']",['QQQ740'],,,,,,,,,,,,
11608,2026-09-25 00:43:00,2026-09-25,162,30709.12,techo,sostenido,False,giro de 15 pts,2026-09-25 00:47:00,4,-1.12,-1.12,1.12,0,False,"['dom0', 'dom1']",['QQQ740'],25.62,25.62,15.62,2026-09-25 01:00:00,17.00,re-rotura,False,2026-09-25 01:09:00,,,,
11614,2026-09-25 00:49:00,2026-09-25,162,30709.12,techo,sostenido,False,giro de 15 pts,2026-09-25 00:51:00,2,-1.62,-1.62,1.62,0,False,"['dom0', 'dom1']",['QQQ740'],25.62,25.62,25.62,2026-09-25 01:00:00,11.00,re-rotura,False,2026-09-25 01:09:00,,,,
11627,2026-09-25 01:02:00,2026-09-25,162,30709.12,techo,rota,False,3 cierres seguidos mas alla,2026-09-25 01:09:00,7,13.63,13.63,13.63,4,False,"['dom0', 'dom1']",['QQQ740'],,,,,,,,,,,,
11642,2026-09-25 01:17:00,2026-09-25,161,30792.11,techo,sostenido,False,giro de 15 pts,2026-09-25 01:17:00,0,-1.86,-1.86,1.86,0,False,"['dom0', 'dom1']",['QQQ742'],41.86,41.86,41.86,2026-09-25 01:35:00,18.00,re-rotura,False,2026-09-25 01:41:00,,,,
11664,2026-09-25 01:39:00,2026-09-25,161,30792.11,techo,rota,False,cierre mas alla de +5 con cuerpo 9.25,2026-09-25 01:41:00,2,8.39,8.39,8.39,1,False,"['dom0', 'dom1']",['QQQ742'],,,,,,,,,,,,
11671,2026-09-25 01:46:00,2026-09-25,161,30792.11,piso,rota,False,cierre mas alla de +5 con cuerpo 9.25,2026-09-25 01:51:00,5,10.36,10.36,10.36,3,False,"['dom0', 'dom1']",['QQQ742'],,,,,,,,,,,,
11684,2026-09-25 01:59:00,2026-09-25,161,30792.11,techo,rota,False,cierre mas alla de +5 con cuerpo 9.00,2026-09-25 02:06:00,7,12.64,12.64,12.64,3,False,"['dom0', 'dom1']",['QQQ742'],,,,,,,,,,,,
11699,2026-09-25 02:14:00,2026-09-25,161,30792.11,piso,sostenido,False,giro de 15 pts,2026-09-25 02:19:00,5,-1.89,-1.89,1.89,0,False,"['dom0', 'dom1']",['QQQ742'],22.39,22.39,22.39,2026-09-25 02:21:00,7.00,re-rotura,False,2026-09-25 02:29:00,30833.61,41.50,False,
11713,2026-09-25 02:28:00,2026-09-25,161,30792.11,piso,rota,False,cierre mas alla de +5 con cuerpo 5.75,2026-09-25 02:29:00,1,7.36,7.36,7.36,2,False,"['dom0', 'dom1']",['QQQ742'],,,,,,,,,,,,
11729,2026-09-25 02:44:00,2026-09-25,161,30792.11,techo,sostenido,False,giro de 15 pts,2026-09-25 02:46:00,2,2.89,2.89,2.89,0,True,"['dom0', 'dom1']",['QQQ742'],27.61,30.50,27.61,2026-09-25 02:50:00,6.00,re-rotura,False,2026-09-25 03:06:00,,,,
11744,2026-09-25 02:59:00,2026-09-25,161,30792.11,techo,rota,False,cierre mas alla de +5 con cuerpo 7.25,2026-09-25 03:06:00,7,10.39,10.39,10.39,1,False,"['dom0', 'dom1']",['QQQ742'],,,,,,,,,,,,
11762,2026-09-25 03:17:00,2026-09-25,161,30792.11,piso,sostenido,False,giro de 15 pts,2026-09-25 03:21:00,4,4.11,4.11,4.11,0,True,"['dom0', 'dom1']",['QQQ742'],22.14,26.25,15.89,2026-09-25 03:41:00,24.00,re-rotura,False,2026-09-25 03:44:00,30833.61,41.50,False,
11771,2026-09-25 03:26:00,2026-09-25,161,30792.11,piso,sostenido,False,giro de 15 pts,2026-09-25 03:38:00,12,2.11,2.11,2.11,0,True,"['dom0', 'dom1']",['QQQ742'],22.14,24.25,22.14,2026-09-25 03:41:00,15.00,re-rotura,False,2026-09-25 03:44:00,30833.61,41.50,False,
11789,2026-09-25 03:44:00,2026-09-25,161,30792.11,piso,rota,False,cierre mas alla de +5 con cuerpo 16.50,2026-09-25 03:44:00,0,7.86,7.86,7.86,1,False,"['dom0', 'dom1']",['QQQ742'],,,,,,,,,,,,
11794,2026-09-25 03:49:00,2026-09-25,161,30792.11,techo,sostenido,False,giro de 15 pts,2026-09-25 04:03:00,14,2.64,2.64,2.64,1,True,"['dom0', 'dom1']",['QQQ742'],25.61,28.25,25.61,2026-09-25 04:22:00,33.00,re-rotura,False,2026-09-25 05:06:00,,,,
11843,2026-09-25 04:38:00,2026-09-25,161,30792.11,techo,sostenido,False,giro de 15 pts,2026-09-25 04:57:00,19,0.14,0.14,0.14,0,False,"['dom0', 'dom1']",['QQQ742'],24.86,25.00,24.86,2026-09-25 04:57:00,19.00,re-rotura,False,2026-09-25 05:06:00,,,,
11869,2026-09-25 05:04:00,2026-09-25,161,30792.11,techo,rota,False,cierre mas alla de +5 con cuerpo 4.25,2026-09-25 05:06:00,2,9.89,9.89,9.89,2,False,"['dom0', 'dom1']",['QQQ742'],,,,,,,,,,,,
11872,2026-09-25 05:07:00,2026-09-25,161,30792.11,piso,sostenido,False,giro de 15 pts,2026-09-25 05:09:00,2,4.36,4.36,4.36,1,True,"['dom0', 'dom1']",['QQQ742'],167.39,171.75,21.64,2026-09-25 09:07:00,240.00,tope,False,,30833.61,41.50,True,2026-09-25 05:31:00
11889,2026-09-25 05:24:00,2026-09-25,161,30792.11,piso,sostenido,False,giro de 15 pts,2026-09-25 05:28:00,4,3.11,3.11,3.11,1,True,"['dom0', 'dom1']",['QQQ742'],170.89,174.00,170.89,2026-09-25 09:15:00,231.00,tope,False,,30833.61,41.50,True,2026-09-25 05:31:00
12073,2026-09-25 08:28:00,2026-09-25,165,30916.61,techo,rota,False,cierre mas alla de +5 con cuerpo 11.50,2026-09-25 08:28:00,0,8.89,8.89,8.89,1,False,['dom0'],['QQQ745'],,,,,,,,,,,,
12077,2026-09-25 08:32:00,2026-09-25,165,30916.61,piso,sostenido,False,giro de 15 pts,2026-09-25 08:33:00,1,1.61,1.61,1.61,0,False,['dom0'],['QQQ745'],46.39,48.00,17.39,2026-09-25 09:15:00,43.00,re-rotura,False,2026-09-25 10:02:00,,,,
12084,2026-09-25 08:39:00,2026-09-25,165,30916.61,piso,sostenido,False,giro de 15 pts,2026-09-25 08:43:00,4,5.36,5.36,5.36,0,True,['dom0'],['QQQ745'],46.39,51.75,46.39,2026-09-25 09:15:00,36.00,re-rotura,False,2026-09-25 10:02:00,,,,
12112,2026-09-25 09:07:00,2026-09-25,170,30958.11,techo,sostenido,False,giro de 15 pts,2026-09-25 09:20:00,13,4.89,4.89,4.89,3,True,['dom1'],['QQQ746'],58.11,63.00,58.11,2026-09-25 10:07:00,60.00,re-rotura,False,2026-09-25 11:11:00,30916.61,41.50,True,2026-09-25 09:46:00
12151,2026-09-25 09:46:00,2026-09-25,171,30921.78,piso,rota,False,3 cierres seguidos mas alla,2026-09-25 09:48:00,2,6.28,6.28,6.28,3,False,['dom0'],['QQQ745'],,,,,,,,,,,,
12157,2026-09-25 09:52:00,2026-09-25,171,30921.26,techo,rota,False,3 cierres seguidos mas alla,2026-09-25 09:55:00,3,2.99,2.99,2.99,3,False,['dom0'],['QQQ745'],,,,,,,,,,,,
12164,2026-09-25 09:59:00,2026-09-25,171,30920.74,piso,rota,False,cierre mas alla de +5 con cuerpo 10.50,2026-09-25 10:02:00,3,11.49,11.49,11.49,2,False,['dom0'],['QQQ745'],,,,,,,,,,,,
12176,2026-09-25 10:11:00,2026-09-25,171,30920.74,techo,rota,False,cierre mas alla de +5 con cuerpo 6.25,2026-09-25 10:13:00,2,9.51,9.51,9.51,2,False,['dom0'],['QQQ745'],,,,,,,,,,,,
12197,2026-09-25 10:32:00,2026-09-25,171,30921.26,piso,rota,False,cierre mas alla de +5 con cuerpo 10.25,2026-09-25 10:38:00,6,6.01,6.01,6.01,1,False,['dom0'],['QQQ745'],,,,,,,,,,,,
12206,2026-09-25 10:41:00,2026-09-25,171,30920.65,techo,rota,False,3 cierres seguidos mas alla,2026-09-25 10:49:00,8,7.10,7.10,7.10,6,False,['dom0'],['QQQ745'],,,,,,,,,,,,
12220,2026-09-25 10:55:00,2026-09-25,171,30920.56,piso,sostenido,False,giro de 15 pts,2026-09-25 11:01:00,6,7.31,7.31,7.31,4,True,['dom0'],['QQQ745'],77.94,85.25,16.94,2026-09-25 11:35:00,40.00,re-rotura,False,2026-09-25 12:32:00,,,,
12229,2026-09-25 11:04:00,2026-09-25,171,30919.90,piso,sostenido,False,giro de 15 pts,2026-09-25 11:06:00,2,0.40,0.40,0.40,0,False,['dom0'],['QQQ745'],78.60,79.00,78.60,2026-09-25 11:35:00,31.00,re-rotura,False,2026-09-25 12:32:00,,,,
12234,2026-09-25 11:09:00,2026-09-25,176,30961.40,techo,rota,False,cierre mas alla de +5 con cuerpo 12.50,2026-09-25 11:14:00,5,13.35,13.35,13.35,2,False,['dom1'],['QQQ746'],,,,,,,,,,,,
12264,2026-09-25 11:39:00,2026-09-25,176,30960.99,piso,sostenido,False,giro de 15 pts,2026-09-25 11:44:00,5,1.74,1.74,1.74,1,True,['dom1'],['QQQ746'],21.01,22.75,15.26,2026-09-25 11:52:00,13.00,re-rotura,False,2026-09-25 12:10:00,,,,
12275,2026-09-25 11:50:00,2026-09-25,176,30960.94,piso,sostenido,False,giro de 15 pts,2026-09-25 11:51:00,1,-1.31,-1.31,1.31,0,False,['dom1'],['QQQ746'],21.06,21.06,21.06,2026-09-25 11:52:00,2.00,re-rotura,False,2026-09-25 12:10:00,,,,
12284,2026-09-25 11:59:00,2026-09-25,176,30958.02,piso,sostenido,False,giro de 15 pts,2026-09-25 12:01:00,2,2.52,2.52,2.52,0,True,['dom1'],['QQQ746'],20.48,23.00,20.48,2026-09-25 12:01:00,2.00,re-rotura,False,2026-09-25 12:10:00,,,,
12295,2026-09-25 12:10:00,2026-09-25,178,30954.14,piso,rota,False,cierre mas alla de +5 con cuerpo 14.00,2026-09-25 12:10:00,0,7.14,7.14,7.14,1,False,['dom1'],['QQQ746'],,,,,,,,,,,,
12298,2026-09-25 12:13:00,2026-09-25,178,30954.14,piso,rota,False,3 cierres seguidos mas alla,2026-09-25 12:15:00,2,10.64,10.64,10.64,3,False,['dom1'],['QQQ746'],,,,,,,,,,,,
12317,2026-09-25 12:32:00,2026-09-25,177,30912.64,piso,rota,False,cierre mas alla de +5 con cuerpo 4.50,2026-09-25 12:37:00,5,9.39,9.39,9.39,3,False,['dom0'],['QQQ745'],,,,,,,,,,,,
12324,2026-09-25 12:39:00,2026-09-25,177,30912.64,techo,sostenido,False,giro de 15 pts,2026-09-25 12:42:00,3,1.36,1.36,1.36,0,False,['dom0'],['QQQ745'],145.39,146.75,34.89,2026-09-25 13:32:00,53.00,re-rotura,False,2026-09-25 13:55:00,30829.66,82.99,True,2026-09-25 13:27:00
12331,2026-09-25 12:46:00,2026-09-25,177,30912.64,techo,sostenido,False,giro de 15 pts,2026-09-25 12:47:00,1,6.86,6.86,6.86,0,True,['dom0'],['QQQ745'],145.39,152.25,32.89,2026-09-25 13:32:00,46.00,re-rotura,False,2026-09-25 13:55:00,30829.66,82.99,True,2026-09-25 13:27:00
12358,2026-09-25 13:13:00,2026-09-25,177,30910.72,techo,sostenido,False,giro de 15 pts,2026-09-25 13:15:00,2,-1.72,-1.72,1.72,0,False,['dom0'],['QQQ745'],143.47,143.47,143.47,2026-09-25 13:32:00,19.00,re-rotura,False,2026-09-25 13:55:00,30827.74,82.98,True,2026-09-25 13:27:00
13048,2026-09-28 01:54:00,2026-09-28,188,30741.35,piso,sostenido,False,giro de 15 pts,2026-09-28 01:55:00,1,-1.65,-1.65,1.65,0,False,"['dom0', 'dom1']",['QQQ741'],25.90,25.90,25.90,2026-09-28 01:57:00,3.00,re-rotura,False,2026-09-28 02:00:00,,,,
13052,2026-09-28 01:58:00,2026-09-28,188,30741.35,piso,rota,False,cierre mas alla de +5 con cuerpo 14.00,2026-09-28 02:00:00,2,15.60,15.60,15.60,1,False,"['dom0', 'dom1']",['QQQ741'],,,,,,,,,,,,
13059,2026-09-28 02:05:00,2026-09-28,188,30741.35,techo,sostenido,False,giro de 15 pts,2026-09-28 02:06:00,1,-1.35,-1.35,1.35,0,False,"['dom0', 'dom1']",['QQQ741'],24.35,24.35,24.35,2026-09-28 02:08:00,3.00,re-rotura,False,2026-09-28 02:11:00,30699.87,41.49,False,
13063,2026-09-28 02:09:00,2026-09-28,188,30741.35,techo,rota,False,3 cierres seguidos mas alla,2026-09-28 02:11:00,2,13.90,13.90,13.90,3,False,"['dom0', 'dom1']",['QQQ741'],,,,,,,,,,,,
13069,2026-09-28 02:15:00,2026-09-28,188,30741.35,piso,rota,False,cierre mas alla de +5 con cuerpo 9.75,2026-09-28 02:16:00,1,12.10,12.10,12.10,2,False,"['dom0', 'dom1']",['QQQ741'],,,,,,,,,,,,
13078,2026-09-28 02:24:00,2026-09-28,190,30699.87,piso,sostenido,False,giro de 15 pts,2026-09-28 02:26:00,2,-1.13,-1.13,1.13,0,False,"['dom0', 'dom1']",['QQQ740'],35.38,35.38,35.38,2026-09-28 02:28:00,4.00,re-rotura,False,2026-09-28 02:41:00,,,,
13090,2026-09-28 02:36:00,2026-09-28,190,30699.87,piso,rota,False,cierre mas alla de +5 con cuerpo 6.25,2026-09-28 02:41:00,5,7.87,7.87,7.87,4,False,"['dom0', 'dom1']",['QQQ740'],,,,,,,,,,,,
13114,2026-09-28 03:00:00,2026-09-28,190,30699.87,techo,sostenido,False,giro de 15 pts,2026-09-28 03:02:00,2,-0.12,-0.12,0.12,0,False,"['dom0', 'dom1']",['QQQ740'],118.62,118.62,21.87,2026-09-28 06:30:00,210.00,tope,False,,30616.90,82.97,True,2026-09-28 06:17:00
13119,2026-09-28 03:05:00,2026-09-28,190,30699.87,techo,sostenido,False,giro de 15 pts,2026-09-28 03:06:00,1,-0.62,-0.62,0.62,0,False,"['dom0', 'dom1']",['QQQ740'],118.62,118.62,15.12,2026-09-28 06:30:00,205.00,tope,False,,30616.90,82.97,True,2026-09-28 06:17:00
13127,2026-09-28 03:13:00,2026-09-28,190,30699.87,techo,sostenido,False,giro de 15 pts,2026-09-28 03:14:00,1,1.13,1.13,1.13,0,False,"['dom0', 'dom1']",['QQQ740'],118.62,119.75,62.37,2026-09-28 06:30:00,197.00,tope,False,,30616.90,82.97,True,2026-09-28 06:17:00
13235,2026-09-28 05:01:00,2026-09-28,190,30699.87,techo,sostenido,False,giro de 15 pts,2026-09-28 05:05:00,4,5.63,5.63,5.63,1,True,"['dom0', 'dom1']",['QQQ740'],128.87,134.50,128.87,2026-09-28 07:44:00,163.00,tope,False,,30616.90,82.97,True,2026-09-28 06:17:00
13311,2026-09-28 06:17:00,2026-09-28,191,30616.90,piso,rota,False,cierre mas alla de +5 con cuerpo 9.25,2026-09-28 06:19:00,2,11.15,11.15,11.15,2,False,"['dom0', 'dom1']",['QQQ738'],,,,,,,,,,,,
13325,2026-09-28 06:31:00,2026-09-28,191,30616.90,techo,sostenido,False,giro de 15 pts,2026-09-28 06:33:00,2,-0.65,-0.65,0.65,0,False,"['dom0', 'dom1']",['QQQ738'],25.65,25.65,25.65,2026-09-28 06:34:00,3.00,re-rotura,False,2026-09-28 06:37:00,30575.41,41.49,False,
13329,2026-09-28 06:35:00,2026-09-28,191,30616.90,techo,rota,False,cierre mas alla de +5 con cuerpo 4.00,2026-09-28 06:37:00,2,8.10,8.10,8.10,2,False,"['dom0', 'dom1']",['QQQ738'],,,,,,,,,,,,
13334,2026-09-28 06:40:00,2026-09-28,191,30616.90,piso,sostenido,False,giro de 15 pts,2026-09-28 06:41:00,1,1.40,1.40,1.40,0,False,"['dom0', 'dom1']",['QQQ738'],20.85,22.25,20.85,2026-09-28 06:42:00,2.00,re-rotura,False,2026-09-28 06:44:00,30699.87,82.97,False,
13338,2026-09-28 06:44:00,2026-09-28,191,30616.90,piso,rota,False,cierre mas alla de +5 con cuerpo 11.00,2026-09-28 06:44:00,0,5.90,5.90,5.90,1,False,"['dom0', 'dom1']",['QQQ738'],,,,,,,,,,,,
13351,2026-09-28 06:57:00,2026-09-28,191,30616.90,piso,sostenido,False,giro de 15 pts,2026-09-28 06:58:00,1,-0.60,-0.60,0.60,0,False,"['dom0', 'dom1']",['QQQ738'],32.35,32.35,32.35,2026-09-28 06:59:00,2.00,re-rotura,False,2026-09-28 07:07:00,30699.87,82.97,False,
13355,2026-09-28 07:01:00,2026-09-28,191,30616.90,piso,rota,False,3 cierres seguidos mas alla,2026-09-28 07:07:00,6,12.90,12.90,12.90,4,False,"['dom0', 'dom1']",['QQQ738'],,,,,,,,,,,,
13378,2026-09-28 07:24:00,2026-09-28,191,30616.90,techo,sostenido,False,giro de 15 pts,2026-09-28 07:26:00,2,0.85,0.85,0.85,0,False,"['dom0', 'dom1']",['QQQ738'],45.90,46.75,45.90,2026-09-28 07:44:00,20.00,re-rotura,False,2026-09-28 07:55:00,,,,
13392,2026-09-28 07:38:00,2026-09-28,194,30575.41,piso,sostenido,False,giro de 15 pts,2026-09-28 07:39:00,1,-0.84,-0.84,0.84,0,False,['dom1'],['QQQ737'],64.59,64.59,38.34,2026-09-28 08:15:00,37.00,re-rotura,False,2026-09-28 09:04:00,30616.90,41.49,True,2026-09-28 07:49:00
13403,2026-09-28 07:49:00,2026-09-28,191,30616.90,techo,sostenido,False,giro de 15 pts,2026-09-28 07:52:00,3,0.35,0.35,0.35,0,False,"['dom0', 'dom1']",['QQQ738'],26.40,26.75,26.40,2026-09-28 07:53:00,4.00,re-rotura,False,2026-09-28 07:55:00,,,,
13408,2026-09-28 07:54:00,2026-09-28,191,30616.90,techo,rota,False,cierre mas alla de +5 con cuerpo 5.75,2026-09-28 07:55:00,1,12.60,12.60,12.60,2,False,"['dom0', 'dom1']",['QQQ738'],,,,,,,,,,,,
13411,2026-09-28 07:57:00,2026-09-28,191,30616.90,piso,rota,False,cierre mas alla de +5 con cuerpo 13.25,2026-09-28 07:57:00,0,9.40,9.40,9.40,1,False,"['dom0', 'dom1']",['QQQ738'],,,,,,,,,,,,
13415,2026-09-28 08:01:00,2026-09-28,191,30616.90,techo,sostenido,False,giro de 15 pts,2026-09-28 08:03:00,2,2.60,2.60,2.60,0,True,"['dom0', 'dom1']",['QQQ738'],27.40,30.00,27.40,2026-09-28 08:03:00,2.00,re-rotura,False,2026-09-28 08:14:00,30575.41,41.49,False,
13422,2026-09-28 08:08:00,2026-09-28,191,30616.90,techo,sostenido,False,giro de 15 pts,2026-09-28 08:13:00,5,4.10,4.10,4.10,0,True,"['dom0', 'dom1']",['QQQ738'],15.65,19.75,15.65,2026-09-28 08:13:00,5.00,re-rotura,False,2026-09-28 08:14:00,,,,
13430,2026-09-28 08:16:00,2026-09-28,191,30616.90,piso,rota,False,3 cierres seguidos mas alla,2026-09-28 08:20:00,4,8.90,8.90,8.90,3,False,"['dom0', 'dom1']",['QQQ738'],,,,,,,,,,,,
13437,2026-09-28 08:23:00,2026-09-28,191,30616.90,techo,sostenido,False,giro de 15 pts,2026-09-28 08:23:00,0,-1.90,-1.90,1.90,0,False,"['dom0', 'dom1']",['QQQ738'],24.65,24.65,24.65,2026-09-28 08:24:00,1.00,re-rotura,False,2026-09-28 08:29:00,,,,
13440,2026-09-28 08:26:00,2026-09-28,191,30616.90,techo,rota,False,cierre mas alla de +5 con cuerpo 9.25,2026-09-28 08:29:00,3,7.35,7.35,7.35,2,False,"['dom0', 'dom1']",['QQQ738'],,,,,,,,,,,,
13466,2026-09-28 08:52:00,2026-09-28,197,30575.41,piso,sostenido,False,giro de 15 pts,2026-09-28 08:53:00,1,-0.59,-0.59,0.59,0,False,['dom1'],['QQQ737'],31.09,31.09,19.34,2026-09-28 09:00:00,8.00,re-rotura,False,2026-09-28 09:04:00,30616.90,41.49,False,
13476,2026-09-28 09:02:00,2026-09-28,197,30575.41,piso,rota,False,cierre mas alla de +5 con cuerpo 4.50,2026-09-28 09:04:00,2,12.41,12.41,12.41,2,False,['dom1'],['QQQ737'],,,,,,,,,,,,
13594,2026-09-28 11:00:00,2026-09-28,198,30620.54,techo,rota,False,cierre mas alla de +5 con cuerpo 44.50,2026-09-28 11:00:00,0,23.46,23.46,23.46,1,False,"['dom0', 'dom1']",['QQQ738'],,,,,,,,,,,,
13610,2026-09-28 11:16:00,2026-09-28,198,30620.08,techo,sostenido,False,giro de 15 pts,2026-09-28 11:19:00,3,9.17,9.17,9.17,2,True,"['dom0', 'dom1']",['QQQ738'],32.08,41.25,32.08,2026-09-28 11:19:00,3.00,re-rotura,False,2026-09-28 11:23:00,30578.59,41.49,False,
13616,2026-09-28 11:22:00,2026-09-28,198,30619.70,techo,rota,False,cierre mas alla de +5 con cuerpo 5.50,2026-09-28 11:23:00,1,16.55,16.55,16.55,2,False,"['dom0', 'dom1']",['QQQ738'],,,,,,,,,,,,
13627,2026-09-28 11:33:00,2026-09-28,198,30618.80,piso,sostenido,False,giro de 15 pts,2026-09-28 11:33:00,0,-0.45,-0.45,0.45,0,False,"['dom0', 'dom1']",['QQQ738'],140.45,140.45,30.20,2026-09-28 13:32:00,119.00,re-rotura,False,2026-09-28 13:44:00,30701.78,82.98,True,2026-09-28 12:06:00
13655,2026-09-28 12:01:00,2026-09-28,198,30618.41,piso,sostenido,False,giro de 15 pts,2026-09-28 12:04:00,3,7.91,7.91,7.91,1,True,"['dom0', 'dom1']",['QQQ738'],140.84,148.75,140.84,2026-09-28 13:32:00,91.00,re-rotura,False,2026-09-28 13:44:00,30701.39,82.98,True,2026-09-28 12:06:00
13660,2026-09-28 12:06:00,2026-09-28,203,30701.39,techo,rota,False,cierre mas alla de +5 con cuerpo 16.25,2026-09-28 12:06:00,0,10.86,10.86,10.86,1,False,"['dom0', 'dom1']",['QQQ740'],,,,,,,,,,,,
13668,2026-09-28 12:14:00,2026-09-28,203,30701.39,techo,rota,False,cierre mas alla de +5 con cuerpo 4.00,2026-09-28 12:16:00,2,10.86,10.86,10.86,3,False,"['dom0', 'dom1']",['QQQ740'],,,,,,,,,,,,
13676,2026-09-28 12:22:00,2026-09-28,203,30701.39,piso,rota,False,cierre mas alla de +5 con cuerpo 26.50,2026-09-28 12:22:00,0,6.64,6.64,6.64,1,False,"['dom0', 'dom1']",['QQQ740'],,,,,,,,,,,,
13679,2026-09-28 12:25:00,2026-09-28,203,30701.39,piso,sostenido,False,giro de 15 pts,2026-09-28 12:26:00,1,5.89,5.89,5.89,0,True,"['dom0', 'dom1']",['QQQ740'],28.11,34.00,28.11,2026-09-28 12:26:00,1.00,re-rotura,False,2026-09-28 12:29:00,,,,
13682,2026-09-28 12:28:00,2026-09-28,203,30701.39,piso,rota,False,cierre mas alla de +5 con cuerpo 4.25,2026-09-28 12:29:00,1,9.39,9.39,9.39,2,False,"['dom0', 'dom1']",['QQQ740'],,,,,,,,,,,,
13691,2026-09-28 12:37:00,2026-09-28,203,30701.39,piso,sostenido,False,giro de 15 pts,2026-09-28 12:42:00,5,7.14,7.14,7.14,1,True,"['dom0', 'dom1']",['QQQ740'],52.36,59.50,52.36,2026-09-28 12:57:00,20.00,re-rotura,False,2026-09-28 13:24:00,,,,
13699,2026-09-28 12:46:00,2026-09-28,204,30742.88,techo,sostenido,False,giro de 15 pts,2026-09-28 12:47:00,1,0.62,0.62,0.62,0,False,['dom1'],['QQQ741'],22.38,23.00,22.38,2026-09-28 12:48:00,2.00,re-rotura,False,2026-09-28 12:56:00,30701.39,41.49,False,
13707,2026-09-28 12:54:00,2026-09-28,204,30742.88,techo,sostenido,False,giro de 15 pts,2026-09-28 12:55:00,1,4.12,4.12,4.12,0,True,['dom1'],['QQQ741'],20.38,24.50,20.38,2026-09-28 12:55:00,1.00,re-rotura,False,2026-09-28 12:56:00,30701.39,41.49,False,
13716,2026-09-28 13:03:00,2026-09-28,203,30701.43,piso,sostenido,False,giro de 15 pts,2026-09-28 13:11:00,8,5.43,5.43,5.43,1,True,"['dom0', 'dom1']",['QQQ740'],16.32,21.75,16.32,2026-09-28 13:11:00,8.00,re-rotura,False,2026-09-28 13:24:00,,,,
13726,2026-09-28 13:13:00,2026-09-28,203,30701.43,piso,sostenido,False,giro de 15 pts,2026-09-28 13:16:00,3,-0.32,-0.32,0.32,0,False,"['dom0', 'dom1']",['QQQ740'],15.32,15.32,15.32,2026-09-28 13:17:00,4.00,re-rotura,False,2026-09-28 13:24:00,,,,
13731,2026-09-28 13:18:00,2026-09-28,203,30701.63,piso,rota,False,cierre mas alla de +5 con cuerpo 9.00,2026-09-28 13:22:00,4,11.13,11.13,11.13,3,False,"['dom0', 'dom1']",['QQQ740'],,,,,,,,,,,,
13741,2026-09-28 13:28:00,2026-09-28,203,30701.36,piso,sostenido,False,giro de 15 pts,2026-09-28 13:28:00,0,-0.89,-0.89,0.89,0,False,"['dom0', 'dom1']",['QQQ740'],23.64,23.64,23.64,2026-09-28 13:28:00,0.00,re-rotura,False,2026-09-28 13:30:00,30742.85,41.49,False,
14194,2026-09-28 22:01:00,2026-09-29,206,30543.20,piso,sostenido,False,giro de 15 pts,2026-09-28 22:04:00,3,6.20,6.20,6.20,1,True,['dom1'],['QQQ736'],72.05,78.25,15.30,2026-09-28 22:14:00,13.00,re-rotura,False,2026-09-29 00:23:00,,,,
14330,2026-09-29 00:17:00,2026-09-29,210,30540.47,piso,rota,False,cierre mas alla de +5 con cuerpo 18.25,2026-09-29 00:23:00,6,18.97,18.97,18.97,2,False,['dom1'],['QQQ736'],,,,,,,,,,,,
14341,2026-09-29 00:28:00,2026-09-29,213,30535.31,techo,rota,False,cierre mas alla de +5 con cuerpo 10.50,2026-09-29 00:28:00,0,7.44,7.44,7.44,1,False,['dom1'],['QQQ736'],,,,,,,,,,,,
14358,2026-09-29 00:45:00,2026-09-29,213,30535.31,piso,rota,False,cierre mas alla de +5 con cuerpo 19.25,2026-09-29 00:45:00,0,8.81,8.81,8.81,1,False,['dom1'],['QQQ736'],,,,,,,,,,,,
14365,2026-09-29 00:52:00,2026-09-29,212,30493.82,piso,sostenido,False,giro de 15 pts,2026-09-29 00:54:00,2,-1.43,-1.43,1.43,0,False,['dom0'],['QQQ735'],35.93,35.93,25.18,2026-09-29 01:02:00,10.00,re-rotura,False,2026-09-29 01:11:00,30535.31,41.49,False,
14372,2026-09-29 00:59:00,2026-09-29,212,30493.82,piso,sostenido,False,giro de 15 pts,2026-09-29 01:00:00,1,6.82,6.82,6.82,1,True,['dom0'],['QQQ735'],35.93,42.75,35.93,2026-09-29 01:02:00,3.00,re-rotura,False,2026-09-29 01:11:00,30535.31,41.49,False,
14380,2026-09-29 01:07:00,2026-09-29,212,30493.82,piso,sostenido,False,giro de 15 pts,2026-09-29 01:08:00,1,-1.93,-1.93,1.93,0,False,['dom0'],['QQQ735'],15.68,15.68,15.68,2026-09-29 01:08:00,1.00,re-rotura,False,2026-09-29 01:11:00,30535.31,41.49,False,
14383,2026-09-29 01:10:00,2026-09-29,212,30493.82,piso,rota,False,cierre mas alla de +5 con cuerpo 16.50,2026-09-29 01:11:00,1,18.82,18.82,18.82,1,False,['dom0'],['QQQ735'],,,,,,,,,,,,
14403,2026-09-29 01:30:00,2026-09-29,212,30493.82,techo,sostenido,False,giro de 15 pts,2026-09-29 01:32:00,2,14.43,14.43,14.43,2,True,['dom0'],['QQQ735'],18.57,33.00,18.57,2026-09-29 01:32:00,2.00,re-rotura,False,2026-09-29 01:38:00,,,,
14407,2026-09-29 01:34:00,2026-09-29,212,30493.82,techo,rota,False,cierre mas alla de +5 con cuerpo 4.00,2026-09-29 01:38:00,4,9.68,9.68,9.68,2,False,['dom0'],['QQQ735'],,,,,,,,,,,,
14416,2026-09-29 01:43:00,2026-09-29,212,30493.82,piso,sostenido,False,giro de 15 pts,2026-09-29 01:43:00,0,-1.68,-1.68,1.68,0,False,['dom0'],['QQQ735'],24.18,24.18,24.18,2026-09-29 01:46:00,3.00,re-rotura,False,2026-09-29 02:06:00,30535.31,41.49,False,
14420,2026-09-29 01:47:00,2026-09-29,212,30493.82,piso,sostenido,False,giro de 15 pts,2026-09-29 01:52:00,5,6.07,6.07,6.07,1,True,['dom0'],['QQQ735'],19.68,25.75,19.68,2026-09-29 01:53:00,6.00,re-rotura,False,2026-09-29 02:06:00,30535.31,41.49,False,
14434,2026-09-29 02:01:00,2026-09-29,212,30493.82,piso,rota,False,cierre mas alla de +5 con cuerpo 4.50,2026-09-29 02:06:00,5,14.32,14.32,14.32,2,False,['dom0'],['QQQ735'],,,,,,,,,,,,
14442,2026-09-29 02:09:00,2026-09-29,212,30493.82,techo,rota,False,cierre mas alla de +5 con cuerpo 17.75,2026-09-29 02:12:00,3,17.18,17.18,17.18,1,False,['dom0'],['QQQ735'],,,,,,,,,,,,
14452,2026-09-29 02:19:00,2026-09-29,213,30535.31,techo,sostenido,False,giro de 15 pts,2026-09-29 02:21:00,2,2.44,2.44,2.44,1,True,['dom1'],['QQQ736'],163.56,166.00,163.56,2026-09-29 05:35:00,196.00,tope,False,,30493.82,41.49,True,2026-09-29 02:31:00
14464,2026-09-29 02:31:00,2026-09-29,212,30493.82,piso,rota,False,cierre mas alla de +5 con cuerpo 9.50,2026-09-29 02:32:00,1,12.57,12.57,12.57,2,False,['dom0'],['QQQ735'],,,,,,,,,,,,
14472,2026-09-29 02:39:00,2026-09-29,212,30493.82,techo,sostenido,False,giro de 15 pts,2026-09-29 02:41:00,2,3.43,3.43,3.43,0,True,['dom0'],['QQQ735'],122.07,125.50,81.32,2026-09-29 05:35:00,176.00,re-rotura,False,2026-09-29 06:13:00,,,,
14534,2026-09-29 03:41:00,2026-09-29,212,30493.82,techo,sostenido,False,giro de 15 pts,2026-09-29 03:45:00,4,6.18,6.18,6.18,1,True,['dom0'],['QQQ735'],122.07,128.25,122.07,2026-09-29 05:35:00,114.00,re-rotura,False,2026-09-29 06:13:00,,,,
14683,2026-09-29 06:10:00,2026-09-29,212,30493.82,techo,rota,False,cierre mas alla de +5 con cuerpo 8.50,2026-09-29 06:13:00,3,10.68,10.68,10.68,3,False,['dom0'],['QQQ735'],,,,,,,,,,,,
14694,2026-09-29 06:21:00,2026-09-29,212,30493.82,techo,rota,False,cierre mas alla de +5 con cuerpo 9.00,2026-09-29 06:22:00,1,15.93,15.93,15.93,2,False,['dom0'],['QQQ735'],,,,,,,,,,,,
14697,2026-09-29 06:24:00,2026-09-29,212,30493.82,piso,sostenido,False,giro de 15 pts,2026-09-29 06:25:00,1,-0.93,-0.93,0.93,0,False,['dom0'],['QQQ735'],141.18,141.18,141.18,2026-09-29 08:22:00,118.00,tope,False,,30535.31,41.49,True,2026-09-29 06:30:00
14703,2026-09-29 06:30:00,2026-09-29,219,30535.31,techo,rota,False,3 cierres seguidos mas alla,2026-09-29 06:32:00,2,12.69,12.69,12.69,3,False,['dom1'],['QQQ736'],,,,,,,,,,,,
14732,2026-09-29 06:59:00,2026-09-29,219,30535.31,piso,sostenido,False,giro de 15 pts,2026-09-29 07:00:00,1,-1.19,-1.19,1.19,0,False,['dom1'],['QQQ736'],107.94,107.94,17.44,2026-09-29 10:59:00,240.00,tope,False,,,,,
14883,2026-09-29 09:30:00,2026-09-29,224,30539.46,piso,sostenido,False,giro de 15 pts,2026-09-29 09:35:00,5,1.71,1.71,1.71,0,False,['dom1'],['QQQ736'],185.79,187.50,185.79,2026-09-29 13:30:00,240.00,tope,False,,,,,
14976,2026-09-29 11:03:00,2026-09-29,227,30662.56,techo,sostenido,False,giro de 15 pts,2026-09-29 11:04:00,1,5.19,5.19,5.19,0,True,"['dom0', 'dom1']",['QQQ739'],34.06,39.25,18.31,2026-09-29 11:14:00,11.00,re-rotura,False,2026-09-29 11:49:00,,,,
14978,2026-09-29 11:05:00,2026-09-29,227,30662.32,techo,sostenido,False,giro de 15 pts,2026-09-29 11:09:00,4,6.68,6.68,6.68,1,True,"['dom0', 'dom1']",['QQQ739'],33.82,40.50,33.82,2026-09-29 11:14:00,9.00,re-rotura,False,2026-09-29 11:49:00,,,,
15008,2026-09-29 11:35:00,2026-09-29,227,30661.11,techo,rota,False,3 cierres seguidos mas alla,2026-09-29 11:39:00,4,5.64,5.64,5.64,3,False,"['dom0', 'dom1']",['QQQ739'],,,,,,,,,,,,
15016,2026-09-29 11:43:00,2026-09-29,227,30661.11,techo,sostenido,False,giro de 15 pts,2026-09-29 11:47:00,4,0.89,0.89,0.89,0,False,"['dom0', 'dom1']",['QQQ739'],17.61,18.50,17.61,2026-09-29 11:47:00,4.00,re-rotura,False,2026-09-29 11:49:00,,,,
15022,2026-09-29 11:49:00,2026-09-29,227,30661.03,techo,rota,False,cierre mas alla de +5 con cuerpo 47.50,2026-09-29 11:49:00,0,41.72,41.72,41.72,1,False,"['dom0', 'dom1']",['QQQ739'],,,,,,,,,,,,
15022,2026-09-29 11:49:00,2026-09-29,228,30702.52,techo,sostenido,False,giro de 15 pts,2026-09-29 11:50:00,1,4.98,4.98,4.98,0,True,['dom0'],['QQQ740'],36.27,41.25,36.27,2026-09-29 11:51:00,2.00,re-rotura,False,2026-09-29 12:15:00,30661.03,41.49,False,
15034,2026-09-29 12:01:00,2026-09-29,228,30702.23,techo,sostenido,False,giro de 15 pts,2026-09-29 12:03:00,2,1.52,1.52,1.52,0,False,['dom0'],['QQQ740'],17.73,19.25,15.48,2026-09-29 12:06:00,5.00,re-rotura,False,2026-09-29 12:15:00,30660.74,41.49,False,
15046,2026-09-29 12:13:00,2026-09-29,228,30702.23,techo,rota,False,cierre mas alla de +5 con cuerpo 14.00,2026-09-29 12:15:00,2,15.27,15.27,15.27,1,False,['dom0'],['QQQ740'],,,,,,,,,,,,
15050,2026-09-29 12:17:00,2026-09-29,228,30702.23,piso,rota,False,cierre mas alla de +5 con cuerpo 6.25,2026-09-29 12:18:00,1,11.98,11.98,11.98,2,False,['dom0'],['QQQ740'],,,,,,,,,,,,
15053,2026-09-29 12:20:00,2026-09-29,228,30702.23,techo,sostenido,False,giro de 15 pts,2026-09-29 12:20:00,0,1.02,1.02,1.02,0,False,['dom0'],['QQQ740'],73.73,74.75,73.73,2026-09-29 12:59:00,39.00,re-rotura,False,2026-09-29 13:29:00,30660.74,41.49,True,2026-09-29 12:26:00
15059,2026-09-29 12:26:00,2026-09-29,227,30660.74,piso,sostenido,False,giro de 15 pts,2026-09-29 12:29:00,3,5.74,5.74,5.74,1,True,"['dom0', 'dom1']",['QQQ739'],20.26,26.00,20.26,2026-09-29 12:30:00,4.00,re-rotura,False,2026-09-29 12:39:00,30702.23,41.49,False,
15064,2026-09-29 12:31:00,2026-09-29,227,30660.74,piso,sostenido,False,giro de 15 pts,2026-09-29 12:32:00,1,-1.51,-1.51,1.51,0,False,"['dom0', 'dom1']",['QQQ739'],20.01,20.01,20.01,2026-09-29 12:32:00,1.00,re-rotura,False,2026-09-29 12:39:00,30702.23,41.49,False,
15067,2026-09-29 12:34:00,2026-09-29,227,30660.74,piso,rota,False,cierre mas alla de +5 con cuerpo 13.50,2026-09-29 12:39:00,5,9.74,9.74,9.74,1,False,"['dom0', 'dom1']",['QQQ739'],,,,,,,,,,,,
15077,2026-09-29 12:44:00,2026-09-29,227,30660.74,techo,sostenido,False,giro de 15 pts,2026-09-29 12:44:00,0,-1.24,-1.24,1.24,0,False,"['dom0', 'dom1']",['QQQ739'],32.24,32.24,32.24,2026-09-29 12:59:00,15.00,re-rotura,False,2026-09-29 13:21:00,,,,
15102,2026-09-29 13:09:00,2026-09-29,227,30660.47,techo,rota,False,cierre mas alla de +5 con cuerpo 7.75,2026-09-29 13:14:00,5,6.03,6.03,6.03,4,False,"['dom0', 'dom1']",['QQQ739'],,,,,,,,,,,,
15121,2026-09-29 13:28:00,2026-09-29,228,30701.29,techo,rota,False,cierre mas alla de +5 con cuerpo 13.00,2026-09-29 13:29:00,1,7.96,7.96,7.96,1,False,['dom0'],['QQQ740'],,,,,,,,,,,,
15583,2026-09-29 22:10:00,2026-09-30,229,30701.95,techo,sostenido,False,giro de 15 pts,2026-09-29 22:15:00,5,1.80,1.80,1.80,0,False,['dom0'],['QQQ740'],15.20,17.00,15.20,2026-09-29 22:15:00,5.00,re-rotura,False,2026-09-29 22:21:00,,,,
15592,2026-09-29 22:19:00,2026-09-30,229,30701.89,techo,rota,False,3 cierres seguidos mas alla,2026-09-29 22:21:00,2,6.86,6.86,6.86,3,False,['dom0'],['QQQ740'],,,,,,,,,,,,
15671,2026-09-29 23:38:00,2026-09-30,229,30700.42,techo,rota,False,3 cierres seguidos mas alla,2026-09-29 23:54:00,16,6.58,6.58,6.58,7,False,['dom0'],['QQQ740'],,,,,,,,,,,,
15691,2026-09-29 23:58:00,2026-09-30,229,30700.77,piso,sostenido,False,giro de 15 pts,2026-09-30 00:00:00,2,-0.48,-0.48,0.48,0,False,['dom0'],['QQQ740'],36.48,36.48,36.48,2026-09-30 00:06:00,8.00,re-rotura,False,2026-09-30 00:22:00,30742.26,41.49,False,
15711,2026-09-30 00:18:00,2026-09-30,229,30700.59,piso,rota,False,cierre mas alla de +5 con cuerpo 10.00,2026-09-30 00:36:00,18,13.84,13.84,13.84,7,False,['dom0'],['QQQ740'],,,,,,,,,,,,
15720,2026-09-30 00:27:00,2026-09-30,231,30696.24,piso,sostenido,False,giro de 15 pts,2026-09-30 00:33:00,6,4.49,4.49,4.49,1,True,"['dom0', 'dom1']",['QQQ740'],17.01,21.50,17.01,2026-09-30 00:34:00,7.00,re-rotura,False,2026-09-30 00:36:00,30737.72,41.48,False,
15728,2026-09-30 00:35:00,2026-09-30,231,30696.24,piso,rota,False,cierre mas alla de +5 con cuerpo 10.00,2026-09-30 00:36:00,1,9.49,9.49,9.49,1,False,"['dom0', 'dom1']",['QQQ740'],,,,,,,,,,,,
16174,2026-09-30 08:01:00,2026-09-30,231,30696.24,techo,rota,False,cierre mas alla de +5 con cuerpo 11.00,2026-09-30 08:03:00,2,11.26,11.26,11.26,2,False,"['dom0', 'dom1']",['QQQ740'],,,,,,,,,,,,
16219,2026-09-30 08:46:00,2026-09-30,246,30654.76,techo,sostenido,False,giro de 15 pts,2026-09-30 08:54:00,8,1.99,1.99,1.99,1,True,['dom1'],['QQQ739'],143.01,145.00,143.01,2026-09-30 11:20:00,154.00,re-rotura,False,2026-09-30 12:30:00,,,,
16363,2026-09-30 11:10:00,2026-09-30,248,30534.20,piso,sostenido,False,giro de 15 pts,2026-09-30 11:12:00,2,4.70,4.70,4.70,0,True,['dom0'],['QQQ736'],19.30,24.00,19.30,2026-09-30 11:13:00,3.00,re-rotura,False,2026-09-30 11:15:00,,,,
16367,2026-09-30 11:14:00,2026-09-30,248,30534.20,piso,rota,False,cierre mas alla de +5 con cuerpo 19.00,2026-09-30 11:15:00,1,14.95,14.95,14.95,1,False,['dom0'],['QQQ736'],,,,,,,,,,,,
16375,2026-09-30 11:22:00,2026-09-30,248,30534.40,techo,rota,False,cierre mas alla de +5 con cuerpo 21.00,2026-09-30 11:22:00,0,15.85,15.85,15.85,1,False,['dom0'],['QQQ736'],,,,,,,,,,,,
16428,2026-09-30 12:15:00,2026-09-30,248,30533.99,piso,sostenido,False,giro de 15 pts,2026-09-30 12:15:00,0,2.49,2.49,2.49,0,True,['dom0'],['QQQ736'],372.01,374.50,372.01,2026-09-30 15:50:00,215.00,tope,False,,,,,
16443,2026-09-30 12:30:00,2026-09-30,256,30699.94,techo,rota,False,cierre mas alla de +5 con cuerpo 84.50,2026-09-30 12:31:00,1,77.56,77.56,77.56,1,False,"['dom0', 'dom1']",['QQQ740'],,,,,,,,,,,,
16444,2026-09-30 12:31:00,2026-09-30,257,30741.42,techo,rota,False,cierre mas alla de +5 con cuerpo 84.50,2026-09-30 12:31:00,0,36.08,36.08,36.08,1,False,['dom1'],['QQQ741'],,,,,,,,,,,,
16446,2026-09-30 12:33:00,2026-09-30,257,30741.42,piso,rota,False,cierre mas alla de +5 con cuerpo 23.75,2026-09-30 12:33:00,0,21.42,21.42,21.42,1,False,['dom1'],['QQQ741'],,,,,,,,,,,,
16450,2026-09-30 12:37:00,2026-09-30,256,30699.94,piso,sostenido,False,giro de 15 pts,2026-09-30 12:40:00,3,17.69,17.69,17.69,2,True,"['dom0', 'dom1']",['QQQ740'],37.56,55.25,37.56,2026-09-30 12:43:00,6.00,re-rotura,False,2026-09-30 12:46:00,30741.42,41.49,False,
16459,2026-09-30 12:46:00,2026-09-30,256,30699.94,piso,rota,False,cierre mas alla de +5 con cuerpo 34.75,2026-09-30 12:46:00,0,8.94,8.94,8.94,1,False,"['dom0', 'dom1']",['QQQ740'],,,,,,,,,,,,
16461,2026-09-30 12:48:00,2026-09-30,256,30699.94,techo,sostenido,False,giro de 15 pts,2026-09-30 12:51:00,3,4.81,4.81,4.81,0,True,"['dom0', 'dom1']",['QQQ740'],15.19,20.00,15.19,2026-09-30 12:51:00,3.00,re-rotura,False,2026-09-30 12:53:00,,,,
16467,2026-09-30 12:54:00,2026-09-30,257,30741.42,techo,sostenido,False,giro de 15 pts,2026-09-30 12:55:00,1,-0.92,-0.92,0.92,0,False,['dom1'],['QQQ741'],32.42,32.42,18.17,2026-09-30 12:59:00,5.00,re-rotura,False,2026-09-30 13:04:00,30699.94,41.49,False,
16470,2026-09-30 12:57:00,2026-09-30,257,30741.42,techo,sostenido,False,giro de 15 pts,2026-09-30 12:57:00,0,2.58,2.58,2.58,0,True,['dom1'],['QQQ741'],32.42,35.00,32.42,2026-09-30 12:59:00,2.00,re-rotura,False,2026-09-30 13:04:00,30699.94,41.49,False,
16473,2026-09-30 13:00:00,2026-09-30,257,30741.42,techo,rota,False,cierre mas alla de +5 con cuerpo 5.50,2026-09-30 13:04:00,4,8.58,8.58,8.58,4,False,['dom1'],['QQQ741'],,,,,,,,,,,,
16481,2026-09-30 13:08:00,2026-09-30,257,30741.84,piso,sostenido,False,giro de 15 pts,2026-09-30 13:11:00,3,5.34,5.34,5.34,1,True,['dom1'],['QQQ741'],19.41,24.75,16.91,2026-09-30 13:12:00,4.00,re-rotura,False,2026-09-30 13:15:00,,,,
16493,2026-09-30 13:20:00,2026-09-30,256,30700.37,piso,rota,False,3 cierres seguidos mas alla,2026-09-30 13:22:00,2,6.87,6.87,6.87,3,False,"['dom0', 'dom1']",['QQQ740'],,,,,,,,,,,,
16501,2026-09-30 13:28:00,2026-09-30,256,30700.37,piso,sostenido,False,giro de 15 pts,2026-09-30 13:30:00,2,18.12,18.12,18.12,1,True,"['dom0', 'dom1']",['QQQ740'],205.63,223.75,205.63,2026-09-30 15:50:00,142.00,tope,False,,30741.85,41.49,True,2026-09-30 13:31:00
17223,2026-10-01 02:30:00,2026-10-01,268,30860.76,techo,rota,False,3 cierres seguidos mas alla,2026-10-01 02:42:00,12,3.74,3.74,3.74,5,False,"['dom0', 'dom1']",['QQQ744'],,,,,,,,,,,,
17244,2026-10-01 02:51:00,2026-10-01,268,30860.76,techo,rota,False,cierre mas alla de +5 con cuerpo 12.50,2026-10-01 03:00:00,9,18.49,18.49,18.49,5,False,"['dom0', 'dom1']",['QQQ744'],,,,,,,,,,,,
17285,2026-10-01 03:32:00,2026-10-01,268,30860.76,piso,sostenido,False,giro de 15 pts,2026-10-01 03:40:00,8,0.51,0.51,0.51,0,False,"['dom0', 'dom1']",['QQQ744'],289.49,290.00,289.49,2026-10-01 06:11:00,159.00,re-rotura,False,2026-10-01 07:26:00,30902.24,41.48,True,2026-10-01 03:52:00
17305,2026-10-01 03:52:00,2026-10-01,271,30902.24,techo,rota,False,cierre mas alla de +5 con cuerpo 14.00,2026-10-01 03:54:00,2,10.76,10.76,10.76,1,False,['dom0'],['QQQ745'],,,,,,,,,,,,
17366,2026-10-01 04:53:00,2026-10-01,272,30985.20,techo,sostenido,False,giro de 15 pts,2026-10-01 04:56:00,3,2.05,2.05,2.05,0,True,['dom1'],['QQQ747'],18.70,20.75,18.70,2026-10-01 04:57:00,4.00,re-rotura,False,2026-10-01 05:02:00,30902.24,82.96,False,
17372,2026-10-01 04:59:00,2026-10-01,272,30985.20,techo,rota,False,3 cierres seguidos mas alla,2026-10-01 05:02:00,3,9.80,9.80,9.80,3,False,['dom1'],['QQQ747'],,,,,,,,,,,,
17433,2026-10-01 06:00:00,2026-10-01,273,31109.64,techo,rota,False,cierre mas alla de +5 con cuerpo 25.25,2026-10-01 06:00:00,0,12.61,12.61,12.61,1,False,['dom0'],['QQQ750'],,,,,,,,,,,,
17452,2026-10-01 06:19:00,2026-10-01,273,31109.64,piso,sostenido,False,giro de 15 pts,2026-10-01 06:20:00,1,-1.61,-1.61,1.61,0,False,['dom0'],['QQQ750'],32.11,32.11,29.86,2026-10-01 06:30:00,11.00,re-rotura,False,2026-10-01 06:34:00,,,,
17459,2026-10-01 06:26:00,2026-10-01,273,31109.64,piso,sostenido,False,giro de 15 pts,2026-10-01 06:28:00,2,0.39,0.39,0.39,0,False,['dom0'],['QQQ750'],32.11,32.50,32.11,2026-10-01 06:30:00,4.00,re-rotura,False,2026-10-01 06:34:00,,,,
17465,2026-10-01 06:32:00,2026-10-01,273,31109.64,piso,rota,False,3 cierres seguidos mas alla,2026-10-01 06:34:00,2,8.64,8.64,8.64,3,False,['dom0'],['QQQ750'],,,,,,,,,,,,
17506,2026-10-01 07:13:00,2026-10-01,276,30985.20,piso,rota,False,cierre mas alla de +5 con cuerpo 20.25,2026-10-01 07:13:00,0,15.45,15.45,15.45,1,False,['dom1'],['QQQ747'],,,,,,,,,,,,
17517,2026-10-01 07:24:00,2026-10-01,277,30902.24,piso,rota,False,cierre mas alla de +5 con cuerpo 16.75,2026-10-01 07:24:00,0,13.99,13.99,13.99,1,False,['dom0'],['QQQ745'],,,,,,,,,,,,
17519,2026-10-01 07:26:00,2026-10-01,278,30860.76,piso,rota,False,cierre mas alla de +5 con cuerpo 34.00,2026-10-01 07:26:00,0,24.76,24.76,24.76,1,False,"['dom0', 'dom1']",['QQQ744'],,,,,,,,,,,,
17525,2026-10-01 07:32:00,2026-10-01,278,30860.76,techo,rota,False,cierre mas alla de +5 con cuerpo 10.75,2026-10-01 07:34:00,2,11.49,11.49,11.49,1,False,"['dom0', 'dom1']",['QQQ744'],,,,,,,,,,,,
17544,2026-10-01 07:51:00,2026-10-01,278,30860.76,techo,rota,False,cierre mas alla de +5 con cuerpo 23.25,2026-10-01 07:53:00,2,22.74,22.74,22.74,2,False,"['dom0', 'dom1']",['QQQ744'],,,,,,,,,,,,
17550,2026-10-01 07:57:00,2026-10-01,278,30860.76,piso,rota,False,cierre mas alla de +5 con cuerpo 5.00,2026-10-01 07:59:00,2,12.76,12.76,12.76,3,False,"['dom0', 'dom1']",['QQQ744'],,,,,,,,,,,,
17558,2026-10-01 08:05:00,2026-10-01,277,30902.24,techo,sostenido,False,giro de 15 pts,2026-10-01 08:06:00,1,4.26,4.26,4.26,0,True,['dom0'],['QQQ745'],145.24,149.50,145.24,2026-10-01 08:33:00,28.00,re-rotura,False,2026-10-01 10:42:00,,,,
17561,2026-10-01 08:08:00,2026-10-01,278,30860.76,piso,rota,False,cierre mas alla de +5 con cuerpo 36.25,2026-10-01 08:09:00,1,37.76,37.76,37.76,1,False,"['dom0', 'dom1']",['QQQ744'],,,,,,,,,,,,
17615,2026-10-01 09:02:00,2026-10-01,278,30860.76,techo,rota,False,cierre mas alla de +5 con cuerpo 17.00,2026-10-01 09:04:00,2,19.24,19.24,19.24,2,False,"['dom0', 'dom1']",['QQQ744'],,,,,,,,,,,,
17619,2026-10-01 09:06:00,2026-10-01,283,30868.64,piso,sostenido,False,giro de 15 pts,2026-10-01 09:08:00,2,0.14,0.14,0.14,0,False,"['dom0', 'dom1']",['QQQ744'],36.11,36.25,16.11,2026-10-01 09:35:00,29.00,re-rotura,False,2026-10-01 09:40:00,30910.13,41.49,False,
17626,2026-10-01 09:13:00,2026-10-01,283,30868.64,piso,sostenido,False,giro de 15 pts,2026-10-01 09:14:00,1,-1.86,-1.86,1.86,0,False,"['dom0', 'dom1']",['QQQ744'],36.11,36.11,18.36,2026-10-01 09:35:00,22.00,re-rotura,False,2026-10-01 09:40:00,30910.13,41.49,False,
17629,2026-10-01 09:16:00,2026-10-01,283,30868.64,piso,sostenido,False,giro de 15 pts,2026-10-01 09:21:00,5,4.89,4.89,4.89,2,True,"['dom0', 'dom1']",['QQQ744'],36.11,41.00,36.11,2026-10-01 09:35:00,19.00,re-rotura,False,2026-10-01 09:40:00,30910.13,41.49,False,
17650,2026-10-01 09:37:00,2026-10-01,283,30868.64,piso,rota,False,cierre mas alla de +5 con cuerpo 8.00,2026-10-01 09:40:00,3,6.89,6.89,6.89,1,False,"['dom0', 'dom1']",['QQQ744'],,,,,,,,,,,,
17660,2026-10-01 09:47:00,2026-10-01,283,30868.41,techo,rota,False,cierre mas alla de +5 con cuerpo 13.00,2026-10-01 09:47:00,0,9.84,9.84,9.84,1,False,"['dom0', 'dom1']",['QQQ744'],,,,,,,,,,,,
17662,2026-10-01 09:49:00,2026-10-01,283,30868.41,piso,rota,False,cierre mas alla de +5 con cuerpo 16.00,2026-10-01 09:54:00,5,22.41,22.41,22.41,2,False,"['dom0', 'dom1']",['QQQ744'],,,,,,,,,,,,
17673,2026-10-01 10:00:00,2026-10-01,283,30868.39,techo,sostenido,False,giro de 15 pts,2026-10-01 10:00:00,0,0.61,0.61,0.61,0,False,"['dom0', 'dom1']",['QQQ744'],86.14,86.75,86.14,2026-10-01 10:06:00,6.00,re-rotura,False,2026-10-01 10:20:00,,,,
17691,2026-10-01 10:18:00,2026-10-01,283,30868.39,techo,rota,False,cierre mas alla de +5 con cuerpo 14.25,2026-10-01 10:20:00,2,5.61,5.61,5.61,1,False,"['dom0', 'dom1']",['QQQ744'],,,,,,,,,,,,
17715,2026-10-01 10:42:00,2026-10-01,282,30909.89,techo,rota,False,cierre mas alla de +5 con cuerpo 41.00,2026-10-01 10:42:00,0,17.11,17.11,17.11,1,False,['dom0'],['QQQ745'],,,,,,,,,,,,
17734,2026-10-01 11:01:00,2026-10-01,282,30909.73,piso,rota,False,cierre mas alla de +5 con cuerpo 11.25,2026-10-01 11:04:00,3,8.98,8.98,8.98,1,False,['dom0'],['QQQ745'],,,,,,,,,,,,
17743,2026-10-01 11:10:00,2026-10-01,283,30867.79,piso,sostenido,False,giro de 15 pts,2026-10-01 11:10:00,0,-0.71,-0.71,0.71,0,False,"['dom0', 'dom1']",['QQQ744'],20.71,20.71,20.71,2026-10-01 11:11:00,1.00,re-rotura,False,2026-10-01 11:15:00,30909.28,41.49,False,
17747,2026-10-01 11:14:00,2026-10-01,283,30866.67,piso,rota,False,cierre mas alla de +5 con cuerpo 8.75,2026-10-01 11:15:00,1,23.17,23.17,23.17,2,False,"['dom0', 'dom1']",['QQQ744'],,,,,,,,,,,,
17768,2026-10-01 11:35:00,2026-10-01,283,30862.49,techo,sostenido,False,giro de 15 pts,2026-10-01 11:36:00,1,0.01,0.01,0.01,0,False,"['dom0', 'dom1']",['QQQ744'],19.49,19.50,19.49,2026-10-01 11:36:00,1.00,re-rotura,False,2026-10-01 11:37:00,,,,
17781,2026-10-01 11:48:00,2026-10-01,282,30902.91,techo,sostenido,False,giro de 15 pts,2026-10-01 11:52:00,4,6.09,6.09,6.09,1,True,['dom0'],['QQQ745'],371.41,377.50,23.66,2026-10-01 15:11:00,203.00,tope,False,,,,,
17790,2026-10-01 11:57:00,2026-10-01,282,30902.91,techo,sostenido,False,giro de 15 pts,2026-10-01 11:58:00,1,-0.66,-0.66,0.66,0,False,['dom0'],['QQQ745'],371.41,371.41,371.41,2026-10-01 15:11:00,194.00,tope,False,,,,,
17796,2026-10-01 12:03:00,2026-10-01,283,30861.11,piso,rota,False,cierre mas alla de +5 con cuerpo 9.50,2026-10-01 12:04:00,1,9.11,9.11,9.11,1,False,"['dom0', 'dom1']",['QQQ744'],,,,,,,,,,,,
17799,2026-10-01 12:06:00,2026-10-01,283,30861.11,techo,rota,False,cierre mas alla de +5 con cuerpo 12.00,2026-10-01 12:06:00,0,6.89,6.89,6.89,1,False,"['dom0', 'dom1']",['QQQ744'],,,,,,,,,,,,
17806,2026-10-01 12:13:00,2026-10-01,283,30860.67,piso,rota,False,cierre mas alla de +5 con cuerpo 12.50,2026-10-01 12:14:00,1,8.42,8.42,8.42,1,False,"['dom0', 'dom1']",['QQQ744'],,,,,,,,,,,,
17818,2026-10-01 12:25:00,2026-10-01,283,30859.92,techo,sostenido,False,giro de 15 pts,2026-10-01 12:26:00,1,-0.67,-0.67,0.67,0,False,"['dom0', 'dom1']",['QQQ744'],30.17,30.17,30.17,2026-10-01 12:26:00,1.00,re-rotura,False,2026-10-01 12:34:00,,,,
17822,2026-10-01 12:29:00,2026-10-01,283,30859.40,techo,rota,False,cierre mas alla de +5 con cuerpo 9.00,2026-10-01 12:34:00,5,10.60,10.60,10.60,2,False,"['dom0', 'dom1']",['QQQ744'],,,,,,,,,,,,
17830,2026-10-01 12:37:00,2026-10-01,283,30859.92,piso,sostenido,False,giro de 15 pts,2026-10-01 12:40:00,3,4.92,4.92,4.92,2,True,"['dom0', 'dom1']",['QQQ744'],18.58,23.50,18.58,2026-10-01 12:41:00,4.00,re-rotura,False,2026-10-01 12:44:00,30901.40,41.48,False,
17835,2026-10-01 12:42:00,2026-10-01,283,30860.52,piso,rota,False,cierre mas alla de +5 con cuerpo 18.00,2026-10-01 12:44:00,2,15.52,15.52,15.52,1,False,"['dom0', 'dom1']",['QQQ744'],,,,,,,,,,,,
17840,2026-10-01 12:47:00,2026-10-01,283,30860.52,techo,sostenido,False,giro de 15 pts,2026-10-01 12:47:00,0,-1.27,-1.27,1.27,0,False,"['dom0', 'dom1']",['QQQ744'],329.02,329.02,329.02,2026-10-01 15:11:00,144.00,tope,False,,,,,
17861,2026-10-01 13:08:00,2026-10-01,283,30858.36,techo,sostenido,False,giro de 15 pts,2026-10-01 13:09:00,1,-0.36,-0.36,0.36,0,False,"['dom0', 'dom1']",['QQQ744'],326.86,326.86,20.36,2026-10-01 15:11:00,123.00,tope,False,,,,,
17865,2026-10-01 13:12:00,2026-10-01,283,30858.42,techo,sostenido,False,giro de 15 pts,2026-10-01 13:14:00,2,-0.67,-0.67,0.67,0,False,"['dom0', 'dom1']",['QQQ744'],326.92,326.92,326.92,2026-10-01 15:11:00,119.00,tope,False,,,,,
18473,2026-10-02 00:20:00,2026-10-02,293,30897.44,techo,rota,False,cierre mas alla de +5 con cuerpo 4.25,2026-10-02 00:21:00,1,10.56,10.56,10.56,2,False,['dom0'],['QQQ745'],,,,,,,,,,,,
18478,2026-10-02 00:25:00,2026-10-02,293,30897.44,piso,rota,False,cierre mas alla de +5 con cuerpo 17.50,2026-10-02 00:25:00,0,6.44,6.44,6.44,1,False,['dom0'],['QQQ745'],,,,,,,,,,,,
18531,2026-10-02 01:18:00,2026-10-02,298,30850.24,techo,sostenido,False,giro de 15 pts,2026-10-02 01:19:00,1,-1.74,-1.74,1.74,0,False,['dom1'],['QQQ744'],59.49,59.49,59.49,2026-10-02 01:37:00,19.00,re-rotura,False,2026-10-02 01:52:00,,,,
18564,2026-10-02 01:51:00,2026-10-02,298,30850.24,techo,rota,False,cierre mas alla de +5 con cuerpo 5.75,2026-10-02 01:52:00,1,11.51,11.51,11.51,1,False,['dom1'],['QQQ744'],,,,,,,,,,,,
18622,2026-10-02 02:49:00,2026-10-02,296,30891.71,techo,sostenido,False,giro de 15 pts,2026-10-02 02:51:00,2,1.79,1.79,1.79,0,False,['dom0'],['QQQ745'],23.21,25.00,23.21,2026-10-02 02:55:00,6.00,re-rotura,False,2026-10-02 03:02:00,,,,
18632,2026-10-02 02:59:00,2026-10-02,296,30891.71,techo,rota,False,3 cierres seguidos mas alla,2026-10-02 03:02:00,3,8.29,8.29,8.29,3,False,['dom0'],['QQQ745'],,,,,,,,,,,,
18639,2026-10-02 03:06:00,2026-10-02,296,30891.71,piso,rota,False,cierre mas alla de +5 con cuerpo 7.00,2026-10-02 03:08:00,2,12.71,12.71,12.71,2,False,['dom0'],['QQQ745'],,,,,,,,,,,,
18658,2026-10-02 03:25:00,2026-10-02,296,30891.71,techo,sostenido,False,giro de 15 pts,2026-10-02 03:27:00,2,-1.71,-1.71,1.71,0,False,['dom0'],['QQQ745'],29.71,29.71,29.71,2026-10-02 03:49:00,24.00,re-rotura,False,2026-10-02 04:01:00,,,,
18693,2026-10-02 04:00:00,2026-10-02,296,30891.71,techo,rota,False,cierre mas alla de +5 con cuerpo 13.00,2026-10-02 04:01:00,1,11.54,11.54,11.54,1,False,['dom0'],['QQQ745'],,,,,,,,,,,,
18708,2026-10-02 04:15:00,2026-10-02,296,30891.71,piso,sostenido,False,giro de 15 pts,2026-10-02 04:25:00,10,1.46,1.46,1.46,0,False,['dom0'],['QQQ745'],15.54,17.00,15.54,2026-10-02 04:25:00,10.00,re-rotura,False,2026-10-02 04:46:00,30933.17,41.47,False,
18725,2026-10-02 04:32:00,2026-10-02,296,30891.71,piso,rota,False,cierre mas alla de +5 con cuerpo 8.50,2026-10-02 04:46:00,14,8.46,8.46,8.46,5,False,['dom0'],['QQQ745'],,,,,,,,,,,,
18754,2026-10-02 05:01:00,2026-10-02,299,30933.17,techo,sostenido,False,giro de 15 pts,2026-10-02 05:03:00,2,2.83,2.83,2.83,0,True,['dom1'],['QQQ746'],92.67,95.50,92.67,2026-10-02 06:48:00,107.00,re-rotura,False,2026-10-02 07:50:00,30891.71,41.47,True,2026-10-02 05:25:00
18778,2026-10-02 05:25:00,2026-10-02,296,30891.71,piso,rota,False,cierre mas alla de +5 con cuerpo 6.25,2026-10-02 05:27:00,2,6.71,6.71,6.71,1,False,['dom0'],['QQQ745'],,,,,,,,,,,,
18786,2026-10-02 05:33:00,2026-10-02,296,30891.71,techo,sostenido,False,giro de 15 pts,2026-10-02 05:39:00,6,1.54,1.54,1.54,0,False,['dom0'],['QQQ745'],27.21,28.75,17.71,2026-10-02 05:47:00,14.00,re-rotura,False,2026-10-02 06:08:00,,,,
18796,2026-10-02 05:43:00,2026-10-02,296,30891.71,techo,sostenido,False,giro de 15 pts,2026-10-02 05:45:00,2,3.04,3.04,3.04,0,True,['dom0'],['QQQ745'],27.21,30.25,27.21,2026-10-02 05:47:00,4.00,re-rotura,False,2026-10-02 06:08:00,,,,
18818,2026-10-02 06:05:00,2026-10-02,296,30891.71,techo,rota,False,cierre mas alla de +5 con cuerpo 8.00,2026-10-02 06:08:00,3,12.04,12.04,12.04,2,False,['dom0'],['QQQ745'],,,,,,,,,,,,
18859,2026-10-02 06:46:00,2026-10-02,300,30850.24,piso,rota,False,cierre mas alla de +5 con cuerpo 9.50,2026-10-02 06:48:00,2,9.74,9.74,9.74,1,False,['dom1'],['QQQ744'],,,,,,,,,,,,
18878,2026-10-02 07:05:00,2026-10-02,296,30891.71,techo,rota,False,cierre mas alla de +5 con cuerpo 4.75,2026-10-02 07:08:00,3,13.29,13.29,13.29,3,False,['dom0'],['QQQ745'],,,,,,,,,,,,
18887,2026-10-02 07:14:00,2026-10-02,299,30933.17,techo,sostenido,False,giro de 15 pts,2026-10-02 07:16:00,2,4.83,4.83,4.83,0,True,['dom1'],['QQQ746'],59.17,64.00,59.17,2026-10-02 07:28:00,14.00,re-rotura,False,2026-10-02 07:50:00,30891.71,41.47,True,2026-10-02 07:20:00
18893,2026-10-02 07:20:00,2026-10-02,296,30891.71,piso,sostenido,False,giro de 15 pts,2026-10-02 07:20:00,0,-0.29,-0.29,0.29,0,False,['dom0'],['QQQ745'],18.29,18.29,16.29,2026-10-02 07:21:00,1.00,re-rotura,False,2026-10-02 07:27:00,30933.17,41.47,False,
18903,2026-10-02 07:30:00,2026-10-02,296,30891.71,techo,sostenido,False,giro de 15 pts,2026-10-02 07:31:00,1,-1.46,-1.46,1.46,0,False,['dom0'],['QQQ745'],16.46,16.46,16.46,2026-10-02 07:31:00,1.00,re-rotura,False,2026-10-02 07:35:00,,,,
18906,2026-10-02 07:33:00,2026-10-02,296,30891.71,techo,rota,False,cierre mas alla de +5 con cuerpo 8.25,2026-10-02 07:35:00,2,17.79,17.79,17.79,3,False,['dom0'],['QQQ745'],,,,,,,,,,,,
18922,2026-10-02 07:49:00,2026-10-02,299,30933.17,techo,rota,False,cierre mas alla de +5 con cuerpo 12.00,2026-10-02 07:50:00,1,16.33,16.33,16.33,2,False,['dom1'],['QQQ746'],,,,,,,,,,,,
18930,2026-10-02 07:57:00,2026-10-02,301,30974.64,techo,rota,False,cierre mas alla de +5 con cuerpo 19.50,2026-10-02 07:57:00,0,13.11,13.11,13.11,1,False,"['dom0', 'dom1']",['QQQ747'],,,,,,,,,,,,
18935,2026-10-02 08:02:00,2026-10-02,301,30974.64,techo,rota,False,cierre mas alla de +5 con cuerpo 9.75,2026-10-02 08:06:00,4,12.36,12.36,12.36,4,False,"['dom0', 'dom1']",['QQQ747'],,,,,,,,,,,,
18953,2026-10-02 08:20:00,2026-10-02,301,30974.64,piso,sostenido,False,giro de 15 pts,2026-10-02 08:21:00,1,-1.61,-1.61,1.61,0,False,"['dom0', 'dom1']",['QQQ747'],61.11,61.11,61.11,2026-10-02 09:49:00,89.00,re-rotura,False,2026-10-02 10:12:00,,,,
19058,2026-10-02 10:05:00,2026-10-02,304,30980.16,piso,rota,False,cierre mas alla de +5 con cuerpo 4.75,2026-10-02 10:10:00,5,10.16,10.16,10.16,3,False,"['dom0', 'dom1']",['QQQ747'],,,,,,,,,,,,
19077,2026-10-02 10:24:00,2026-10-02,305,30938.04,piso,sostenido,False,giro de 15 pts,2026-10-02 10:25:00,1,-1.71,-1.71,1.71,0,False,['dom1'],['QQQ746'],61.96,61.96,61.96,2026-10-02 11:00:00,36.00,re-rotura,False,2026-10-02 11:50:00,,,,
19081,2026-10-02 10:28:00,2026-10-02,304,30979.51,techo,rota,False,cierre mas alla de +5 con cuerpo 15.75,2026-10-02 10:34:00,6,15.24,15.24,15.24,1,False,"['dom0', 'dom1']",['QQQ747'],,,,,,,,,,,,
19099,2026-10-02 10:46:00,2026-10-02,304,30978.47,piso,sostenido,False,giro de 15 pts,2026-10-02 10:48:00,2,-1.53,-1.53,1.53,0,False,"['dom0', 'dom1']",['QQQ747'],21.53,21.53,15.28,2026-10-02 11:00:00,14.00,re-rotura,False,2026-10-02 11:10:00,,,,
19102,2026-10-02 10:49:00,2026-10-02,304,30978.47,piso,sostenido,False,giro de 15 pts,2026-10-02 10:52:00,3,-0.78,-0.78,0.78,0,False,"['dom0', 'dom1']",['QQQ747'],21.53,21.53,17.78,2026-10-02 11:00:00,11.00,re-rotura,False,2026-10-02 11:10:00,,,,
19107,2026-10-02 10:54:00,2026-10-02,304,30977.00,piso,sostenido,False,giro de 15 pts,2026-10-02 11:00:00,6,-1.75,-1.75,1.75,0,False,"['dom0', 'dom1']",['QQQ747'],23.00,23.00,23.00,2026-10-02 11:00:00,6.00,re-rotura,False,2026-10-02 11:10:00,,,,
19114,2026-10-02 11:01:00,2026-10-02,304,30977.00,piso,sostenido,False,giro de 15 pts,2026-10-02 11:05:00,4,4.00,4.00,4.00,0,True,"['dom0', 'dom1']",['QQQ747'],20.75,24.75,20.75,2026-10-02 11:07:00,6.00,re-rotura,False,2026-10-02 11:10:00,,,,
19121,2026-10-02 11:08:00,2026-10-02,304,30975.38,piso,sostenido,False,giro de 15 pts,2026-10-02 11:09:00,1,3.88,3.88,3.88,0,True,"['dom0', 'dom1']",['QQQ747'],16.62,20.50,16.62,2026-10-02 11:09:00,1.00,re-rotura,False,2026-10-02 11:10:00,,,,
19123,2026-10-02 11:10:00,2026-10-02,304,30975.38,piso,rota,False,cierre mas alla de +5 con cuerpo 16.50,2026-10-02 11:10:00,0,14.38,14.38,14.38,1,False,"['dom0', 'dom1']",['QQQ747'],,,,,,,,,,,,
19132,2026-10-02 11:19:00,2026-10-02,304,30974.76,techo,rota,False,cierre mas alla de +5 con cuerpo 10.00,2026-10-02 11:20:00,1,16.74,16.74,16.74,2,False,"['dom0', 'dom1']",['QQQ747'],,,,,,,,,,,,
19143,2026-10-02 11:30:00,2026-10-02,304,30974.25,piso,rota,False,cierre mas alla de +5 con cuerpo 9.25,2026-10-02 11:34:00,4,6.00,6.00,6.00,1,False,"['dom0', 'dom1']",['QQQ747'],,,,,,,,,,,,
19163,2026-10-02 11:50:00,2026-10-02,308,30928.77,piso,rota,False,cierre mas alla de +5 con cuerpo 16.25,2026-10-02 11:55:00,5,14.52,14.52,14.52,2,False,['dom1'],['QQQ746'],,,,,,,,,,,,
19170,2026-10-02 11:57:00,2026-10-02,308,30928.47,techo,rota,False,cierre mas alla de +5 con cuerpo 12.25,2026-10-02 11:57:00,0,8.28,8.28,8.28,1,False,['dom1'],['QQQ746'],,,,,,,,,,,,
19173,2026-10-02 12:00:00,2026-10-02,308,30928.47,piso,rota,False,3 cierres seguidos mas alla,2026-10-02 12:02:00,2,8.72,8.72,8.72,3,False,['dom1'],['QQQ746'],,,,,,,,,,,,
19195,2026-10-02 12:22:00,2026-10-02,304,30968.78,techo,sostenido,False,giro de 15 pts,2026-10-02 12:23:00,1,-0.28,-0.28,0.28,0,False,"['dom0', 'dom1']",['QQQ747'],23.28,23.28,23.28,2026-10-02 12:23:00,1.00,re-rotura,False,2026-10-02 12:29:00,30885.87,82.92,False,
19198,2026-10-02 12:25:00,2026-10-02,304,30968.78,techo,rota,False,cierre mas alla de +5 con cuerpo 16.25,2026-10-02 12:29:00,4,31.22,31.22,31.22,3,False,"['dom0', 'dom1']",['QQQ747'],,,,,,,,,,,,
19210,2026-10-02 12:37:00,2026-10-02,311,31134.25,techo,sostenido,False,giro de 15 pts,2026-10-02 12:40:00,3,12.50,12.50,12.50,1,True,['dom1'],['QQQ751'],45.50,58.00,45.50,2026-10-02 12:45:00,8.00,re-rotura,False,2026-10-02 12:54:00,31092.79,41.46,True,2026-10-02 12:41:00
19214,2026-10-02 12:41:00,2026-10-02,309,31092.79,piso,sostenido,False,giro de 15 pts,2026-10-02 12:42:00,1,2.04,2.04,2.04,0,True,['dom0'],['QQQ750'],130.71,132.75,28.71,2026-10-02 13:05:00,24.00,re-rotura,False,2026-10-02 13:31:00,31134.25,41.46,True,2026-10-02 12:49:00
19218,2026-10-02 12:45:00,2026-10-02,309,31093.16,piso,sostenido,False,giro de 15 pts,2026-10-02 12:46:00,1,4.41,4.41,4.41,0,True,['dom0'],['QQQ750'],130.34,134.75,130.34,2026-10-02 13:05:00,20.00,re-rotura,False,2026-10-02 13:31:00,31134.61,41.46,True,2026-10-02 12:49:00
19222,2026-10-02 12:49:00,2026-10-02,311,31134.18,techo,sostenido,False,giro de 15 pts,2026-10-02 12:50:00,1,4.32,4.32,4.32,0,True,['dom1'],['QQQ751'],19.68,24.00,19.68,2026-10-02 12:51:00,2.00,re-rotura,False,2026-10-02 12:54:00,31092.72,41.46,False,
19227,2026-10-02 12:54:00,2026-10-02,311,31134.11,techo,rota,False,cierre mas alla de +5 con cuerpo 19.25,2026-10-02 12:54:00,0,10.14,10.14,10.14,1,False,['dom1'],['QQQ751'],,,,,,,,,,,,
19240,2026-10-02 13:07:00,2026-10-02,312,31176.41,piso,sostenido,False,giro de 15 pts,2026-10-02 13:09:00,2,2.16,2.16,2.16,0,True,"['dom0', 'dom1']",['QQQ752'],17.59,19.75,17.59,2026-10-02 13:09:00,2.00,re-rotura,False,2026-10-02 13:11:00,,,,
19244,2026-10-02 13:11:00,2026-10-02,312,31176.41,piso,rota,False,cierre mas alla de +5 con cuerpo 18.75,2026-10-02 13:11:00,0,9.16,9.16,9.16,1,False,"['dom0', 'dom1']",['QQQ752'],,,,,,,,,,,,
19737,2026-10-04 22:36:00,2026-10-05,315,31165.98,techo,sostenido,False,giro de 15 pts,2026-10-04 23:01:00,25,4.02,4.02,4.02,0,True,['dom1'],['QQQ752'],45.98,50.00,24.23,2026-10-04 23:50:00,74.00,re-rotura,False,2026-10-05 00:10:00,,,,
19779,2026-10-04 23:18:00,2026-10-05,315,31165.98,techo,sostenido,False,giro de 15 pts,2026-10-04 23:23:00,5,3.02,3.02,3.02,2,True,['dom1'],['QQQ752'],45.98,49.00,17.98,2026-10-04 23:50:00,32.00,re-rotura,False,2026-10-05 00:10:00,,,,
19791,2026-10-04 23:30:00,2026-10-05,315,31165.98,techo,sostenido,False,giro de 15 pts,2026-10-04 23:35:00,5,-1.73,-1.73,1.73,0,False,['dom1'],['QQQ752'],45.98,45.98,45.98,2026-10-04 23:50:00,20.00,re-rotura,False,2026-10-05 00:10:00,,,,
19826,2026-10-05 00:05:00,2026-10-05,315,31165.98,techo,sostenido,False,giro de 15 pts,2026-10-05 00:06:00,1,-0.23,-0.23,0.23,0,False,['dom1'],['QQQ752'],18.23,18.23,18.23,2026-10-05 00:06:00,1.00,re-rotura,False,2026-10-05 00:10:00,,,,
19829,2026-10-05 00:08:00,2026-10-05,315,31165.98,techo,rota,False,cierre mas alla de +5 con cuerpo 12.50,2026-10-05 00:10:00,2,14.02,14.02,14.02,2,False,['dom1'],['QQQ752'],,,,,,,,,,,,
19833,2026-10-05 00:12:00,2026-10-05,315,31165.98,piso,rota,False,3 cierres seguidos mas alla,2026-10-05 00:14:00,2,10.48,10.48,10.48,3,False,['dom1'],['QQQ752'],,,,,,,,,,,,
19839,2026-10-05 00:18:00,2026-10-05,315,31165.98,piso,sostenido,False,giro de 15 pts,2026-10-05 00:19:00,1,1.48,1.48,1.48,0,False,['dom1'],['QQQ752'],23.02,24.50,23.02,2026-10-05 00:20:00,2.00,re-rotura,False,2026-10-05 00:25:00,31207.43,41.44,False,
19846,2026-10-05 00:25:00,2026-10-05,315,31165.98,piso,rota,False,cierre mas alla de +5 con cuerpo 20.75,2026-10-05 00:25:00,0,10.98,10.98,10.98,1,False,['dom1'],['QQQ752'],,,,,,,,,,,,
19855,2026-10-05 00:34:00,2026-10-05,315,31165.98,techo,rota,False,cierre mas alla de +5 con cuerpo 8.50,2026-10-05 00:36:00,2,6.02,6.02,6.02,1,False,['dom1'],['QQQ752'],,,,,,,,,,,,
19860,2026-10-05 00:39:00,2026-10-05,315,31165.98,piso,sostenido,False,giro de 15 pts,2026-10-05 00:43:00,4,-0.02,-0.02,0.02,0,False,['dom1'],['QQQ752'],58.02,58.02,58.02,2026-10-05 01:40:00,61.00,re-rotura,False,2026-10-05 02:35:00,31207.43,41.44,True,2026-10-05 01:23:00
19904,2026-10-05 01:23:00,2026-10-05,314,31207.43,techo,rota,False,3 cierres seguidos mas alla,2026-10-05 01:29:00,6,12.57,12.57,12.57,5,False,"['dom0', 'dom1']",['QQQ753'],,,,,,,,,,,,
19924,2026-10-05 01:43:00,2026-10-05,314,31207.43,piso,rota,False,cierre mas alla de +5 con cuerpo 4.50,2026-10-05 01:54:00,11,8.93,8.93,8.93,2,False,"['dom0', 'dom1']",['QQQ753'],,,,,,,,,,,,
19974,2026-10-05 02:33:00,2026-10-05,317,31165.98,piso,rota,False,cierre mas alla de +5 con cuerpo 4.50,2026-10-05 02:35:00,2,16.23,16.23,16.23,3,False,"['dom0', 'dom1']",['QQQ752'],,,,,,,,,,,,
19978,2026-10-05 02:37:00,2026-10-05,317,31165.98,techo,sostenido,False,giro de 15 pts,2026-10-05 02:43:00,6,3.02,3.02,3.02,1,True,"['dom0', 'dom1']",['QQQ752'],145.98,149.00,145.98,2026-10-05 06:35:00,238.00,tope,False,,,,,
20335,2026-10-05 08:34:00,2026-10-05,328,31041.65,piso,rota,False,cierre mas alla de +5 con cuerpo 10.00,2026-10-05 08:35:00,1,16.40,16.40,16.40,1,False,['dom1'],['QQQ749'],,,,,,,,,,,,
20345,2026-10-05 08:44:00,2026-10-05,322,31000.21,piso,rota,False,cierre mas alla de +5 con cuerpo 16.00,2026-10-05 08:45:00,1,13.96,13.96,13.96,1,False,['dom0'],['QQQ748'],,,,,,,,,,,,
20349,2026-10-05 08:48:00,2026-10-05,322,31000.21,techo,rota,False,cierre mas alla de +5 con cuerpo 18.00,2026-10-05 08:49:00,1,28.04,28.04,28.04,2,False,['dom0'],['QQQ748'],,,,,,,,,,,,
20387,2026-10-05 09:26:00,2026-10-05,331,31006.18,piso,rota,False,3 cierres seguidos mas alla,2026-10-05 09:28:00,2,10.93,10.93,10.93,3,False,['dom0'],['QQQ748'],,,,,,,,,,,,
20475,2026-10-05 10:54:00,2026-10-05,331,31004.65,techo,rota,False,cierre mas alla de +5 con cuerpo 21.25,2026-10-05 10:54:00,0,14.85,14.85,14.85,1,False,['dom0'],['QQQ748'],,,,,,,,,,,,
20481,2026-10-05 11:00:00,2026-10-05,331,31004.65,piso,rota,False,cierre mas alla de +5 con cuerpo 19.00,2026-10-05 11:02:00,2,19.65,19.65,19.65,1,False,['dom0'],['QQQ748'],,,,,,,,,,,,
20485,2026-10-05 11:04:00,2026-10-05,331,31004.65,techo,sostenido,False,giro de 15 pts,2026-10-05 11:05:00,1,-1.90,-1.90,1.90,0,False,['dom0'],['QQQ748'],17.65,17.65,16.65,2026-10-05 11:12:00,8.00,re-rotura,False,2026-10-05 11:17:00,30963.20,41.45,False,
20494,2026-10-05 11:13:00,2026-10-05,331,31003.23,techo,rota,False,3 cierres seguidos mas alla,2026-10-05 11:15:00,2,6.77,6.77,6.77,3,False,['dom0'],['QQQ748'],,,,,,,,,,,,
20526,2026-10-05 11:45:00,2026-10-05,331,31002.58,piso,sostenido,False,giro de 15 pts,2026-10-05 11:51:00,6,4.58,4.58,4.58,1,True,['dom0'],['QQQ748'],34.67,39.25,34.67,2026-10-05 12:06:00,21.00,re-rotura,False,2026-10-05 12:23:00,,,,
20561,2026-10-05 12:20:00,2026-10-05,331,31002.40,piso,rota,False,cierre mas alla de +5 con cuerpo 14.50,2026-10-05 12:23:00,3,10.40,10.40,10.40,1,False,['dom0'],['QQQ748'],,,,,,,,,,,,
20571,2026-10-05 12:30:00,2026-10-05,331,31002.40,techo,sostenido,False,giro de 15 pts,2026-10-05 12:31:00,1,-0.90,-0.90,0.90,0,False,['dom0'],['QQQ748'],36.90,36.90,36.90,2026-10-05 12:49:00,19.00,re-rotura,False,2026-10-05 13:10:00,30960.95,41.45,False,
20598,2026-10-05 12:57:00,2026-10-05,331,31002.18,techo,rota,False,cierre mas alla de +5 con cuerpo 8.25,2026-10-05 13:10:00,13,11.07,11.07,11.07,6,False,['dom0'],['QQQ748'],,,,,,,,,,,,
21082,2026-10-05 22:01:00,2026-10-06,335,31373.35,techo,sostenido,False,giro de 15 pts,2026-10-05 22:01:00,0,2.15,2.15,2.15,0,True,['dom0'],['QQQ757'],48.10,50.25,28.35,2026-10-05 22:46:00,45.00,re-rotura,False,2026-10-06 00:32:00,,,,
21085,2026-10-05 22:04:00,2026-10-06,335,31373.35,techo,sostenido,False,giro de 15 pts,2026-10-05 22:09:00,5,8.65,8.65,8.65,0,True,['dom0'],['QQQ757'],48.10,56.75,48.10,2026-10-05 22:46:00,42.00,re-rotura,False,2026-10-06 00:32:00,,,,
21213,2026-10-06 00:12:00,2026-10-06,335,31371.29,techo,sostenido,False,giro de 15 pts,2026-10-06 00:13:00,1,-1.79,-1.79,1.79,0,False,['dom0'],['QQQ757'],18.54,18.54,18.54,2026-10-06 00:13:00,1.00,re-rotura,False,2026-10-06 00:23:00,,,,
21217,2026-10-06 00:16:00,2026-10-06,335,31371.29,techo,rota,False,3 cierres seguidos mas alla,2026-10-06 00:23:00,7,7.71,7.71,7.71,3,False,['dom0'],['QQQ757'],,,,,,,,,,,,
21262,2026-10-06 01:01:00,2026-10-06,338,31406.99,techo,sostenido,False,giro de 15 pts,2026-10-06 01:02:00,1,2.26,2.26,2.26,0,True,"['dom0', 'dom1']",['QQQ758'],98.24,100.50,26.99,2026-10-06 02:35:00,94.00,tope,False,,31365.56,41.43,True,2026-10-06 01:18:00
21269,2026-10-06 01:08:00,2026-10-06,338,31406.99,techo,sostenido,False,giro de 15 pts,2026-10-06 01:15:00,7,5.51,5.51,5.51,0,True,"['dom0', 'dom1']",['QQQ758'],98.24,103.75,98.24,2026-10-06 02:35:00,87.00,tope,False,,,,,
21279,2026-10-06 01:18:00,2026-10-06,337,31365.56,piso,rota,False,cierre mas alla de +5 con cuerpo 7.50,2026-10-06 01:19:00,1,15.56,15.56,15.56,1,False,"['dom0', 'dom1']",['QQQ757'],,,,,,,,,,,,
21404,2026-10-06 03:23:00,2026-10-06,337,31365.56,techo,sostenido,False,giro de 15 pts,2026-10-06 03:30:00,7,0.69,0.69,0.69,0,False,"['dom0', 'dom1']",['QQQ757'],38.06,38.75,38.06,2026-10-06 03:30:00,7.00,re-rotura,False,2026-10-06 04:07:00,,,,
21447,2026-10-06 04:06:00,2026-10-06,337,31365.56,techo,rota,False,cierre mas alla de +5 con cuerpo 7.25,2026-10-06 04:07:00,1,5.44,5.44,5.44,1,False,"['dom0', 'dom1']",['QQQ757'],,,,,,,,,,,,
21459,2026-10-06 04:18:00,2026-10-06,337,31365.56,techo,rota,False,3 cierres seguidos mas alla,2026-10-06 04:24:00,6,3.44,3.44,3.44,3,False,"['dom0', 'dom1']",['QQQ757'],,,,,,,,,,,,
21506,2026-10-06 05:05:00,2026-10-06,337,31365.56,techo,sostenido,False,giro de 15 pts,2026-10-06 05:10:00,5,-1.06,-1.06,1.06,0,False,"['dom0', 'dom1']",['QQQ757'],16.56,16.56,16.56,2026-10-06 05:10:00,5.00,re-rotura,False,2026-10-06 05:34:00,,,,
21516,2026-10-06 05:15:00,2026-10-06,337,31365.56,techo,rota,False,3 cierres seguidos mas alla,2026-10-06 05:34:00,19,9.19,9.19,9.19,5,False,"['dom0', 'dom1']",['QQQ757'],,,,,,,,,,,,
21551,2026-10-06 05:50:00,2026-10-06,337,31365.56,techo,rota,False,cierre mas alla de +5 con cuerpo 8.75,2026-10-06 05:54:00,4,9.94,9.94,9.94,2,False,"['dom0', 'dom1']",['QQQ757'],,,,,,,,,,,,
21563,2026-10-06 06:02:00,2026-10-06,337,31365.56,piso,sostenido,False,giro de 15 pts,2026-10-06 06:12:00,10,0.81,0.81,0.81,0,False,"['dom0', 'dom1']",['QQQ757'],33.94,34.75,33.94,2026-10-06 06:46:00,44.00,re-rotura,False,2026-10-06 07:05:00,31406.99,41.43,False,
21624,2026-10-06 07:03:00,2026-10-06,337,31365.56,piso,rota,False,3 cierres seguidos mas alla,2026-10-06 07:05:00,2,5.06,5.06,5.06,3,False,"['dom0', 'dom1']",['QQQ757'],,,,,,,,,,,,
21634,2026-10-06 07:13:00,2026-10-06,337,31365.56,techo,rota,False,cierre mas alla de +5 con cuerpo 10.25,2026-10-06 07:14:00,1,18.44,18.44,18.44,2,False,"['dom0', 'dom1']",['QQQ757'],,,,,,,,,,,,
21643,2026-10-06 07:22:00,2026-10-06,337,31365.56,piso,rota,False,cierre mas alla de +5 con cuerpo 9.25,2026-10-06 07:31:00,9,17.31,17.31,17.31,2,False,"['dom0', 'dom1']",['QQQ757'],,,,,,,,,,,,
21654,2026-10-06 07:33:00,2026-10-06,337,31365.56,techo,rota,False,3 cierres seguidos mas alla,2026-10-06 07:35:00,2,9.69,9.69,9.69,3,False,"['dom0', 'dom1']",['QQQ757'],,,,,,,,,,,,
21673,2026-10-06 07:52:00,2026-10-06,337,31365.56,piso,sostenido,False,giro de 15 pts,2026-10-06 07:59:00,7,-1.94,-1.94,1.94,0,False,"['dom0', 'dom1']",['QQQ757'],170.44,170.44,42.69,2026-10-06 11:26:00,214.00,tope,False,,31406.99,41.43,True,2026-10-06 08:06:00
21687,2026-10-06 08:06:00,2026-10-06,338,31406.99,techo,sostenido,False,giro de 15 pts,2026-10-06 08:08:00,2,1.26,1.26,1.26,0,False,"['dom0', 'dom1']",['QQQ758'],46.24,47.50,46.24,2026-10-06 08:41:00,35.00,re-rotura,False,2026-10-06 09:07:00,31365.56,41.43,True,2026-10-06 08:30:00
21711,2026-10-06 08:30:00,2026-10-06,337,31365.56,piso,sostenido,False,giro de 15 pts,2026-10-06 08:44:00,14,4.81,4.81,4.81,3,True,"['dom0', 'dom1']",['QQQ757'],173.69,178.50,173.69,2026-10-06 12:16:00,226.00,tope,False,,31406.99,41.43,True,2026-10-06 09:02:00
21743,2026-10-06 09:02:00,2026-10-06,338,31406.99,techo,rota,False,3 cierres seguidos mas alla,2026-10-06 09:07:00,5,10.76,10.76,10.76,5,False,"['dom0', 'dom1']",['QQQ758'],,,,,,,,,,,,
21749,2026-10-06 09:08:00,2026-10-06,338,31406.99,piso,rota,False,cierre mas alla de +5 con cuerpo 7.75,2026-10-06 09:10:00,2,10.99,10.99,10.99,2,False,"['dom0', 'dom1']",['QQQ758'],,,,,,,,,,,,
21755,2026-10-06 09:14:00,2026-10-06,338,31406.99,techo,rota,False,3 cierres seguidos mas alla,2026-10-06 09:17:00,3,12.76,12.76,12.76,3,False,"['dom0', 'dom1']",['QQQ758'],,,,,,,,,,,,
21775,2026-10-06 09:34:00,2026-10-06,343,31412.73,techo,rota,False,cierre mas alla de +5 con cuerpo 11.25,2026-10-06 09:34:00,0,13.77,13.77,13.77,1,False,"['dom0', 'dom1']",['QQQ758'],,,,,,,,,,,,
21781,2026-10-06 09:40:00,2026-10-06,343,31412.75,piso,sostenido,False,giro de 15 pts,2026-10-06 09:51:00,11,6.50,6.50,6.50,2,True,"['dom0', 'dom1']",['QQQ758'],15.25,21.75,15.25,2026-10-06 09:51:00,11.00,re-rotura,False,2026-10-06 09:56:00,31495.63,82.88,False,
21793,2026-10-06 09:52:00,2026-10-06,343,31412.72,piso,rota,False,3 cierres seguidos mas alla,2026-10-06 09:56:00,4,5.22,5.22,5.22,3,False,"['dom0', 'dom1']",['QQQ758'],,,,,,,,,,,,
21807,2026-10-06 10:06:00,2026-10-06,343,31412.70,techo,rota,False,3 cierres seguidos mas alla,2026-10-06 10:09:00,3,9.05,9.05,9.05,3,False,"['dom0', 'dom1']",['QQQ758'],,,,,,,,,,,,
21876,2026-10-06 11:15:00,2026-10-06,344,31495.61,techo,rota,False,cierre mas alla de +5 con cuerpo 6.50,2026-10-06 11:21:00,6,13.64,13.64,13.64,3,False,"['dom0', 'dom1']",['QQQ760'],,,,,,,,,,,,
21887,2026-10-06 11:26:00,2026-10-06,346,31536.99,techo,sostenido,False,giro de 15 pts,2026-10-06 11:27:00,1,-0.99,-0.99,0.99,0,False,['dom1'],['QQQ761'],81.49,81.49,39.49,2026-10-06 12:49:00,83.00,re-rotura,False,2026-10-06 13:30:00,31495.55,41.44,True,2026-10-06 11:37:00
21936,2026-10-06 12:15:00,2026-10-06,346,31536.31,techo,sostenido,False,giro de 15 pts,2026-10-06 12:18:00,3,2.94,2.94,2.94,1,True,['dom1'],['QQQ761'],80.81,83.75,80.81,2026-10-06 12:49:00,34.00,re-rotura,False,2026-10-06 13:30:00,31494.87,41.44,True,2026-10-06 12:26:00
21947,2026-10-06 12:26:00,2026-10-06,344,31494.50,piso,sostenido,False,giro de 15 pts,2026-10-06 12:26:00,0,-1.50,-1.50,1.50,0,False,"['dom0', 'dom1']",['QQQ760'],17.25,17.25,17.25,2026-10-06 12:27:00,1.00,re-rotura,False,2026-10-06 12:30:00,31535.94,41.44,False,
21949,2026-10-06 12:28:00,2026-10-06,344,31494.06,piso,rota,False,cierre mas alla de +5 con cuerpo 9.75,2026-10-06 12:30:00,2,8.56,8.56,8.56,1,False,"['dom0', 'dom1']",['QQQ760'],,,,,,,,,,,,
21971,2026-10-06 12:50:00,2026-10-06,344,31493.89,techo,sostenido,False,giro de 15 pts,2026-10-06 12:51:00,1,-1.64,-1.64,1.64,0,False,"['dom0', 'dom1']",['QQQ760'],19.64,19.64,19.64,2026-10-06 12:51:00,1.00,re-rotura,False,2026-10-06 13:02:00,31411.01,82.88,False,
21979,2026-10-06 12:58:00,2026-10-06,344,31493.84,techo,rota,False,3 cierres seguidos mas alla,2026-10-06 13:02:00,4,9.41,9.41,9.41,3,False,"['dom0', 'dom1']",['QQQ760'],,,,,,,,,,,,
21998,2026-10-06 13:17:00,2026-10-06,344,31493.86,piso,sostenido,False,giro de 15 pts,2026-10-06 13:20:00,3,0.61,0.61,0.61,0,False,"['dom0', 'dom1']",['QQQ760'],73.39,74.00,15.89,2026-10-06 13:31:00,14.00,re-rotura,False,2026-10-06 13:34:00,31535.30,41.44,True,2026-10-06 13:30:00
22003,2026-10-06 13:22:00,2026-10-06,344,31493.78,piso,sostenido,False,giro de 15 pts,2026-10-06 13:24:00,2,6.03,6.03,6.03,2,True,"['dom0', 'dom1']",['QQQ760'],73.47,79.50,73.47,2026-10-06 13:31:00,9.00,re-rotura,False,2026-10-06 13:34:00,31535.22,41.44,True,2026-10-06 13:30:00
22487,2026-10-06 22:26:00,2026-10-07,348,31494.74,piso,sostenido,False,giro de 15 pts,2026-10-06 22:32:00,6,4.49,4.49,4.49,0,True,['dom0'],['QQQ760'],19.01,23.50,19.01,2026-10-06 22:32:00,6.00,re-rotura,False,2026-10-06 22:40:00,31577.62,82.88,False,
22494,2026-10-06 22:33:00,2026-10-07,348,31494.74,piso,rota,False,3 cierres seguidos mas alla,2026-10-06 22:40:00,7,8.99,8.99,8.99,5,False,['dom0'],['QQQ760'],,,,,,,,,,,,
22504,2026-10-06 22:43:00,2026-10-07,348,31494.74,techo,rota,False,3 cierres seguidos mas alla,2026-10-06 22:47:00,4,10.51,10.51,10.51,4,False,['dom0'],['QQQ760'],,,,,,,,,,,,
22528,2026-10-06 23:07:00,2026-10-07,348,31495.08,piso,sostenido,False,giro de 15 pts,2026-10-06 23:24:00,17,1.58,1.58,1.58,1,True,['dom0'],['QQQ760'],16.67,18.25,16.67,2026-10-06 23:24:00,17.00,re-rotura,False,2026-10-06 23:34:00,31577.96,82.88,False,
22553,2026-10-06 23:32:00,2026-10-07,348,31495.33,piso,rota,False,cierre mas alla de +5 con cuerpo 6.00,2026-10-06 23:34:00,2,6.33,6.33,6.33,2,False,['dom0'],['QQQ760'],,,,,,,,,,,,
22563,2026-10-06 23:42:00,2026-10-07,348,31495.52,techo,rota,False,3 cierres seguidos mas alla,2026-10-07 00:14:00,32,9.48,9.48,9.48,6,False,['dom0'],['QQQ760'],,,,,,,,,,,,
22596,2026-10-07 00:15:00,2026-10-07,348,31495.82,piso,sostenido,False,giro de 15 pts,2026-10-07 00:27:00,12,0.82,0.82,0.82,0,False,['dom0'],['QQQ760'],21.43,22.25,21.43,2026-10-07 00:45:00,30.00,re-rotura,False,2026-10-07 00:52:00,31578.71,82.88,False,
22631,2026-10-07 00:50:00,2026-10-07,350,31489.96,piso,rota,False,3 cierres seguidos mas alla,2026-10-07 00:56:00,6,11.96,11.96,11.96,3,False,['dom0'],['QQQ760'],,,,,,,,,,,,
22647,2026-10-07 01:06:00,2026-10-07,350,31489.96,techo,rota,False,3 cierres seguidos mas alla,2026-10-07 01:14:00,8,6.04,6.04,6.04,5,False,['dom0'],['QQQ760'],,,,,,,,,,,,
22656,2026-10-07 01:15:00,2026-10-07,350,31489.96,piso,rota,False,cierre mas alla de +5 con cuerpo 6.25,2026-10-07 01:23:00,8,6.46,6.46,6.46,1,False,['dom0'],['QQQ760'],,,,,,,,,,,,
22667,2026-10-07 01:26:00,2026-10-07,350,31489.96,techo,rota,False,cierre mas alla de +5 con cuerpo 14.50,2026-10-07 01:30:00,4,22.79,22.79,22.79,2,False,['dom0'],['QQQ760'],,,,,,,,,,,,
22685,2026-10-07 01:44:00,2026-10-07,350,31489.96,piso,rota,False,cierre mas alla de +5 con cuerpo 5.75,2026-10-07 01:48:00,4,8.71,8.71,8.71,3,False,['dom0'],['QQQ760'],,,,,,,,,,,,
22691,2026-10-07 01:50:00,2026-10-07,350,31489.96,techo,sostenido,False,giro de 15 pts,2026-10-07 02:00:00,10,1.54,1.54,1.54,0,False,['dom0'],['QQQ760'],59.96,61.50,59.96,2026-10-07 02:23:00,33.00,tope,False,,,,,
22913,2026-10-07 05:32:00,2026-10-07,350,31489.96,techo,sostenido,False,giro de 15 pts,2026-10-07 05:34:00,2,-1.96,-1.96,1.96,0,False,['dom0'],['QQQ760'],143.96,143.96,20.96,2026-10-07 09:21:00,229.00,tope,False,,,,,
22929,2026-10-07 05:48:00,2026-10-07,350,31489.96,techo,sostenido,False,giro de 15 pts,2026-10-07 05:59:00,11,6.04,6.04,6.04,0,True,['dom0'],['QQQ760'],153.71,159.75,153.71,2026-10-07 09:43:00,235.00,tope,False,,,,,
23055,2026-10-07 07:54:00,2026-10-07,355,31407.09,piso,sostenido,False,giro de 15 pts,2026-10-07 07:58:00,4,5.84,5.84,5.84,2,True,['dom1'],['QQQ758'],40.41,46.25,40.41,2026-10-07 08:21:00,27.00,re-rotura,False,2026-10-07 09:03:00,31489.96,82.87,False,
23111,2026-10-07 08:50:00,2026-10-07,358,31412.94,piso,rota,False,3 cierres seguidos mas alla,2026-10-07 09:00:00,10,6.94,6.94,6.94,4,False,"['dom0', 'dom1']",['QQQ758'],,,,,,,,,,,,
23227,2026-10-07 10:46:00,2026-10-07,360,31286.57,piso,sostenido,False,giro de 15 pts,2026-10-07 10:50:00,4,5.57,5.57,5.57,2,True,"['dom0', 'dom1']",['QQQ755'],26.18,31.75,26.18,2026-10-07 10:51:00,5.00,re-rotura,False,2026-10-07 11:00:00,31369.44,82.88,False,
23241,2026-10-07 11:00:00,2026-10-07,360,31286.48,piso,rota,False,cierre mas alla de +5 con cuerpo 25.50,2026-10-07 11:00:00,0,20.98,20.98,20.98,1,False,"['dom0', 'dom1']",['QQQ755'],,,,,,,,,,,,
23873,2026-10-07 22:32:00,2026-10-08,368,31448.29,techo,sostenido,False,giro de 15 pts,2026-10-07 22:35:00,3,-1.79,-1.79,1.79,0,False,['dom1'],['QQQ759'],24.79,24.79,24.79,2026-10-07 22:56:00,24.00,re-rotura,False,2026-10-07 23:15:00,,,,
23905,2026-10-07 23:04:00,2026-10-08,368,31448.05,techo,rota,False,cierre mas alla de +5 con cuerpo 7.50,2026-10-07 23:15:00,11,6.70,6.70,6.70,1,False,['dom1'],['QQQ759'],,,,,,,,,,,,
23920,2026-10-07 23:19:00,2026-10-08,368,31448.16,piso,rota,False,cierre mas alla de +5 con cuerpo 15.50,2026-10-07 23:45:00,26,15.41,15.41,15.41,2,False,['dom1'],['QQQ759'],,,,,,,,,,,,
24056,2026-10-08 01:35:00,2026-10-08,370,31442.57,techo,rota,False,3 cierres seguidos mas alla,2026-10-08 01:57:00,22,7.43,7.43,7.43,10,False,"['dom0', 'dom1']",['QQQ759'],,,,,,,,,,,,
24079,2026-10-08 01:58:00,2026-10-08,370,31442.57,piso,rota,False,cierre mas alla de +5 con cuerpo 6.25,2026-10-08 02:01:00,3,6.07,6.07,6.07,2,False,"['dom0', 'dom1']",['QQQ759'],,,,,,,,,,,,
24084,2026-10-08 02:03:00,2026-10-08,370,31442.57,techo,rota,False,cierre mas alla de +5 con cuerpo 11.75,2026-10-08 02:22:00,19,6.93,6.93,6.93,2,False,"['dom0', 'dom1']",['QQQ759'],,,,,,,,,,,,
24105,2026-10-08 02:24:00,2026-10-08,370,31442.57,piso,rota,False,3 cierres seguidos mas alla,2026-10-08 02:29:00,5,4.07,4.07,4.07,3,False,"['dom0', 'dom1']",['QQQ759'],,,,,,,,,,,,
24120,2026-10-08 02:39:00,2026-10-08,370,31442.57,piso,rota,False,cierre mas alla de +5 con cuerpo 9.75,2026-10-08 02:47:00,8,7.07,7.07,7.07,3,False,"['dom0', 'dom1']",['QQQ759'],,,,,,,,,,,,
24352,2026-10-08 06:31:00,2026-10-08,378,31276.87,piso,rota,False,3 cierres seguidos mas alla,2026-10-08 06:36:00,5,8.37,8.37,8.37,3,False,['dom0'],['QQQ755'],,,,,,,,,,,,
24359,2026-10-08 06:38:00,2026-10-08,378,31276.87,techo,sostenido,False,giro de 15 pts,2026-10-08 06:44:00,6,16.13,16.13,16.13,2,True,['dom0'],['QQQ755'],157.37,173.50,80.62,2026-10-08 10:34:00,236.00,tope,False,,31235.44,41.43,True,2026-10-08 07:01:00
24382,2026-10-08 07:01:00,2026-10-08,379,31235.44,piso,rota,False,cierre mas alla de +5 con cuerpo 28.25,2026-10-08 07:03:00,2,31.94,31.94,31.94,3,False,['dom1'],['QQQ754'],,,,,,,,,,,,
24393,2026-10-08 07:12:00,2026-10-08,379,31235.44,techo,sostenido,False,giro de 15 pts,2026-10-08 07:13:00,1,-0.94,-0.94,0.94,0,False,['dom1'],['QQQ754'],22.19,22.19,22.19,2026-10-08 07:15:00,3.00,re-rotura,False,2026-10-08 07:16:00,,,,
24397,2026-10-08 07:16:00,2026-10-08,379,31235.44,techo,rota,False,cierre mas alla de +5 con cuerpo 26.50,2026-10-08 07:16:00,0,8.81,8.81,8.81,1,False,['dom1'],['QQQ754'],,,,,,,,,,,,
24438,2026-10-08 07:57:00,2026-10-08,379,31235.44,piso,rota,False,cierre mas alla de +5 con cuerpo 9.00,2026-10-08 07:58:00,1,7.19,7.19,7.19,1,False,['dom1'],['QQQ754'],,,,,,,,,,,,
24441,2026-10-08 08:00:00,2026-10-08,379,31235.44,techo,sostenido,False,giro de 15 pts,2026-10-08 08:00:00,0,2.06,2.06,2.06,0,True,['dom1'],['QQQ754'],18.44,20.50,18.44,2026-10-08 08:01:00,1.00,re-rotura,False,2026-10-08 08:04:00,,,,
24443,2026-10-08 08:02:00,2026-10-08,379,31235.44,techo,sostenido,False,giro de 15 pts,2026-10-08 08:02:00,0,0.56,0.56,0.56,0,False,['dom1'],['QQQ754'],15.69,16.25,15.69,2026-10-08 08:02:00,0.00,re-rotura,False,2026-10-08 08:04:00,,,,
24459,2026-10-08 08:18:00,2026-10-08,378,31276.87,techo,sostenido,False,giro de 15 pts,2026-10-08 08:22:00,4,9.38,9.38,9.38,1,True,['dom0'],['QQQ755'],157.37,166.75,18.37,2026-10-08 10:34:00,136.00,tope,False,,31235.44,41.43,True,2026-10-08 08:41:00
24466,2026-10-08 08:25:00,2026-10-08,378,31276.87,techo,sostenido,False,giro de 15 pts,2026-10-08 08:31:00,6,18.13,18.13,18.13,2,True,['dom0'],['QQQ755'],157.37,175.50,157.37,2026-10-08 10:34:00,129.00,tope,False,,31235.44,41.43,True,2026-10-08 08:41:00
24482,2026-10-08 08:41:00,2026-10-08,379,31235.44,piso,sostenido,False,giro de 15 pts,2026-10-08 08:43:00,2,-0.31,-0.31,0.31,0,False,['dom1'],['QQQ754'],27.06,27.06,27.06,2026-10-08 08:45:00,4.00,re-rotura,False,2026-10-08 08:54:00,31276.87,41.43,False,
24501,2026-10-08 09:00:00,2026-10-08,381,31241.14,techo,rota,False,cierre mas alla de +5 con cuerpo 7.00,2026-10-08 09:08:00,8,12.36,12.36,12.36,5,False,['dom1'],['QQQ754'],,,,,,,,,,,,
24516,2026-10-08 09:15:00,2026-10-08,381,31241.41,piso,rota,False,cierre mas alla de +5 con cuerpo 8.25,2026-10-08 09:16:00,1,13.41,13.41,13.41,2,False,['dom1'],['QQQ754'],,,,,,,,,,,,
24520,2026-10-08 09:19:00,2026-10-08,381,31241.41,techo,sostenido,False,giro de 15 pts,2026-10-08 09:24:00,5,-1.66,-1.66,1.66,0,False,['dom1'],['QQQ754'],16.16,16.16,16.16,2026-10-08 09:24:00,5.00,re-rotura,False,2026-10-08 09:29:00,,,,
24529,2026-10-08 09:28:00,2026-10-08,381,31240.71,techo,rota,False,cierre mas alla de +5 con cuerpo 7.00,2026-10-08 09:29:00,1,11.79,11.79,11.79,1,False,['dom1'],['QQQ754'],,,,,,,,,,,,
24535,2026-10-08 09:34:00,2026-10-08,381,31240.71,piso,sostenido,False,giro de 15 pts,2026-10-08 09:35:00,1,11.46,11.46,11.46,0,True,['dom1'],['QQQ754'],28.04,39.50,28.04,2026-10-08 09:37:00,3.00,re-rotura,False,2026-10-08 09:46:00,31282.15,41.43,False,
24544,2026-10-08 09:43:00,2026-10-08,381,31240.47,piso,rota,False,cierre mas alla de +5 con cuerpo 9.25,2026-10-08 09:46:00,3,6.47,6.47,6.47,2,False,['dom1'],['QQQ754'],,,,,,,,,,,,
24760,2026-10-08 13:19:00,2026-10-08,385,31235.88,techo,rota,False,cierre mas alla de +5 con cuerpo 6.50,2026-10-08 13:20:00,1,7.62,7.62,7.62,1,False,['dom1'],['QQQ754'],,,,,,,,,,,,
24765,2026-10-08 13:24:00,2026-10-08,385,31236.10,piso,rota,False,cierre mas alla de +5 con cuerpo 5.50,2026-10-08 13:27:00,3,11.35,11.35,11.35,2,False,['dom1'],['QQQ754'],,,,,,,,,,,,
25230,2026-10-08 22:09:00,2026-10-09,389,31033.46,techo,sostenido,False,giro de 15 pts,2026-10-08 22:10:00,1,3.04,3.04,3.04,1,True,['dom1'],['QQQ749'],15.21,18.25,15.21,2026-10-08 22:10:00,1.00,re-rotura,False,2026-10-08 22:15:00,,,,
25234,2026-10-08 22:13:00,2026-10-09,389,31033.46,techo,rota,False,cierre mas alla de +5 con cuerpo 12.75,2026-10-08 22:15:00,2,21.54,21.54,21.54,2,False,['dom1'],['QQQ749'],,,,,,,,,,,,
25267,2026-10-08 22:46:00,2026-10-09,389,31033.41,piso,rota,False,3 cierres seguidos mas alla,2026-10-08 22:49:00,3,5.16,5.16,5.16,3,False,['dom1'],['QQQ749'],,,,,,,,,,,,
25290,2026-10-08 23:09:00,2026-10-09,389,31033.41,techo,sostenido,False,giro de 15 pts,2026-10-08 23:24:00,15,5.34,5.34,5.34,2,True,['dom1'],['QQQ749'],81.16,86.50,81.16,2026-10-09 00:03:00,54.00,re-rotura,False,2026-10-09 01:42:00,,,,
25376,2026-10-09 00:35:00,2026-10-09,395,31029.17,techo,sostenido,False,giro de 15 pts,2026-10-09 00:39:00,4,-0.17,-0.17,0.17,0,False,['dom1'],['QQQ749'],62.17,62.17,22.92,2026-10-09 01:18:00,43.00,re-rotura,False,2026-10-09 01:41:00,,,,
25385,2026-10-09 00:44:00,2026-10-09,395,31029.17,techo,sostenido,False,giro de 15 pts,2026-10-09 00:51:00,7,4.83,4.83,4.83,1,True,['dom1'],['QQQ749'],62.17,67.00,27.42,2026-10-09 01:18:00,34.00,re-rotura,False,2026-10-09 01:41:00,,,,
25397,2026-10-09 00:56:00,2026-10-09,395,31029.17,techo,sostenido,False,giro de 15 pts,2026-10-09 00:57:00,1,-1.42,-1.42,1.42,0,False,['dom1'],['QQQ749'],62.17,62.17,62.17,2026-10-09 01:18:00,22.00,re-rotura,False,2026-10-09 01:41:00,,,,
25442,2026-10-09 01:41:00,2026-10-09,395,31029.17,techo,rota,False,cierre mas alla de +5 con cuerpo 25.75,2026-10-09 01:41:00,0,10.08,10.08,10.08,1,False,['dom1'],['QQQ749'],,,,,,,,,,,,
25461,2026-10-09 02:00:00,2026-10-09,394,31070.59,techo,rota,False,cierre mas alla de +5 con cuerpo 13.25,2026-10-09 02:02:00,2,15.41,15.41,15.41,3,False,"['dom0', 'dom1']",['QQQ750'],,,,,,,,,,,,
25468,2026-10-09 02:07:00,2026-10-09,394,31070.59,piso,rota,False,cierre mas alla de +5 con cuerpo 15.75,2026-10-09 02:14:00,7,10.84,10.84,10.84,3,False,"['dom0', 'dom1']",['QQQ750'],,,,,,,,,,,,
25479,2026-10-09 02:18:00,2026-10-09,394,31070.59,techo,rota,False,cierre mas alla de +5 con cuerpo 16.25,2026-10-09 02:26:00,8,8.66,8.66,8.66,3,False,"['dom0', 'dom1']",['QQQ750'],,,,,,,,,,,,
25499,2026-10-09 02:38:00,2026-10-09,394,31070.59,piso,rota,False,3 cierres seguidos mas alla,2026-10-09 02:40:00,2,9.84,9.84,9.84,3,False,"['dom0', 'dom1']",['QQQ750'],,,,,,,,,,,,
25512,2026-10-09 02:51:00,2026-10-09,394,31070.59,piso,rota,False,cierre mas alla de +5 con cuerpo 8.50,2026-10-09 03:03:00,12,6.84,6.84,6.84,1,False,"['dom0', 'dom1']",['QQQ750'],,,,,,,,,,,,
25540,2026-10-09 03:19:00,2026-10-09,394,31070.59,techo,rota,False,cierre mas alla de +5 con cuerpo 5.75,2026-10-09 03:21:00,2,13.16,13.16,13.16,2,False,"['dom0', 'dom1']",['QQQ750'],,,,,,,,,,,,
