i,t_llegada,noche,pista,raya,tipo,resultado,censurada,motivo,t_decision,min_a_decision,pinchazo_max,precision,precision_abs,cierres_mas_alla,falso_rompimiento,nombres,etiquetas,recorrido,recorrido_desde_punta,recorrido_tramo,t_mfe,min_a_mfe,fin_recorrido,recorrido_censurado,t_rerotura,opuesta,dist_opuesta,llega_opuesta,t_llega_opuesta
2,2026-09-13 22:12:00,2026-09-14,1,29294.26,techo,rota,False,cierre mas alla de +5 con cuerpo 15.75,2026-09-13 22:14:00,2,23.49,23.49,23.49,2,False,"['dom0', 'dom1']",[],,,,,,,,,,,,
136,2026-09-14 00:26:00,2026-09-14,1,29294.26,piso,sostenido,False,giro de 15 pts,2026-09-14 00:30:00,4,1.01,1.01,1.01,0,False,"['dom0', 'dom1']",[],41.24,42.25,41.24,2026-09-14 00:45:00,19.00,re-rotura,False,2026-09-14 01:22:00,,,,
170,2026-09-14 01:00:00,2026-09-14,1,29294.26,piso,sostenido,False,giro de 15 pts,2026-09-14 01:02:00,2,7.51,7.51,7.51,0,True,"['dom0', 'dom1']",[],34.99,42.50,34.99,2026-09-14 01:11:00,11.00,re-rotura,False,2026-09-14 01:22:00,,,,
186,2026-09-14 01:16:00,2026-09-14,1,29294.26,piso,rota,False,3 cierres seguidos mas alla,2026-09-14 01:22:00,6,3.76,3.76,3.76,3,False,"['dom0', 'dom1']",[],,,,,,,,,,,,
203,2026-09-14 01:33:00,2026-09-14,1,29294.26,piso,sostenido,False,giro de 15 pts,2026-09-14 01:36:00,3,-0.99,-0.99,0.99,0,False,"['dom0', 'dom1']",[],82.74,82.74,82.74,2026-09-14 02:08:00,35.00,tope,False,,,,,
383,2026-09-14 04:33:00,2026-09-14,1,29294.26,piso,sostenido,False,giro de 15 pts,2026-09-14 04:35:00,2,-1.99,-1.99,1.99,0,False,"['dom0', 'dom1']",[],35.99,35.99,35.99,2026-09-14 04:50:00,17.00,re-rotura,False,2026-09-14 05:42:00,,,,
433,2026-09-14 05:23:00,2026-09-14,1,29294.26,piso,sostenido,False,giro de 15 pts,2026-09-14 05:27:00,4,-1.24,-1.24,1.24,0,False,"['dom0', 'dom1']",[],21.99,21.99,21.99,2026-09-14 05:39:00,16.00,re-rotura,False,2026-09-14 05:42:00,,,,
451,2026-09-14 05:41:00,2026-09-14,1,29294.26,piso,rota,False,cierre mas alla de +5 con cuerpo 13.25,2026-09-14 05:42:00,1,11.51,11.51,11.51,1,False,"['dom0', 'dom1']",[],,,,,,,,,,,,
454,2026-09-14 05:44:00,2026-09-14,1,29294.26,techo,rota,False,cierre mas alla de +5 con cuerpo 7.50,2026-09-14 05:54:00,10,7.74,7.74,7.74,1,False,"['dom0', 'dom1']",[],,,,,,,,,,,,
513,2026-09-14 06:43:00,2026-09-14,1,29294.26,piso,sostenido,False,giro de 15 pts,2026-09-14 06:45:00,2,2.26,2.26,2.26,0,True,"['dom0', 'dom1']",[],18.74,21.00,18.74,2026-09-14 06:47:00,4.00,re-rotura,False,2026-09-14 06:51:00,,,,
519,2026-09-14 06:49:00,2026-09-14,1,29294.26,piso,rota,False,3 cierres seguidos mas alla,2026-09-14 06:51:00,2,6.51,6.51,6.51,3,False,"['dom0', 'dom1']",[],,,,,,,,,,,,
530,2026-09-14 07:00:00,2026-09-14,5,29253.29,piso,rota,False,cierre mas alla de +5 con cuerpo 28.00,2026-09-14 07:00:00,0,20.29,20.29,20.29,1,False,"['dom0', 'dom1']",[],,,,,,,,,,,,
534,2026-09-14 07:04:00,2026-09-14,5,29253.29,techo,sostenido,False,giro de 15 pts,2026-09-14 07:10:00,6,8.21,8.21,8.21,1,True,"['dom0', 'dom1']",[],15.54,23.75,15.54,2026-09-14 07:10:00,6.00,re-rotura,False,2026-09-14 07:14:00,,,,
541,2026-09-14 07:11:00,2026-09-14,5,29253.29,techo,rota,False,cierre mas alla de +5 con cuerpo 11.75,2026-09-14 07:14:00,3,18.46,18.46,18.46,3,False,"['dom0', 'dom1']",[],,,,,,,,,,,,
550,2026-09-14 07:20:00,2026-09-14,5,29253.29,piso,sostenido,False,giro de 15 pts,2026-09-14 07:22:00,2,-0.46,-0.46,0.46,0,False,"['dom0', 'dom1']",[],27.96,27.96,27.96,2026-09-14 07:24:00,4.00,re-rotura,False,2026-09-14 07:29:00,29294.26,40.97,False,
557,2026-09-14 07:27:00,2026-09-14,5,29253.29,piso,rota,False,cierre mas alla de +5 con cuerpo 5.50,2026-09-14 07:29:00,2,10.54,10.54,10.54,2,False,"['dom0', 'dom1']",[],,,,,,,,,,,,
560,2026-09-14 07:30:00,2026-09-14,5,29253.29,techo,sostenido,False,giro de 15 pts,2026-09-14 07:42:00,12,0.46,0.46,0.46,0,False,"['dom0', 'dom1']",[],146.79,147.25,146.79,2026-09-14 09:24:00,114.00,re-rotura,False,2026-09-14 11:28:00,,,,
663,2026-09-14 09:13:00,2026-09-14,6,29130.37,piso,rota,False,cierre mas alla de +5 con cuerpo 4.50,2026-09-14 09:22:00,9,11.87,11.87,11.87,4,False,['dom1'],[],,,,,,,,,,,,
678,2026-09-14 09:28:00,2026-09-14,6,29130.37,techo,rota,False,cierre mas alla de +5 con cuerpo 11.75,2026-09-14 09:29:00,1,20.13,20.13,20.13,2,False,['dom1'],[],,,,,,,,,,,,
1375,2026-09-14 22:05:00,2026-09-15,128,29469.96,piso,rota,False,cierre mas alla de +5 con cuerpo 14.00,2026-09-14 22:05:00,0,7.71,7.71,7.71,1,False,['dom0'],[],,,,,,,,,,,,
1442,2026-09-14 23:12:00,2026-09-15,136,29465.39,techo,sostenido,False,giro de 15 pts,2026-09-14 23:19:00,7,1.86,1.86,1.86,1,True,['dom0'],[],38.39,40.25,15.39,2026-09-15 00:06:00,54.00,re-rotura,False,2026-09-15 00:38:00,29423.89,41.50,False,
1495,2026-09-15 00:05:00,2026-09-15,139,29431.77,piso,sostenido,False,giro de 15 pts,2026-09-15 00:07:00,2,4.77,4.77,4.77,1,True,"['dom0', 'dom1']",[],63.23,68.00,34.23,2026-09-15 01:16:00,71.00,re-rotura,False,2026-09-15 03:54:00,29473.28,41.51,True,2026-09-15 00:36:00
1508,2026-09-15 00:18:00,2026-09-15,139,29431.77,piso,sostenido,False,giro de 15 pts,2026-09-15 00:19:00,1,-1.23,-1.23,1.23,0,False,"['dom0', 'dom1']",[],63.23,63.23,63.23,2026-09-15 01:16:00,58.00,re-rotura,False,2026-09-15 03:54:00,29473.28,41.51,True,2026-09-15 00:36:00
1526,2026-09-15 00:36:00,2026-09-15,138,29473.28,techo,rota,False,cierre mas alla de +5 con cuerpo 4.50,2026-09-15 00:40:00,4,9.47,9.47,9.47,2,False,['dom0'],[],,,,,,,,,,,,
1536,2026-09-15 00:46:00,2026-09-15,138,29473.28,piso,sostenido,False,giro de 15 pts,2026-09-15 00:50:00,4,3.28,3.28,3.28,1,True,['dom0'],[],16.22,19.50,16.22,2026-09-15 00:52:00,6.00,re-rotura,False,2026-09-15 00:58:00,,,,
1546,2026-09-15 00:56:00,2026-09-15,138,29474.94,piso,rota,False,cierre mas alla de +5 con cuerpo 9.75,2026-09-15 00:58:00,2,15.94,15.94,15.94,2,False,['dom0'],[],,,,,,,,,,,,
1553,2026-09-15 01:03:00,2026-09-15,138,29474.94,techo,rota,False,cierre mas alla de +5 con cuerpo 4.75,2026-09-15 01:04:00,1,14.81,14.81,14.81,2,False,['dom0'],[],,,,,,,,,,,,
1555,2026-09-15 01:05:00,2026-09-15,138,29474.94,piso,sostenido,False,giro de 15 pts,2026-09-15 01:12:00,7,3.19,3.19,3.19,1,True,['dom0'],[],20.06,23.25,20.06,2026-09-15 01:16:00,11.00,re-rotura,False,2026-09-15 01:34:00,,,,
1578,2026-09-15 01:28:00,2026-09-15,138,29474.94,piso,rota,False,cierre mas alla de +5 con cuerpo 12.25,2026-09-15 01:34:00,6,19.44,19.44,19.44,5,False,['dom0'],[],,,,,,,,,,,,
1590,2026-09-15 01:40:00,2026-09-15,139,29433.43,piso,sostenido,False,giro de 15 pts,2026-09-15 01:49:00,9,5.68,5.68,5.68,1,True,"['dom0', 'dom1']",[],42.57,48.25,42.57,2026-09-15 02:02:00,22.00,re-rotura,False,2026-09-15 03:54:00,29474.94,41.51,True,2026-09-15 02:01:00
1611,2026-09-15 02:01:00,2026-09-15,138,29474.94,techo,sostenido,False,giro de 15 pts,2026-09-15 02:06:00,5,1.06,1.06,1.06,0,False,['dom0'],[],166.44,167.50,166.44,2026-09-15 05:19:00,198.00,tope,False,,29433.43,41.51,True,2026-09-15 03:54:00
1724,2026-09-15 03:54:00,2026-09-15,139,29433.43,piso,rota,False,cierre mas alla de +5 con cuerpo 15.00,2026-09-15 03:54:00,0,10.93,10.93,10.93,1,False,"['dom0', 'dom1']",[],,,,,,,,,,,,
1736,2026-09-15 04:06:00,2026-09-15,139,29433.43,techo,sostenido,False,giro de 15 pts,2026-09-15 04:08:00,2,0.07,0.07,0.07,0,False,"['dom0', 'dom1']",[],159.68,159.75,159.68,2026-09-15 08:05:00,239.00,tope,False,,,,,
1807,2026-09-15 05:17:00,2026-09-15,141,29308.88,piso,sostenido,False,giro de 15 pts,2026-09-15 05:20:00,3,0.38,0.38,0.38,0,False,['dom1'],[],95.37,95.75,95.37,2026-09-15 05:54:00,37.00,re-rotura,False,2026-09-15 07:55:00,,,,
1962,2026-09-15 07:52:00,2026-09-15,144,29308.88,piso,rota,False,cierre mas alla de +5 con cuerpo 9.00,2026-09-15 07:55:00,3,11.13,11.13,11.13,2,False,['dom1'],[],,,,,,,,,,,,
1977,2026-09-15 08:07:00,2026-09-15,143,29267.37,piso,rota,False,cierre mas alla de +5 con cuerpo 21.00,2026-09-15 08:08:00,1,21.62,21.62,21.62,1,False,['dom0'],[],,,,,,,,,,,,
1983,2026-09-15 08:13:00,2026-09-15,143,29267.37,techo,rota,False,cierre mas alla de +5 con cuerpo 9.75,2026-09-15 08:14:00,1,11.13,11.13,11.13,1,False,['dom0'],[],,,,,,,,,,,,
1990,2026-09-15 08:20:00,2026-09-15,144,29308.88,techo,sostenido,False,giro de 15 pts,2026-09-15 08:25:00,5,1.12,1.12,1.12,0,False,['dom1'],[],72.38,73.50,72.38,2026-09-15 09:18:00,58.00,re-rotura,False,2026-09-15 09:47:00,29267.37,41.51,True,2026-09-15 08:35:00
2005,2026-09-15 08:35:00,2026-09-15,143,29267.37,piso,sostenido,False,giro de 15 pts,2026-09-15 08:35:00,0,-1.63,-1.63,1.63,0,False,['dom0'],[],24.63,24.63,24.63,2026-09-15 08:38:00,3.00,re-rotura,False,2026-09-15 09:02:00,,,,
2014,2026-09-15 08:44:00,2026-09-15,143,29267.37,piso,sostenido,False,giro de 15 pts,2026-09-15 08:57:00,13,4.62,4.62,4.62,1,True,['dom0'],[],19.38,24.00,19.38,2026-09-15 08:57:00,13.00,re-rotura,False,2026-09-15 09:02:00,,,,
2028,2026-09-15 08:58:00,2026-09-15,143,29267.37,piso,rota,False,cierre mas alla de +5 con cuerpo 13.75,2026-09-15 09:02:00,4,15.62,15.62,15.62,3,False,['dom0'],[],,,,,,,,,,,,
2037,2026-09-15 09:07:00,2026-09-15,143,29267.37,piso,rota,False,cierre mas alla de +5 con cuerpo 7.50,2026-09-15 09:09:00,2,7.62,7.62,7.62,3,False,['dom0'],[],,,,,,,,,,,,
2041,2026-09-15 09:11:00,2026-09-15,143,29267.37,techo,sostenido,False,giro de 15 pts,2026-09-15 09:13:00,2,4.13,4.13,4.13,1,True,['dom0'],[],30.87,35.00,18.37,2026-09-15 09:18:00,7.00,re-rotura,False,2026-09-15 09:30:00,29184.34,83.03,False,
2046,2026-09-15 09:16:00,2026-09-15,143,29267.37,techo,sostenido,False,giro de 15 pts,2026-09-15 09:17:00,1,-0.37,-0.37,0.37,0,False,['dom0'],[],30.87,30.87,30.87,2026-09-15 09:18:00,2.00,re-rotura,False,2026-09-15 09:30:00,29184.34,83.03,False,
2053,2026-09-15 09:23:00,2026-09-15,148,29275.41,techo,sostenido,False,giro de 15 pts,2026-09-15 09:23:00,0,-1.41,-1.41,1.41,0,False,['dom1'],[],29.41,29.41,29.41,2026-09-15 09:24:00,1.00,re-rotura,False,2026-09-15 09:35:00,29233.65,41.76,False,
2060,2026-09-15 09:30:00,2026-09-15,148,29275.41,techo,sostenido,False,giro de 15 pts,2026-09-15 09:33:00,3,1.59,1.59,1.59,0,False,['dom1'],[],16.66,18.25,16.66,2026-09-15 09:33:00,3.00,re-rotura,False,2026-09-15 09:35:00,29233.65,41.76,False,
2064,2026-09-15 09:34:00,2026-09-15,148,29275.41,techo,rota,False,cierre mas alla de +5 con cuerpo 7.25,2026-09-15 09:35:00,1,5.34,5.34,5.34,1,False,['dom1'],[],,,,,,,,,,,,
2076,2026-09-15 09:46:00,2026-09-15,149,29310.73,techo,rota,False,cierre mas alla de +5 con cuerpo 13.00,2026-09-15 09:48:00,2,16.52,16.52,16.52,2,False,['dom1'],[],,,,,,,,,,,,
2101,2026-09-15 10:11:00,2026-09-15,153,29359.77,techo,sostenido,False,giro de 15 pts,2026-09-15 10:12:00,1,7.73,7.73,7.73,0,True,"['dom0', 'dom1']",[],25.52,33.25,25.52,2026-09-15 10:17:00,6.00,re-rotura,False,2026-09-15 10:32:00,,,,
2139,2026-09-15 10:49:00,2026-09-15,159,29374.58,techo,rota,False,cierre mas alla de +5 con cuerpo 5.50,2026-09-15 10:51:00,2,10.17,10.17,10.17,2,False,['dom0'],[],,,,,,,,,,,,
2150,2026-09-15 11:00:00,2026-09-15,162,29405.44,techo,rota,False,3 cierres seguidos mas alla,2026-09-15 11:02:00,2,13.31,13.31,13.31,3,False,['dom1'],[],,,,,,,,,,,,
2155,2026-09-15 11:05:00,2026-09-15,164,29394.63,piso,sostenido,False,giro de 15 pts,2026-09-15 11:09:00,4,1.63,1.63,1.63,0,False,['dom1'],[],89.62,91.25,32.87,2026-09-15 12:55:00,110.00,re-rotura,False,2026-09-15 13:31:00,,,,
2258,2026-09-15 12:48:00,2026-09-15,176,29469.14,techo,sostenido,False,giro de 15 pts,2026-09-15 12:49:00,1,-1.14,-1.14,1.14,0,False,"['dom0', 'dom1']",[],253.39,253.39,21.39,2026-09-15 14:53:00,125.00,tope,False,,,,,
2263,2026-09-15 12:53:00,2026-09-15,179,29462.91,techo,rota,False,cierre mas alla de +5 con cuerpo 15.50,2026-09-15 12:53:00,0,8.59,8.59,8.59,1,False,['dom1'],[],,,,,,,,,,,,
2265,2026-09-15 12:55:00,2026-09-15,179,29462.91,piso,rota,False,cierre mas alla de +5 con cuerpo 16.75,2026-09-15 12:55:00,0,20.91,20.91,20.91,1,False,['dom1'],[],,,,,,,,,,,,
2981,2026-09-16 01:51:00,2026-09-16,240,29234.34,piso,rota,False,3 cierres seguidos mas alla,2026-09-16 01:58:00,7,5.09,5.09,5.09,3,False,"['dom0', 'dom1']",[],,,,,,,,,,,,
2990,2026-09-16 02:00:00,2026-09-16,240,29234.34,techo,rota,False,cierre mas alla de +5 con cuerpo 7.25,2026-09-16 02:01:00,1,14.66,14.66,14.66,2,False,"['dom0', 'dom1']",[],,,,,,,,,,,,
2997,2026-09-16 02:07:00,2026-09-16,240,29234.34,piso,sostenido,False,giro de 15 pts,2026-09-16 02:10:00,3,0.59,0.59,0.59,0,False,"['dom0', 'dom1']",[],124.41,125.00,19.16,2026-09-16 06:07:00,240.00,tope,False,,29317.39,83.05,True,2026-09-16 03:14:00
3001,2026-09-16 02:11:00,2026-09-16,240,29234.34,piso,sostenido,False,giro de 15 pts,2026-09-16 02:22:00,11,6.59,6.59,6.59,1,True,"['dom0', 'dom1']",[],133.66,140.25,133.66,2026-09-16 06:11:00,240.00,tope,False,,29317.39,83.05,True,2026-09-16 03:14:00
3468,2026-09-16 09:58:00,2026-09-16,261,29391.81,techo,sostenido,False,giro de 15 pts,2026-09-16 10:00:00,2,-0.06,-0.06,0.06,0,False,['dom0'],[],36.31,36.31,36.31,2026-09-16 10:13:00,15.00,re-rotura,False,2026-09-16 10:59:00,29309.02,82.79,False,
3486,2026-09-16 10:16:00,2026-09-16,263,29366.08,piso,rota,False,3 cierres seguidos mas alla,2026-09-16 10:18:00,2,4.33,4.33,4.33,3,False,['dom0'],[],,,,,,,,,,,,
3492,2026-09-16 10:22:00,2026-09-16,263,29366.08,piso,sostenido,False,giro de 15 pts,2026-09-16 10:39:00,17,1.33,1.33,1.33,1,True,['dom0'],[],116.67,118.00,52.92,2026-09-16 14:00:00,218.00,tope,False,,29391.40,25.32,True,2026-09-16 10:59:00
3537,2026-09-16 11:07:00,2026-09-16,267,29377.69,piso,sostenido,False,giro de 15 pts,2026-09-16 11:08:00,1,0.94,0.94,0.94,0,False,['dom0'],[],21.31,22.25,21.31,2026-09-16 11:09:00,2.00,re-rotura,False,2026-09-16 11:14:00,,,,
3541,2026-09-16 11:11:00,2026-09-16,267,29377.69,piso,rota,False,cierre mas alla de +5 con cuerpo 5.75,2026-09-16 11:14:00,3,5.19,5.19,5.19,1,False,['dom0'],[],,,,,,,,,,,,
3547,2026-09-16 11:17:00,2026-09-16,267,29377.69,techo,rota,False,cierre mas alla de +5 con cuerpo 7.50,2026-09-16 11:25:00,8,7.56,7.56,7.56,1,False,['dom0'],[],,,,,,,,,,,,
3555,2026-09-16 11:25:00,2026-09-16,270,29381.43,techo,rota,False,3 cierres seguidos mas alla,2026-09-16 11:27:00,2,7.07,7.07,7.07,3,False,['dom0'],[],,,,,,,,,,,,
3597,2026-09-16 12:07:00,2026-09-16,278,29436.33,techo,sostenido,False,giro de 15 pts,2026-09-16 12:14:00,7,2.67,2.67,2.67,0,True,['dom1'],[],72.33,75.00,16.08,2026-09-16 12:45:00,38.00,re-rotura,False,2026-09-16 13:46:00,29353.64,82.69,False,
3613,2026-09-16 12:23:00,2026-09-16,278,29436.33,techo,sostenido,False,giro de 15 pts,2026-09-16 12:30:00,7,0.17,0.17,0.17,0,False,['dom1'],[],72.33,72.50,72.33,2026-09-16 12:45:00,22.00,re-rotura,False,2026-09-16 13:46:00,29353.64,82.69,False,
3622,2026-09-16 12:32:00,2026-09-16,280,29409.75,piso,rota,False,cierre mas alla de +5 con cuerpo 11.25,2026-09-16 12:36:00,4,16.75,16.75,16.75,3,False,['dom1'],[],,,,,,,,,,,,
3652,2026-09-16 13:02:00,2026-09-16,283,29375.62,piso,rota,False,cierre mas alla de +5 con cuerpo 7.75,2026-09-16 13:03:00,1,7.62,7.62,7.62,1,False,['dom0'],[],,,,,,,,,,,,
3655,2026-09-16 13:05:00,2026-09-16,283,29375.62,techo,rota,False,cierre mas alla de +5 con cuerpo 7.00,2026-09-16 13:08:00,3,10.13,10.13,10.13,2,False,['dom0'],[],,,,,,,,,,,,
4217,2026-09-16 23:27:00,2026-09-17,480,29409.28,techo,rota,False,cierre mas alla de +5 con cuerpo 34.00,2026-09-16 23:40:00,13,34.72,34.72,34.72,4,False,['dom1'],[],,,,,,,,,,,,
4228,2026-09-16 23:38:00,2026-09-17,481,29395.57,piso,sostenido,False,giro de 15 pts,2026-09-16 23:40:00,2,-0.18,-0.18,0.18,0,False,['dom1'],[],83.93,83.93,83.93,2026-09-17 00:43:00,65.00,tope,False,,29436.91,41.34,True,2026-09-16 23:40:00
4230,2026-09-16 23:40:00,2026-09-17,482,29428.60,techo,rota,False,cierre mas alla de +5 con cuerpo 34.00,2026-09-16 23:40:00,0,15.40,15.40,15.40,1,False,['dom0'],[],,,,,,,,,,,,
4233,2026-09-16 23:43:00,2026-09-17,484,29424.86,techo,rota,False,cierre mas alla de +5 con cuerpo 8.75,2026-09-16 23:44:00,1,13.64,13.64,13.64,2,False,['dom0'],[],,,,,,,,,,,,
4608,2026-09-17 05:58:00,2026-09-17,496,29370.53,piso,sostenido,False,giro de 15 pts,2026-09-17 06:02:00,4,1.78,1.78,1.78,0,False,"['dom0', 'dom1']",[],221.97,223.75,221.97,2026-09-17 09:11:00,193.00,tope,False,,29453.03,82.50,True,2026-09-17 06:31:00
4674,2026-09-17 07:04:00,2026-09-17,495,29494.28,techo,rota,False,cierre mas alla de +5 con cuerpo 9.25,2026-09-17 07:05:00,1,9.47,9.47,9.47,1,False,"['dom0', 'dom1']",[],,,,,,,,,,,,
4743,2026-09-17 08:13:00,2026-09-17,495,29494.28,piso,rota,False,3 cierres seguidos mas alla,2026-09-17 08:19:00,6,9.28,9.28,9.28,3,False,"['dom0', 'dom1']",[],,,,,,,,,,,,
4791,2026-09-17 09:01:00,2026-09-17,501,29576.78,techo,sostenido,False,giro de 15 pts,2026-09-17 09:03:00,2,2.97,2.97,2.97,0,True,"['dom0', 'dom1']",[],16.78,19.75,16.78,2026-09-17 09:03:00,2.00,re-rotura,False,2026-09-17 09:09:00,29494.28,82.50,False,
4797,2026-09-17 09:07:00,2026-09-17,501,29576.78,techo,rota,False,3 cierres seguidos mas alla,2026-09-17 09:09:00,2,7.22,7.22,7.22,3,False,"['dom0', 'dom1']",[],,,,,,,,,,,,
4803,2026-09-17 09:13:00,2026-09-17,501,29576.78,piso,rota,False,3 cierres seguidos mas alla,2026-09-17 09:15:00,2,10.28,10.28,10.28,3,False,"['dom0', 'dom1']",[],,,,,,,,,,,,
4845,2026-09-17 09:55:00,2026-09-17,505,29579.62,techo,sostenido,False,giro de 15 pts,2026-09-17 09:57:00,2,0.38,0.38,0.38,0,False,['dom0'],[],22.12,22.50,22.12,2026-09-17 09:58:00,3.00,re-rotura,False,2026-09-17 10:24:00,29497.46,82.17,False,
4857,2026-09-17 10:07:00,2026-09-17,505,29579.62,techo,sostenido,False,giro de 15 pts,2026-09-17 10:19:00,12,3.13,3.13,3.13,1,True,['dom0'],[],17.87,21.00,17.87,2026-09-17 10:19:00,12.00,re-rotura,False,2026-09-17 10:24:00,29497.46,82.17,False,
4876,2026-09-17 10:26:00,2026-09-17,509,29587.93,techo,sostenido,False,giro de 15 pts,2026-09-17 10:34:00,8,2.57,2.57,2.57,1,True,['dom0'],[],26.43,29.00,26.43,2026-09-17 10:43:00,17.00,re-rotura,False,2026-09-17 11:00:00,29505.74,82.19,False,
4889,2026-09-17 10:39:00,2026-09-17,509,29585.44,techo,sostenido,False,giro de 15 pts,2026-09-17 10:41:00,2,-1.94,-1.94,1.94,0,False,['dom0'],[],23.94,23.94,23.94,2026-09-17 10:43:00,4.00,re-rotura,False,2026-09-17 11:00:00,29503.26,82.18,False,
4898,2026-09-17 10:48:00,2026-09-17,511,29564.27,piso,sostenido,False,giro de 15 pts,2026-09-17 10:51:00,3,1.27,1.27,1.27,0,False,['dom0'],[],48.73,50.00,48.73,2026-09-17 11:01:00,13.00,re-rotura,False,2026-09-17 11:46:00,,,,
4911,2026-09-17 11:01:00,2026-09-17,514,29612.39,techo,sostenido,False,giro de 15 pts,2026-09-17 11:01:00,0,0.61,0.61,0.61,0,False,['dom1'],[],57.39,58.00,57.39,2026-09-17 11:50:00,49.00,re-rotura,False,2026-09-17 11:59:00,29571.32,41.07,True,2026-09-17 11:16:00
4927,2026-09-17 11:17:00,2026-09-17,512,29570.08,piso,sostenido,False,giro de 15 pts,2026-09-17 11:20:00,3,4.08,4.08,4.08,2,True,['dom0'],[],15.67,19.75,15.67,2026-09-17 11:20:00,3.00,re-rotura,False,2026-09-17 11:44:00,,,,
4932,2026-09-17 11:22:00,2026-09-17,512,29570.08,piso,rota,False,cierre mas alla de +5 con cuerpo 9.50,2026-09-17 11:44:00,22,11.33,11.33,11.33,6,False,['dom0'],[],,,,,,,,,,,,
4942,2026-09-17 11:32:00,2026-09-17,516,29583.33,techo,sostenido,False,giro de 15 pts,2026-09-17 11:37:00,5,-1.33,-1.33,1.33,0,False,['dom1'],[],28.33,28.33,28.33,2026-09-17 11:50:00,18.00,re-rotura,False,2026-09-17 11:58:00,29542.30,41.03,False,
4963,2026-09-17 11:53:00,2026-09-17,512,29569.66,techo,rota,False,cierre mas alla de +5 con cuerpo 6.75,2026-09-17 11:54:00,1,13.84,13.84,13.84,2,False,['dom0'],[],,,,,,,,,,,,
4974,2026-09-17 12:04:00,2026-09-17,521,29614.05,techo,rota,False,cierre mas alla de +5 con cuerpo 17.00,2026-09-17 12:05:00,1,28.95,28.95,28.95,2,False,"['dom0', 'dom1']",[],,,,,,,,,,,,
5517,2026-09-17 22:07:00,2026-09-18,592,29701.77,piso,rota,False,3 cierres seguidos mas alla,2026-09-17 22:10:00,3,6.27,6.27,6.27,3,False,"['dom0', 'dom1']",[],,,,,,,,,,,,
5526,2026-09-17 22:16:00,2026-09-18,596,29698.45,piso,rota,False,3 cierres seguidos mas alla,2026-09-17 22:21:00,5,7.70,7.70,7.70,5,False,['dom1'],[],,,,,,,,,,,,
5706,2026-09-18 01:16:00,2026-09-18,605,29650.67,piso,sostenido,False,giro de 15 pts,2026-09-18 01:36:00,20,3.17,3.17,3.17,0,True,['dom0'],[],165.08,168.25,165.08,2026-09-18 05:11:00,235.00,tope,False,,29733.72,83.06,True,2026-09-18 03:11:00
5821,2026-09-18 03:11:00,2026-09-18,606,29733.72,techo,rota,False,3 cierres seguidos mas alla,2026-09-18 03:14:00,3,4.53,4.53,4.53,3,False,"['dom0', 'dom1']",[],,,,,,,,,,,,
5830,2026-09-18 03:20:00,2026-09-18,606,29733.72,techo,rota,False,3 cierres seguidos mas alla,2026-09-18 03:22:00,2,4.78,4.78,4.78,3,False,"['dom0', 'dom1']",[],,,,,,,,,,,,
5941,2026-09-18 05:11:00,2026-09-18,607,29816.78,techo,rota,False,3 cierres seguidos mas alla,2026-09-18 05:25:00,14,10.22,10.22,10.22,4,False,"['dom0', 'dom1']",[],,,,,,,,,,,,
5956,2026-09-18 05:26:00,2026-09-18,607,29816.78,piso,rota,False,cierre mas alla de +5 con cuerpo 6.50,2026-09-18 05:27:00,1,9.28,9.28,9.28,2,False,"['dom0', 'dom1']",[],,,,,,,,,,,,
5959,2026-09-18 05:29:00,2026-09-18,607,29816.78,techo,rota,False,cierre mas alla de +5 con cuerpo 9.25,2026-09-18 05:30:00,1,8.47,8.47,8.47,1,False,"['dom0', 'dom1']",[],,,,,,,,,,,,
6022,2026-09-18 06:32:00,2026-09-18,608,29899.83,techo,rota,False,3 cierres seguidos mas alla,2026-09-18 06:34:00,2,13.42,13.42,13.42,3,False,['dom0'],[],,,,,,,,,,,,
6027,2026-09-18 06:37:00,2026-09-18,608,29899.83,piso,sostenido,False,giro de 15 pts,2026-09-18 06:38:00,1,-1.17,-1.17,1.17,0,False,['dom0'],[],67.42,67.42,19.42,2026-09-18 07:30:00,53.00,re-rotura,False,2026-09-18 08:59:00,,,,
6032,2026-09-18 06:42:00,2026-09-18,608,29899.83,piso,sostenido,False,giro de 15 pts,2026-09-18 06:57:00,15,0.58,0.58,0.58,0,False,['dom0'],[],67.42,68.00,67.42,2026-09-18 07:30:00,48.00,re-rotura,False,2026-09-18 08:59:00,,,,
6073,2026-09-18 07:23:00,2026-09-18,609,29941.36,techo,rota,False,cierre mas alla de +5 con cuerpo 10.75,2026-09-18 07:25:00,2,10.89,10.89,10.89,2,False,['dom1'],[],,,,,,,,,,,,
6092,2026-09-18 07:42:00,2026-09-18,609,29941.36,piso,rota,False,3 cierres seguidos mas alla,2026-09-18 07:44:00,2,4.86,4.86,4.86,3,False,['dom1'],[],,,,,,,,,,,,
6105,2026-09-18 07:55:00,2026-09-18,609,29941.36,piso,rota,False,cierre mas alla de +5 con cuerpo 4.25,2026-09-18 07:57:00,2,11.86,11.86,11.86,3,False,['dom1'],[],,,,,,,,,,,,
6112,2026-09-18 08:02:00,2026-09-18,609,29941.36,techo,sostenido,False,giro de 15 pts,2026-09-18 08:04:00,2,3.64,3.64,3.64,0,True,['dom1'],[],126.86,130.50,126.86,2026-09-18 12:02:00,240.00,tope,False,,29899.83,41.53,True,2026-09-18 08:29:00
6139,2026-09-18 08:29:00,2026-09-18,608,29899.83,piso,sostenido,False,giro de 15 pts,2026-09-18 08:35:00,6,7.33,7.33,7.33,2,True,['dom0'],[],18.92,26.25,17.67,2026-09-18 08:45:00,16.00,re-rotura,False,2026-09-18 08:59:00,,,,
6150,2026-09-18 08:40:00,2026-09-18,608,29899.83,piso,sostenido,False,giro de 15 pts,2026-09-18 08:45:00,5,-0.17,-0.17,0.17,0,False,['dom0'],[],18.92,18.92,18.92,2026-09-18 08:45:00,5.00,re-rotura,False,2026-09-18 08:59:00,,,,
6164,2026-09-18 08:54:00,2026-09-18,608,29899.83,piso,rota,False,3 cierres seguidos mas alla,2026-09-18 08:59:00,5,8.83,8.83,8.83,5,False,['dom0'],[],,,,,,,,,,,,
6184,2026-09-18 09:14:00,2026-09-18,611,29884.52,piso,sostenido,False,giro de 15 pts,2026-09-18 09:22:00,8,3.52,3.52,3.52,1,True,['dom0'],[],15.23,18.75,15.23,2026-09-18 09:22:00,8.00,re-rotura,False,2026-09-18 09:26:00,,,,
6194,2026-09-18 09:24:00,2026-09-18,611,29884.52,piso,rota,False,cierre mas alla de +5 con cuerpo 8.50,2026-09-18 09:26:00,2,6.52,6.52,6.52,1,False,['dom0'],[],,,,,,,,,,,,
6245,2026-09-18 10:15:00,2026-09-18,620,29864.62,techo,rota,False,3 cierres seguidos mas alla,2026-09-18 10:19:00,4,7.88,7.88,7.88,3,False,"['dom0', 'dom1']",[],,,,,,,,,,,,
6255,2026-09-18 10:25:00,2026-09-18,620,29865.86,piso,sostenido,False,giro de 15 pts,2026-09-18 10:30:00,5,-0.39,-0.39,0.39,0,False,"['dom0', 'dom1']",[],37.64,37.64,37.64,2026-09-18 10:38:00,13.00,re-rotura,False,2026-09-18 11:05:00,29948.48,82.62,False,
6321,2026-09-18 11:31:00,2026-09-18,631,29852.17,techo,rota,False,cierre mas alla de +5 con cuerpo 11.75,2026-09-18 11:36:00,5,6.33,6.33,6.33,2,False,"['dom0', 'dom1']",[],,,,,,,,,,,,
6332,2026-09-18 11:42:00,2026-09-18,634,29834.50,piso,rota,False,3 cierres seguidos mas alla,2026-09-18 11:44:00,2,8.25,8.25,8.25,3,False,['dom1'],[],,,,,,,,,,,,
6343,2026-09-18 11:53:00,2026-09-18,637,29842.39,techo,sostenido,False,giro de 15 pts,2026-09-18 12:00:00,7,4.11,4.11,4.11,2,True,['dom1'],[],148.39,152.50,27.89,2026-09-18 14:16:00,143.00,tope,False,,29759.72,82.67,True,2026-09-18 13:25:00
6360,2026-09-18 12:10:00,2026-09-18,635,29793.18,piso,rota,False,3 cierres seguidos mas alla,2026-09-18 12:13:00,3,8.43,8.43,8.43,3,False,"['dom0', 'dom1']",[],,,,,,,,,,,,
6366,2026-09-18 12:16:00,2026-09-18,635,29793.18,techo,sostenido,False,giro de 15 pts,2026-09-18 12:19:00,3,6.07,6.07,6.07,0,True,"['dom0', 'dom1']",[],48.68,54.75,25.68,2026-09-18 13:27:00,71.00,re-rotura,False,2026-09-18 13:29:00,29751.86,41.32,True,2026-09-18 13:25:00
6372,2026-09-18 12:22:00,2026-09-18,635,29793.18,techo,sostenido,False,giro de 15 pts,2026-09-18 12:23:00,1,-1.68,-1.68,1.68,0,False,"['dom0', 'dom1']",[],48.68,48.68,24.43,2026-09-18 13:27:00,65.00,re-rotura,False,2026-09-18 13:29:00,29751.86,41.32,True,2026-09-18 13:25:00
6383,2026-09-18 12:33:00,2026-09-18,635,29790.37,techo,rota,False,3 cierres seguidos mas alla,2026-09-18 12:36:00,3,6.13,6.13,6.13,3,False,"['dom0', 'dom1']",[],,,,,,,,,,,,
6438,2026-09-18 13:28:00,2026-09-18,641,29805.31,techo,rota,False,cierre mas alla de +5 con cuerpo 18.00,2026-09-18 13:29:00,1,14.19,14.19,14.19,1,False,['dom0'],[],,,,,,,,,,,,
7035,2026-09-21 00:36:00,2026-09-21,700,30093.45,techo,sostenido,False,giro de 15 pts,2026-09-21 00:41:00,5,-1.70,-1.70,1.70,0,False,"['dom0', 'dom1']",[],22.70,22.70,22.70,2026-09-21 00:44:00,8.00,re-rotura,False,2026-09-21 01:00:00,30051.94,41.51,False,
7058,2026-09-21 00:59:00,2026-09-21,700,30093.45,techo,rota,False,cierre mas alla de +5 con cuerpo 5.25,2026-09-21 01:00:00,1,11.55,11.55,11.55,2,False,"['dom0', 'dom1']",[],,,,,,,,,,,,
7106,2026-09-21 01:47:00,2026-09-21,700,30093.45,piso,rota,False,cierre mas alla de +5 con cuerpo 7.75,2026-09-21 01:50:00,3,9.70,9.70,9.70,2,False,"['dom0', 'dom1']",[],,,,,,,,,,,,
7117,2026-09-21 01:58:00,2026-09-21,700,30093.45,techo,sostenido,False,giro de 15 pts,2026-09-21 01:58:00,0,-1.95,-1.95,1.95,0,False,"['dom0', 'dom1']",[],29.70,29.70,29.70,2026-09-21 02:01:00,3.00,re-rotura,False,2026-09-21 02:45:00,30051.94,41.51,False,
7164,2026-09-21 02:45:00,2026-09-21,700,30093.45,techo,rota,False,cierre mas alla de +5 con cuerpo 16.50,2026-09-21 02:45:00,0,6.05,6.05,6.05,1,False,"['dom0', 'dom1']",[],,,,,,,,,,,,
7170,2026-09-21 02:51:00,2026-09-21,700,30093.45,piso,rota,False,3 cierres seguidos mas alla,2026-09-21 02:53:00,2,4.95,4.95,4.95,3,False,"['dom0', 'dom1']",[],,,,,,,,,,,,
7183,2026-09-21 03:04:00,2026-09-21,700,30093.45,techo,rota,False,cierre mas alla de +5 con cuerpo 8.00,2026-09-21 03:04:00,0,7.30,7.30,7.30,1,False,"['dom0', 'dom1']",[],,,,,,,,,,,,
7185,2026-09-21 03:06:00,2026-09-21,700,30093.45,piso,rota,False,3 cierres seguidos mas alla,2026-09-21 03:13:00,7,4.20,4.20,4.20,3,False,"['dom0', 'dom1']",[],,,,,,,,,,,,
7207,2026-09-21 03:28:00,2026-09-21,700,30093.45,piso,rota,False,3 cierres seguidos mas alla,2026-09-21 03:31:00,3,5.95,5.95,5.95,3,False,"['dom0', 'dom1']",[],,,,,,,,,,,,
7213,2026-09-21 03:34:00,2026-09-21,700,30093.45,techo,rota,False,cierre mas alla de +5 con cuerpo 10.25,2026-09-21 03:45:00,11,12.30,12.30,12.30,2,False,"['dom0', 'dom1']",[],,,,,,,,,,,,
7228,2026-09-21 03:49:00,2026-09-21,700,30093.45,piso,rota,False,3 cierres seguidos mas alla,2026-09-21 03:57:00,8,3.95,3.95,3.95,4,False,"['dom0', 'dom1']",[],,,,,,,,,,,,
7239,2026-09-21 04:00:00,2026-09-21,700,30093.45,techo,sostenido,False,giro de 15 pts,2026-09-21 04:06:00,6,2.55,2.55,2.55,2,True,"['dom0', 'dom1']",[],23.20,25.75,23.20,2026-09-21 04:07:00,7.00,re-rotura,False,2026-09-21 04:20:00,30051.94,41.51,False,
7255,2026-09-21 04:16:00,2026-09-21,700,30093.45,techo,rota,False,3 cierres seguidos mas alla,2026-09-21 04:20:00,4,8.05,8.05,8.05,4,False,"['dom0', 'dom1']",[],,,,,,,,,,,,
7261,2026-09-21 04:22:00,2026-09-21,700,30093.45,piso,rota,False,cierre mas alla de +5 con cuerpo 8.00,2026-09-21 04:30:00,8,7.95,7.95,7.95,2,False,"['dom0', 'dom1']",[],,,,,,,,,,,,
7279,2026-09-21 04:40:00,2026-09-21,700,30093.45,techo,sostenido,False,giro de 15 pts,2026-09-21 05:17:00,37,4.05,4.05,4.05,4,True,"['dom0', 'dom1']",[],18.45,22.50,18.45,2026-09-21 05:18:00,38.00,re-rotura,False,2026-09-21 05:38:00,30051.94,41.51,False,
7330,2026-09-21 05:31:00,2026-09-21,700,30093.45,techo,sostenido,False,giro de 15 pts,2026-09-21 05:33:00,2,1.80,1.80,1.80,1,True,"['dom0', 'dom1']",[],16.45,18.25,16.45,2026-09-21 05:33:00,2.00,re-rotura,False,2026-09-21 05:38:00,30051.94,41.51,False,
7335,2026-09-21 05:36:00,2026-09-21,700,30093.45,techo,rota,False,cierre mas alla de +5 con cuerpo 5.00,2026-09-21 05:38:00,2,9.80,9.80,9.80,2,False,"['dom0', 'dom1']",[],,,,,,,,,,,,
7338,2026-09-21 05:39:00,2026-09-21,700,30093.45,piso,sostenido,False,giro de 15 pts,2026-09-21 05:40:00,1,1.45,1.45,1.45,0,False,"['dom0', 'dom1']",[],18.55,20.00,18.55,2026-09-21 05:40:00,1.00,re-rotura,False,2026-09-21 05:48:00,,,,
7341,2026-09-21 05:42:00,2026-09-21,700,30093.45,piso,rota,False,cierre mas alla de +5 con cuerpo 10.50,2026-09-21 05:48:00,6,9.45,9.45,9.45,1,False,"['dom0', 'dom1']",[],,,,,,,,,,,,
7352,2026-09-21 05:53:00,2026-09-21,700,30093.45,techo,rota,False,cierre mas alla de +5 con cuerpo 15.00,2026-09-21 06:00:00,7,13.80,13.80,13.80,2,False,"['dom0', 'dom1']",[],,,,,,,,,,,,
7406,2026-09-21 06:47:00,2026-09-21,704,30134.96,techo,sostenido,False,giro de 15 pts,2026-09-21 06:54:00,7,3.04,3.04,3.04,0,True,"['dom0', 'dom1']",[],17.71,20.75,17.71,2026-09-21 06:54:00,7.00,re-rotura,False,2026-09-21 06:59:00,30093.45,41.51,False,
7415,2026-09-21 06:56:00,2026-09-21,704,30134.96,techo,rota,False,cierre mas alla de +5 con cuerpo 6.00,2026-09-21 06:59:00,3,8.79,8.79,8.79,2,False,"['dom0', 'dom1']",[],,,,,,,,,,,,
7420,2026-09-21 07:01:00,2026-09-21,704,30134.96,piso,sostenido,False,giro de 15 pts,2026-09-21 07:03:00,2,3.96,3.96,3.96,0,True,"['dom0', 'dom1']",[],27.79,31.75,27.79,2026-09-21 07:04:00,3.00,re-rotura,False,2026-09-21 07:25:00,,,,
7431,2026-09-21 07:12:00,2026-09-21,704,30134.96,piso,sostenido,False,giro de 15 pts,2026-09-21 07:14:00,2,-0.04,-0.04,0.04,0,False,"['dom0', 'dom1']",[],20.79,20.79,20.79,2026-09-21 07:14:00,2.00,re-rotura,False,2026-09-21 07:25:00,,,,
7441,2026-09-21 07:22:00,2026-09-21,704,30134.96,piso,rota,False,cierre mas alla de +5 con cuerpo 6.00,2026-09-21 07:25:00,3,5.96,5.96,5.96,2,False,"['dom0', 'dom1']",[],,,,,,,,,,,,
7565,2026-09-21 09:26:00,2026-09-21,709,30254.20,techo,rota,False,cierre mas alla de +5 con cuerpo 6.25,2026-09-21 09:27:00,1,7.55,7.55,7.55,2,False,['dom0'],[],,,,,,,,,,,,
7596,2026-09-21 09:57:00,2026-09-21,718,30234.26,piso,sostenido,False,giro de 15 pts,2026-09-21 10:15:00,18,1.51,1.51,1.51,1,True,['dom0'],[],38.74,40.25,38.74,2026-09-21 10:39:00,42.00,re-rotura,False,2026-09-21 11:08:00,,,,
7622,2026-09-21 10:23:00,2026-09-21,724,30240.08,piso,sostenido,False,giro de 15 pts,2026-09-21 10:31:00,8,3.33,3.33,3.33,1,True,['dom0'],[],32.92,36.25,32.92,2026-09-21 10:39:00,16.00,re-rotura,False,2026-09-21 11:06:00,,,,
7663,2026-09-21 11:04:00,2026-09-21,730,30235.09,piso,rota,False,3 cierres seguidos mas alla,2026-09-21 11:07:00,3,7.84,7.84,7.84,3,False,['dom0'],[],,,,,,,,,,,,
7672,2026-09-21 11:13:00,2026-09-21,730,30234.68,techo,rota,False,cierre mas alla de +5 con cuerpo 7.25,2026-09-21 11:15:00,2,7.82,7.82,7.82,1,False,['dom0'],[],,,,,,,,,,,,
7709,2026-09-21 11:50:00,2026-09-21,734,30252.53,techo,sostenido,False,giro de 15 pts,2026-09-21 12:02:00,12,8.97,8.97,8.97,3,True,['dom0'],[],16.53,25.50,16.53,2026-09-21 12:02:00,12.00,re-rotura,False,2026-09-21 12:04:00,30170.21,82.32,False,
7711,2026-09-21 11:52:00,2026-09-21,737,30255.86,techo,sostenido,False,giro de 15 pts,2026-09-21 12:02:00,10,5.64,5.64,5.64,1,True,['dom0'],[],19.86,25.50,19.86,2026-09-21 12:02:00,10.00,re-rotura,False,2026-09-21 12:04:00,30173.53,82.33,False,
7723,2026-09-21 12:04:00,2026-09-21,739,30261.26,techo,rota,False,cierre mas alla de +5 con cuerpo 15.25,2026-09-21 12:04:00,0,7.24,7.24,7.24,1,False,['dom0'],[],,,,,,,,,,,,
7741,2026-09-21 12:22:00,2026-09-21,746,30238.41,piso,rota,False,3 cierres seguidos mas alla,2026-09-21 12:26:00,4,5.41,5.41,5.41,3,False,['dom0'],[],,,,,,,,,,,,
7757,2026-09-21 12:38:00,2026-09-21,743,30234.68,techo,rota,False,cierre mas alla de +5 con cuerpo 18.25,2026-09-21 12:44:00,6,22.32,22.32,22.32,3,False,['dom0'],[],,,,,,,,,,,,
7780,2026-09-21 13:01:00,2026-09-21,754,30228.04,techo,rota,False,cierre mas alla de +5 con cuerpo 8.25,2026-09-21 13:02:00,1,7.21,7.21,7.21,1,False,['dom0'],[],,,,,,,,,,,,
8331,2026-09-21 23:12:00,2026-09-22,861,30846.66,techo,rota,False,3 cierres seguidos mas alla,2026-09-21 23:41:00,29,9.34,9.34,9.34,6,False,['dom0'],[],,,,,,,,,,,,
8341,2026-09-21 23:22:00,2026-09-22,863,30846.66,techo,rota,False,3 cierres seguidos mas alla,2026-09-21 23:41:00,19,9.34,9.34,9.34,5,False,['dom0'],[],,,,,,,,,,,,
8347,2026-09-21 23:28:00,2026-09-22,865,30837.94,piso,sostenido,False,giro de 15 pts,2026-09-21 23:40:00,12,1.69,1.69,1.69,0,False,['dom0'],[],79.56,81.25,79.56,2026-09-22 00:32:00,64.00,tope,False,,30879.39,41.45,True,2026-09-22 00:09:00
8380,2026-09-22 00:01:00,2026-09-22,868,30869.41,techo,rota,False,cierre mas alla de +5 con cuerpo 12.25,2026-09-22 00:09:00,8,16.09,16.09,16.09,3,False,['dom1'],[],,,,,,,,,,,,
8394,2026-09-22 00:15:00,2026-09-22,872,30861.51,piso,sostenido,False,giro de 15 pts,2026-09-22 00:16:00,1,-0.99,-0.99,0.99,0,False,['dom1'],[],55.99,55.99,55.99,2026-09-22 00:32:00,17.00,re-rotura,False,2026-09-22 04:05:00,,,,
8615,2026-09-22 03:56:00,2026-09-22,872,30861.51,piso,sostenido,False,giro de 15 pts,2026-09-22 03:57:00,1,4.76,4.76,4.76,0,True,['dom1'],[],17.49,22.25,17.49,2026-09-22 03:58:00,2.00,re-rotura,False,2026-09-22 04:05:00,,,,
8622,2026-09-22 04:03:00,2026-09-22,872,30861.51,piso,rota,False,cierre mas alla de +5 con cuerpo 4.25,2026-09-22 04:05:00,2,6.76,6.76,6.76,3,False,['dom1'],[],,,,,,,,,,,,
8630,2026-09-22 04:11:00,2026-09-22,872,30861.51,techo,sostenido,False,giro de 15 pts,2026-09-22 04:17:00,6,6.24,6.24,6.24,2,True,['dom1'],[],137.01,143.25,137.01,2026-09-22 08:09:00,238.00,tope,False,,30820.09,41.42,True,2026-09-22 04:47:00
8666,2026-09-22 04:47:00,2026-09-22,871,30820.09,piso,rota,False,cierre mas alla de +5 con cuerpo 7.75,2026-09-22 04:50:00,3,7.59,7.59,7.59,1,False,['dom0'],[],,,,,,,,,,,,
8671,2026-09-22 04:52:00,2026-09-22,871,30820.09,techo,sostenido,False,giro de 15 pts,2026-09-22 05:10:00,18,2.16,2.16,2.16,1,True,['dom0'],[],41.34,43.50,41.34,2026-09-22 05:32:00,40.00,re-rotura,False,2026-09-22 05:45:00,,,,
8720,2026-09-22 05:41:00,2026-09-22,871,30820.09,techo,rota,False,cierre mas alla de +5 con cuerpo 9.50,2026-09-22 05:45:00,4,9.16,9.16,9.16,1,False,['dom0'],[],,,,,,,,,,,,
8733,2026-09-22 05:54:00,2026-09-22,871,30820.09,piso,rota,False,3 cierres seguidos mas alla,2026-09-22 06:00:00,6,14.34,14.34,14.34,5,False,['dom0'],[],,,,,,,,,,,,
8923,2026-09-22 09:04:00,2026-09-22,877,30757.88,piso,sostenido,False,giro de 15 pts,2026-09-22 09:06:00,2,3.63,3.63,3.63,1,True,"['dom0', 'dom1']",[],97.37,101.00,22.87,2026-09-22 09:52:00,48.00,re-rotura,False,2026-09-22 12:18:00,30841.01,83.13,True,2026-09-22 09:52:00
8928,2026-09-22 09:09:00,2026-09-22,877,30757.88,piso,sostenido,False,giro de 15 pts,2026-09-22 09:09:00,0,-0.12,-0.12,0.12,0,False,"['dom0', 'dom1']",[],97.37,97.37,23.37,2026-09-22 09:52:00,43.00,re-rotura,False,2026-09-22 12:18:00,30841.01,83.13,True,2026-09-22 09:52:00
8971,2026-09-22 09:52:00,2026-09-22,887,30843.01,techo,sostenido,False,giro de 15 pts,2026-09-22 09:52:00,0,12.24,12.24,12.24,0,True,"['dom0', 'dom1']",[],95.26,107.50,43.01,2026-09-22 12:09:00,137.00,re-rotura,False,2026-09-22 13:32:00,,,,
8975,2026-09-22 09:56:00,2026-09-22,887,30843.01,techo,sostenido,False,giro de 15 pts,2026-09-22 09:56:00,0,2.49,2.49,2.49,0,True,"['dom0', 'dom1']",[],95.26,97.75,36.26,2026-09-22 12:09:00,133.00,re-rotura,False,2026-09-22 13:32:00,,,,
9179,2026-09-22 13:20:00,2026-09-22,927,30749.58,piso,sostenido,False,giro de 15 pts,2026-09-22 13:21:00,1,-1.17,-1.17,1.17,0,False,['dom0'],[],248.17,248.17,248.17,2026-09-22 14:33:00,73.00,tope,False,,30832.69,83.11,True,2026-09-22 13:31:00
9753,2026-09-22 23:54:00,2026-09-23,993,31062.97,techo,sostenido,False,giro de 15 pts,2026-09-23 00:00:00,6,12.78,12.78,12.78,2,True,['dom1'],[],79.72,92.50,79.72,2026-09-23 02:16:00,142.00,tope,False,,,,,
9761,2026-09-23 00:02:00,2026-09-23,993,31060.48,techo,sostenido,False,giro de 15 pts,2026-09-23 00:04:00,2,-1.48,-1.48,1.48,0,False,['dom1'],[],77.23,77.23,47.98,2026-09-23 02:16:00,134.00,tope,False,,,,,
9801,2026-09-23 00:42:00,2026-09-23,1003,31049.69,techo,sostenido,False,giro de 15 pts,2026-09-23 00:48:00,6,-0.19,-0.19,0.19,0,False,"['dom0', 'dom1']",[],37.19,37.19,37.19,2026-09-23 00:55:00,13.00,re-rotura,False,2026-09-23 01:30:00,,,,
9844,2026-09-23 01:25:00,2026-09-23,1003,31049.69,techo,rota,False,3 cierres seguidos mas alla,2026-09-23 01:30:00,5,9.31,9.31,9.31,3,False,"['dom0', 'dom1']",[],,,,,,,,,,,,
10030,2026-09-23 04:31:00,2026-09-23,1003,31049.69,techo,sostenido,False,giro de 15 pts,2026-09-23 04:57:00,26,2.31,2.31,2.31,2,True,"['dom0', 'dom1']",[],31.44,33.75,31.44,2026-09-23 05:24:00,53.00,re-rotura,False,2026-09-23 06:13:00,,,,
10121,2026-09-23 06:02:00,2026-09-23,1003,31049.69,techo,rota,False,cierre mas alla de +5 con cuerpo 7.75,2026-09-23 06:13:00,11,8.56,8.56,8.56,4,False,"['dom0', 'dom1']",[],,,,,,,,,,,,
10134,2026-09-23 06:15:00,2026-09-23,1003,31049.69,piso,rota,False,cierre mas alla de +5 con cuerpo 12.00,2026-09-23 06:21:00,6,10.69,10.69,10.69,1,False,"['dom0', 'dom1']",[],,,,,,,,,,,,
10155,2026-09-23 06:36:00,2026-09-23,1002,31091.14,techo,sostenido,False,giro de 15 pts,2026-09-23 06:44:00,8,3.61,3.61,3.61,0,True,['dom0'],[],93.64,97.25,93.64,2026-09-23 09:48:00,192.00,tope,False,,31049.69,41.45,True,2026-09-23 06:58:00
10177,2026-09-23 06:58:00,2026-09-23,1003,31049.69,piso,rota,False,cierre mas alla de +5 con cuerpo 11.50,2026-09-23 07:05:00,7,9.19,9.19,9.19,3,False,"['dom0', 'dom1']",[],,,,,,,,,,,,
10194,2026-09-23 07:15:00,2026-09-23,1003,31049.69,techo,sostenido,False,giro de 15 pts,2026-09-23 07:18:00,3,-1.44,-1.44,1.44,0,False,"['dom0', 'dom1']",[],19.44,19.44,19.44,2026-09-23 07:18:00,3.00,re-rotura,False,2026-09-23 07:31:00,,,,
10206,2026-09-23 07:27:00,2026-09-23,1003,31049.69,techo,rota,False,3 cierres seguidos mas alla,2026-09-23 07:31:00,4,12.31,12.31,12.31,3,False,"['dom0', 'dom1']",[],,,,,,,,,,,,
10211,2026-09-23 07:32:00,2026-09-23,1003,31049.69,piso,rota,False,cierre mas alla de +5 con cuerpo 8.50,2026-09-23 07:32:00,0,7.44,7.44,7.44,1,False,"['dom0', 'dom1']",[],,,,,,,,,,,,
10216,2026-09-23 07:37:00,2026-09-23,1003,31049.69,techo,sostenido,False,giro de 15 pts,2026-09-23 07:47:00,10,5.31,5.31,5.31,0,True,"['dom0', 'dom1']",[],131.44,136.75,17.69,2026-09-23 11:37:00,240.00,tope,False,,,,,
10229,2026-09-23 07:50:00,2026-09-23,1003,31049.69,techo,sostenido,False,giro de 15 pts,2026-09-23 07:53:00,3,0.06,0.06,0.06,0,False,"['dom0', 'dom1']",[],138.44,138.50,38.44,2026-09-23 11:43:00,233.00,tope,False,,,,,
10260,2026-09-23 08:21:00,2026-09-23,1003,31049.69,techo,sostenido,False,giro de 15 pts,2026-09-23 08:35:00,14,3.31,3.31,3.31,0,True,"['dom0', 'dom1']",[],138.44,141.75,138.44,2026-09-23 11:43:00,202.00,tope,False,,,,,
11556,2026-09-24 23:51:00,2026-09-25,1082,30684.24,piso,sostenido,False,giro de 15 pts,2026-09-25 00:00:00,9,2.99,2.99,2.99,0,True,['dom1'],[],130.26,133.25,33.76,2026-09-25 02:21:00,150.00,tope,False,,30767.17,82.93,True,2026-09-25 01:14:00
11562,2026-09-24 23:57:00,2026-09-25,1080,30687.14,piso,sostenido,False,giro de 15 pts,2026-09-25 00:00:00,3,5.89,5.89,5.89,2,True,['dom1'],[],127.36,133.25,30.86,2026-09-25 02:21:00,144.00,tope,False,,30770.08,82.94,True,2026-09-25 01:14:00
11587,2026-09-25 00:22:00,2026-09-25,1088,30723.25,techo,sostenido,False,giro de 15 pts,2026-09-25 00:31:00,9,4.50,4.50,4.50,1,True,"['dom0', 'dom1']",[],41.25,45.75,41.25,2026-09-25 00:38:00,16.00,re-rotura,False,2026-09-25 01:10:00,,,,
11633,2026-09-25 01:08:00,2026-09-25,1088,30723.25,techo,rota,False,cierre mas alla de +5 con cuerpo 17.50,2026-09-25 01:10:00,2,12.75,12.75,12.75,1,False,"['dom0', 'dom1']",[],,,,,,,,,,,,
11668,2026-09-25 01:43:00,2026-09-25,1089,30806.28,techo,sostenido,False,giro de 15 pts,2026-09-25 01:47:00,4,3.22,3.22,3.22,0,True,"['dom0', 'dom1']",[],35.28,38.50,35.28,2026-09-25 01:56:00,13.00,re-rotura,False,2026-09-25 02:21:00,,,,
11691,2026-09-25 02:06:00,2026-09-25,1089,30806.28,techo,rota,False,cierre mas alla de +5 con cuerpo 4.00,2026-09-25 02:21:00,15,8.22,8.22,8.22,3,False,"['dom0', 'dom1']",[],,,,,,,,,,,,
11752,2026-09-25 03:07:00,2026-09-25,1089,30806.28,techo,rota,False,3 cierres seguidos mas alla,2026-09-25 03:09:00,2,5.22,5.22,5.22,3,False,"['dom0', 'dom1']",[],,,,,,,,,,,,
11760,2026-09-25 03:15:00,2026-09-25,1089,30806.28,techo,sostenido,False,giro de 15 pts,2026-09-25 03:17:00,2,2.97,2.97,2.97,0,True,"['dom0', 'dom1']",[],18.28,21.25,18.28,2026-09-25 03:18:00,3.00,re-rotura,False,2026-09-25 03:41:00,,,,
11765,2026-09-25 03:20:00,2026-09-25,1089,30806.28,techo,sostenido,False,giro de 15 pts,2026-09-25 03:30:00,10,1.72,1.72,1.72,1,True,"['dom0', 'dom1']",[],16.28,18.00,16.28,2026-09-25 03:30:00,10.00,re-rotura,False,2026-09-25 03:41:00,,,,
11782,2026-09-25 03:37:00,2026-09-25,1089,30806.28,techo,rota,False,3 cierres seguidos mas alla,2026-09-25 03:41:00,4,7.97,7.97,7.97,3,False,"['dom0', 'dom1']",[],,,,,,,,,,,,
11874,2026-09-25 05:09:00,2026-09-25,1089,30806.28,techo,rota,False,3 cierres seguidos mas alla,2026-09-25 05:11:00,2,6.47,6.47,6.47,3,False,"['dom0', 'dom1']",[],,,,,,,,,,,,
11878,2026-09-25 05:13:00,2026-09-25,1089,30806.28,piso,rota,False,3 cierres seguidos mas alla,2026-09-25 05:19:00,6,7.53,7.53,7.53,5,False,"['dom0', 'dom1']",[],,,,,,,,,,,,
11891,2026-09-25 05:26:00,2026-09-25,1089,30806.28,techo,rota,False,cierre mas alla de +5 con cuerpo 15.75,2026-09-25 05:30:00,4,14.97,14.97,14.97,2,False,"['dom0', 'dom1']",[],,,,,,,,,,,,
11898,2026-09-25 05:33:00,2026-09-25,1090,30847.80,techo,rota,False,3 cierres seguidos mas alla,2026-09-25 05:41:00,8,6.45,6.45,6.45,3,False,['dom1'],[],,,,,,,,,,,,
12078,2026-09-25 08:33:00,2026-09-25,1091,30930.84,techo,sostenido,False,giro de 15 pts,2026-09-25 08:39:00,6,3.16,3.16,3.16,1,True,['dom0'],[],19.59,22.75,19.59,2026-09-25 08:39:00,6.00,re-rotura,False,2026-09-25 08:45:00,30847.80,83.04,False,
12087,2026-09-25 08:42:00,2026-09-25,1091,30930.84,techo,rota,False,cierre mas alla de +5 con cuerpo 5.00,2026-09-25 08:45:00,3,10.16,10.16,10.16,3,False,['dom0'],[],,,,,,,,,,,,
12095,2026-09-25 08:50:00,2026-09-25,1091,30930.84,piso,sostenido,False,giro de 15 pts,2026-09-25 08:55:00,5,0.09,0.09,0.09,0,False,['dom0'],[],32.16,32.25,32.16,2026-09-25 09:15:00,25.00,re-rotura,False,2026-09-25 09:46:00,,,,
12284,2026-09-25 11:59:00,2026-09-25,1113,30959.00,piso,sostenido,False,giro de 15 pts,2026-09-25 12:01:00,2,3.50,3.50,3.50,0,True,"['dom0', 'dom1']",[],19.50,23.00,19.50,2026-09-25 12:01:00,2.00,re-rotura,False,2026-09-25 12:10:00,31041.23,82.23,False,
12286,2026-09-25 12:01:00,2026-09-25,1117,30976.84,techo,sostenido,False,giro de 15 pts,2026-09-25 12:09:00,8,1.66,1.66,1.66,0,False,"['dom0', 'dom1']",[],292.84,294.50,292.84,2026-09-25 14:19:00,138.00,tope,False,,,,,
12345,2026-09-25 13:00:00,2026-09-25,1119,30856.53,piso,sostenido,False,giro de 15 pts,2026-09-25 13:01:00,1,2.78,2.78,2.78,0,True,"['dom0', 'dom1']",[],52.47,55.25,52.47,2026-09-25 13:13:00,13.00,re-rotura,False,2026-09-25 13:26:00,30897.73,41.20,True,2026-09-25 13:06:00
12936,2026-09-28 00:02:00,2026-09-28,1172,30875.42,techo,rota,False,cierre mas alla de +5 con cuerpo 10.25,2026-09-28 00:03:00,1,10.08,10.08,10.08,1,False,['dom0'],[],,,,,,,,,,,,
12951,2026-09-28 00:17:00,2026-09-28,1172,30875.42,piso,sostenido,False,giro de 15 pts,2026-09-28 00:19:00,2,-1.33,-1.33,1.33,0,False,['dom0'],[],25.08,25.08,25.08,2026-09-28 00:23:00,6.00,re-rotura,False,2026-09-28 00:31:00,30916.87,41.44,False,
12960,2026-09-28 00:26:00,2026-09-28,1172,30875.42,piso,rota,False,3 cierres seguidos mas alla,2026-09-28 00:31:00,5,20.42,20.42,20.42,3,False,['dom0'],[],,,,,,,,,,,,
13077,2026-09-28 02:23:00,2026-09-28,1179,30709.65,piso,sostenido,False,giro de 15 pts,2026-09-28 02:27:00,4,8.65,8.65,8.65,2,True,"['dom0', 'dom1']",[],25.60,34.25,25.60,2026-09-28 02:28:00,5.00,re-rotura,False,2026-09-28 02:30:00,,,,
13084,2026-09-28 02:30:00,2026-09-28,1179,30709.65,piso,rota,False,cierre mas alla de +5 con cuerpo 13.00,2026-09-28 02:30:00,0,7.15,7.15,7.15,1,False,"['dom0', 'dom1']",[],,,,,,,,,,,,
13088,2026-09-28 02:34:00,2026-09-28,1179,30709.65,piso,rota,False,cierre mas alla de +5 con cuerpo 17.25,2026-09-28 02:36:00,2,13.15,13.15,13.15,2,False,"['dom0', 'dom1']",[],,,,,,,,,,,,
13094,2026-09-28 02:40:00,2026-09-28,1179,30709.65,techo,sostenido,False,giro de 15 pts,2026-09-28 02:41:00,1,0.10,0.10,0.10,0,False,"['dom0', 'dom1']",[],128.40,128.50,128.40,2026-09-28 06:30:00,230.00,tope,False,,30668.21,41.44,True,2026-09-28 02:56:00
13110,2026-09-28 02:56:00,2026-09-28,1180,30668.21,piso,sostenido,False,giro de 15 pts,2026-09-28 02:58:00,2,1.21,1.21,1.21,0,False,"['dom0', 'dom1']",[],36.54,37.75,36.54,2026-09-28 03:10:00,14.00,re-rotura,False,2026-09-28 03:32:00,,,,
13136,2026-09-28 03:22:00,2026-09-28,1180,30668.21,piso,sostenido,False,giro de 15 pts,2026-09-28 03:23:00,1,11.21,11.21,11.21,0,True,"['dom0', 'dom1']",[],17.54,28.75,17.54,2026-09-28 03:23:00,1.00,re-rotura,False,2026-09-28 03:32:00,,,,
13139,2026-09-28 03:25:00,2026-09-28,1180,30668.21,piso,rota,False,cierre mas alla de +5 con cuerpo 7.75,2026-09-28 03:32:00,7,12.96,12.96,12.96,5,False,"['dom0', 'dom1']",[],,,,,,,,,,,,
13153,2026-09-28 03:39:00,2026-09-28,1180,30668.21,techo,sostenido,False,giro de 15 pts,2026-09-28 03:40:00,1,-0.21,-0.21,0.21,0,False,"['dom0', 'dom1']",[],17.21,17.21,17.21,2026-09-28 03:40:00,1.00,re-rotura,False,2026-09-28 03:47:00,30585.32,82.89,False,
13156,2026-09-28 03:42:00,2026-09-28,1180,30668.21,techo,rota,False,cierre mas alla de +5 con cuerpo 6.25,2026-09-28 03:47:00,5,8.29,8.29,8.29,2,False,"['dom0', 'dom1']",[],,,,,,,,,,,,
13167,2026-09-28 03:53:00,2026-09-28,1180,30668.21,techo,sostenido,False,giro de 15 pts,2026-09-28 03:55:00,2,4.79,4.79,4.79,1,True,"['dom0', 'dom1']",[],30.71,35.50,30.71,2026-09-28 04:00:00,7.00,re-rotura,False,2026-09-28 04:10:00,30585.32,82.89,False,
13183,2026-09-28 04:09:00,2026-09-28,1180,30668.21,techo,rota,False,cierre mas alla de +5 con cuerpo 7.25,2026-09-28 04:10:00,1,8.04,8.04,8.04,1,False,"['dom0', 'dom1']",[],,,,,,,,,,,,
13221,2026-09-28 04:47:00,2026-09-28,1180,30668.21,piso,sostenido,False,giro de 15 pts,2026-09-28 04:50:00,3,1.46,1.46,1.46,0,False,"['dom0', 'dom1']",[],37.29,38.75,37.29,2026-09-28 05:01:00,14.00,re-rotura,False,2026-09-28 05:13:00,,,,
13245,2026-09-28 05:11:00,2026-09-28,1180,30668.21,piso,rota,False,3 cierres seguidos mas alla,2026-09-28 05:13:00,2,9.96,9.96,9.96,3,False,"['dom0', 'dom1']",[],,,,,,,,,,,,
13251,2026-09-28 05:17:00,2026-09-28,1180,30668.21,piso,rota,False,cierre mas alla de +5 con cuerpo 4.50,2026-09-28 05:19:00,2,12.21,12.21,12.21,2,False,"['dom0', 'dom1']",[],,,,,,,,,,,,
13259,2026-09-28 05:25:00,2026-09-28,1180,30668.21,techo,rota,False,3 cierres seguidos mas alla,2026-09-28 05:28:00,3,8.79,8.79,8.79,3,False,"['dom0', 'dom1']",[],,,,,,,,,,,,
13267,2026-09-28 05:33:00,2026-09-28,1180,30668.21,techo,sostenido,False,giro de 15 pts,2026-09-28 05:36:00,3,3.29,3.29,3.29,0,True,"['dom0', 'dom1']",[],133.21,136.50,39.71,2026-09-28 09:17:00,224.00,tope,False,,30585.32,82.89,True,2026-09-28 06:25:00
13294,2026-09-28 06:00:00,2026-09-28,1180,30668.21,techo,sostenido,False,giro de 15 pts,2026-09-28 06:02:00,2,3.79,3.79,3.79,0,True,"['dom0', 'dom1']",[],133.21,137.00,42.21,2026-09-28 09:17:00,197.00,tope,False,,30585.32,82.89,True,2026-09-28 06:25:00
13303,2026-09-28 06:09:00,2026-09-28,1180,30668.21,techo,sostenido,False,giro de 15 pts,2026-09-28 06:13:00,4,11.04,11.04,11.04,2,True,"['dom0', 'dom1']",[],133.21,144.25,133.21,2026-09-28 09:17:00,188.00,tope,False,,30585.32,82.89,True,2026-09-28 06:25:00
13319,2026-09-28 06:25:00,2026-09-28,1181,30585.32,piso,sostenido,False,giro de 15 pts,2026-09-28 06:26:00,1,2.32,2.32,2.32,0,True,"['dom0', 'dom1']",[],63.93,66.25,15.68,2026-09-28 06:59:00,34.00,re-rotura,False,2026-09-28 07:38:00,30668.21,82.89,False,
13322,2026-09-28 06:28:00,2026-09-28,1181,30585.32,piso,sostenido,False,giro de 15 pts,2026-09-28 06:31:00,3,4.07,4.07,4.07,0,True,"['dom0', 'dom1']",[],63.93,68.00,63.93,2026-09-28 06:59:00,31.00,re-rotura,False,2026-09-28 07:38:00,30668.21,82.89,False,
13384,2026-09-28 07:30:00,2026-09-28,1181,30585.32,piso,sostenido,False,giro de 15 pts,2026-09-28 07:33:00,3,-0.43,-0.43,0.43,0,False,"['dom0', 'dom1']",[],20.68,20.68,16.43,2026-09-28 07:36:00,6.00,re-rotura,False,2026-09-28 07:38:00,30668.21,82.89,False,
13392,2026-09-28 07:38:00,2026-09-28,1181,30585.32,piso,rota,False,cierre mas alla de +5 con cuerpo 13.25,2026-09-28 07:38:00,0,9.07,9.07,9.07,1,False,"['dom0', 'dom1']",[],,,,,,,,,,,,
13397,2026-09-28 07:43:00,2026-09-28,1181,30585.32,piso,rota,False,cierre mas alla de +5 con cuerpo 5.25,2026-09-28 07:44:00,1,14.32,14.32,14.32,2,False,"['dom0', 'dom1']",[],,,,,,,,,,,,
13452,2026-09-28 08:38:00,2026-09-28,1181,30585.32,piso,sostenido,False,giro de 15 pts,2026-09-28 08:47:00,9,14.32,14.32,14.32,3,True,"['dom0', 'dom1']",[],19.68,34.00,19.68,2026-09-28 08:47:00,9.00,re-rotura,False,2026-09-28 08:56:00,30668.21,82.89,False,
13466,2026-09-28 08:52:00,2026-09-28,1181,30585.32,piso,rota,False,3 cierres seguidos mas alla,2026-09-28 08:56:00,4,9.32,9.32,9.32,3,False,"['dom0', 'dom1']",[],,,,,,,,,,,,
13476,2026-09-28 09:02:00,2026-09-28,1181,30585.32,piso,rota,False,cierre mas alla de +5 con cuerpo 15.50,2026-09-28 09:02:00,0,9.07,9.07,9.07,1,False,"['dom0', 'dom1']",[],,,,,,,,,,,,
13495,2026-09-28 09:21:00,2026-09-28,1181,30587.80,techo,sostenido,False,giro de 15 pts,2026-09-28 09:26:00,5,3.20,3.20,3.20,0,True,"['dom0', 'dom1']",[],29.55,32.75,22.30,2026-09-28 09:35:00,14.00,re-rotura,False,2026-09-28 09:45:00,,,,
13519,2026-09-28 09:45:00,2026-09-28,1198,30598.59,techo,rota,False,3 cierres seguidos mas alla,2026-09-28 09:51:00,6,10.41,10.41,10.41,4,False,['dom0'],[],,,,,,,,,,,,
13533,2026-09-28 09:59:00,2026-09-28,1202,30595.27,techo,rota,False,cierre mas alla de +5 con cuerpo 8.50,2026-09-28 10:00:00,1,10.23,10.23,10.23,1,False,['dom0'],[],,,,,,,,,,,,
13539,2026-09-28 10:05:00,2026-09-28,1202,30596.51,piso,rota,False,cierre mas alla de +5 con cuerpo 7.75,2026-09-28 10:06:00,1,11.26,11.26,11.26,1,False,['dom0'],[],,,,,,,,,,,,
13546,2026-09-28 10:12:00,2026-09-28,1206,30576.19,techo,sostenido,False,giro de 15 pts,2026-09-28 10:13:00,1,7.31,7.31,7.31,0,True,['dom0'],[],19.19,26.50,19.19,2026-09-28 10:13:00,1.00,re-rotura,False,2026-09-28 10:35:00,,,,
13549,2026-09-28 10:15:00,2026-09-28,1206,30576.19,techo,sostenido,False,giro de 15 pts,2026-09-28 10:27:00,12,3.56,3.56,3.56,0,True,['dom0'],[],18.94,22.50,18.94,2026-09-28 10:27:00,12.00,re-rotura,False,2026-09-28 10:35:00,30541.69,34.49,False,
13586,2026-09-28 10:52:00,2026-09-28,1214,30603.99,techo,rota,False,cierre mas alla de +5 con cuerpo 10.75,2026-09-28 10:52:00,0,12.26,12.26,12.26,1,False,['dom0'],[],,,,,,,,,,,,
13594,2026-09-28 11:00:00,2026-09-28,1211,30606.06,techo,rota,False,cierre mas alla de +5 con cuerpo 44.50,2026-09-28 11:00:00,0,37.94,37.94,37.94,1,False,['dom0'],[],,,,,,,,,,,,
13598,2026-09-28 11:04:00,2026-09-28,1211,30606.06,piso,rota,False,cierre mas alla de +5 con cuerpo 14.00,2026-09-28 11:05:00,1,9.31,9.31,9.31,1,False,['dom0'],[],,,,,,,,,,,,
13599,2026-09-28 11:05:00,2026-09-28,1218,30597.34,piso,rota,False,cierre mas alla de +5 con cuerpo 5.25,2026-09-28 11:11:00,6,8.84,8.84,8.84,2,False,['dom0'],[],,,,,,,,,,,,
13616,2026-09-28 11:22:00,2026-09-28,1223,30623.42,techo,rota,False,cierre mas alla de +5 con cuerpo 5.50,2026-09-28 11:23:00,1,12.83,12.83,12.83,2,False,['dom1'],[],,,,,,,,,,,,
13648,2026-09-28 11:54:00,2026-09-28,1223,30622.59,piso,sostenido,False,giro de 15 pts,2026-09-28 11:56:00,2,-1.66,-1.66,1.66,0,False,['dom1'],[],22.41,22.41,22.41,2026-09-28 11:57:00,3.00,re-rotura,False,2026-09-28 12:03:00,30706.26,83.67,False,
13655,2026-09-28 12:01:00,2026-09-28,1223,30619.69,piso,sostenido,False,giro de 15 pts,2026-09-28 12:04:00,3,9.19,9.19,9.19,1,True,['dom1'],[],139.56,148.75,139.56,2026-09-28 13:32:00,91.00,re-rotura,False,2026-09-28 13:44:00,30703.35,83.66,True,2026-09-28 12:06:00
13660,2026-09-28 12:06:00,2026-09-28,1224,30703.35,techo,rota,False,cierre mas alla de +5 con cuerpo 16.25,2026-09-28 12:06:00,0,8.90,8.90,8.90,1,False,"['dom0', 'dom1']",[],,,,,,,,,,,,
13664,2026-09-28 12:10:00,2026-09-28,1224,30703.35,techo,rota,False,cierre mas alla de +5 con cuerpo 7.75,2026-09-28 12:11:00,1,15.90,15.90,15.90,1,False,"['dom0', 'dom1']",[],,,,,,,,,,,,
13668,2026-09-28 12:14:00,2026-09-28,1224,30703.35,techo,rota,False,cierre mas alla de +5 con cuerpo 4.00,2026-09-28 12:16:00,2,8.90,8.90,8.90,2,False,"['dom0', 'dom1']",[],,,,,,,,,,,,
13676,2026-09-28 12:22:00,2026-09-28,1224,30703.35,piso,rota,False,cierre mas alla de +5 con cuerpo 26.50,2026-09-28 12:22:00,0,8.60,8.60,8.60,1,False,"['dom0', 'dom1']",[],,,,,,,,,,,,
13684,2026-09-28 12:30:00,2026-09-28,1224,30703.35,techo,rota,False,cierre mas alla de +5 con cuerpo 10.25,2026-09-28 12:34:00,4,14.40,14.40,14.40,3,False,"['dom0', 'dom1']",[],,,,,,,,,,,,
14344,2026-09-29 00:31:00,2026-09-29,1367,30513.97,piso,sostenido,False,giro de 15 pts,2026-09-29 00:32:00,1,1.22,1.22,1.22,0,False,['dom1'],[],48.78,50.00,48.78,2026-09-29 00:36:00,5.00,re-rotura,False,2026-09-29 00:49:00,,,,
14362,2026-09-29 00:49:00,2026-09-29,1367,30513.97,piso,rota,False,cierre mas alla de +5 con cuerpo 18.75,2026-09-29 00:49:00,0,13.22,13.22,13.22,1,False,['dom1'],[],,,,,,,,,,,,
14368,2026-09-29 00:55:00,2026-09-29,1367,30513.97,techo,sostenido,False,giro de 15 pts,2026-09-29 00:57:00,2,5.03,5.03,5.03,1,True,['dom1'],[],26.97,32.00,16.97,2026-09-29 01:00:00,5.00,re-rotura,False,2026-09-29 01:02:00,30472.51,41.46,False,
14373,2026-09-29 01:00:00,2026-09-29,1367,30513.97,techo,rota,False,cierre mas alla de +5 con cuerpo 10.75,2026-09-29 01:02:00,2,15.78,15.78,15.78,2,False,['dom1'],[],,,,,,,,,,,,
14377,2026-09-29 01:04:00,2026-09-29,1367,30513.97,piso,rota,False,3 cierres seguidos mas alla,2026-09-29 01:06:00,2,15.72,15.72,15.72,3,False,['dom1'],[],,,,,,,,,,,,
14385,2026-09-29 01:12:00,2026-09-29,1372,30472.51,piso,rota,False,cierre mas alla de +5 con cuerpo 10.75,2026-09-29 01:17:00,5,14.76,14.76,14.76,2,False,['dom0'],[],,,,,,,,,,,,
14395,2026-09-29 01:22:00,2026-09-29,1372,30472.51,techo,rota,False,cierre mas alla de +5 con cuerpo 14.00,2026-09-29 01:25:00,3,7.99,7.99,7.99,1,False,['dom0'],[],,,,,,,,,,,,
14413,2026-09-29 01:40:00,2026-09-29,1367,30513.97,techo,sostenido,False,giro de 15 pts,2026-09-29 01:43:00,3,1.53,1.53,1.53,0,False,['dom1'],[],34.47,36.00,18.47,2026-09-29 02:06:00,26.00,re-rotura,False,2026-09-29 02:18:00,30472.51,41.46,False,
14417,2026-09-29 01:44:00,2026-09-29,1367,30513.97,techo,sostenido,False,giro de 15 pts,2026-09-29 01:47:00,3,4.03,4.03,4.03,1,True,['dom1'],[],34.47,38.50,26.22,2026-09-29 02:06:00,22.00,re-rotura,False,2026-09-29 02:18:00,30472.51,41.46,False,
14425,2026-09-29 01:52:00,2026-09-29,1367,30513.97,techo,sostenido,False,giro de 15 pts,2026-09-29 01:55:00,3,-0.47,-0.47,0.47,0,False,['dom1'],[],34.47,34.47,34.47,2026-09-29 02:06:00,14.00,re-rotura,False,2026-09-29 02:18:00,30472.51,41.46,False,
14446,2026-09-29 02:13:00,2026-09-29,1367,30513.97,techo,sostenido,False,giro de 15 pts,2026-09-29 02:17:00,4,8.28,8.28,8.28,1,True,['dom1'],[],15.47,23.75,15.47,2026-09-29 02:17:00,4.00,re-rotura,False,2026-09-29 02:18:00,30472.51,41.46,False,
14451,2026-09-29 02:18:00,2026-09-29,1367,30513.97,techo,rota,False,cierre mas alla de +5 con cuerpo 16.00,2026-09-29 02:18:00,0,15.78,15.78,15.78,1,False,['dom1'],[],,,,,,,,,,,,
14454,2026-09-29 02:21:00,2026-09-29,1367,30513.97,piso,rota,False,cierre mas alla de +5 con cuerpo 5.50,2026-09-29 02:28:00,7,10.72,10.72,10.72,3,False,['dom1'],[],,,,,,,,,,,,
14462,2026-09-29 02:29:00,2026-09-29,1367,30513.97,techo,sostenido,False,giro de 15 pts,2026-09-29 02:31:00,2,4.78,4.78,4.78,0,True,['dom1'],[],142.22,147.00,142.22,2026-09-29 05:35:00,186.00,re-rotura,False,2026-09-29 06:29:00,30472.51,41.46,True,2026-09-29 02:36:00
14469,2026-09-29 02:36:00,2026-09-29,1372,30472.51,piso,sostenido,False,giro de 15 pts,2026-09-29 02:38:00,2,-0.99,-0.99,0.99,0,False,['dom0'],[],24.74,24.74,24.74,2026-09-29 02:39:00,3.00,re-rotura,False,2026-09-29 02:51:00,30513.97,41.46,False,
14475,2026-09-29 02:42:00,2026-09-29,1372,30472.51,piso,sostenido,False,giro de 15 pts,2026-09-29 02:46:00,4,2.01,2.01,2.01,1,True,['dom0'],[],17.49,19.50,17.49,2026-09-29 02:46:00,4.00,re-rotura,False,2026-09-29 02:51:00,30513.97,41.46,False,
14482,2026-09-29 02:49:00,2026-09-29,1372,30472.51,piso,rota,False,cierre mas alla de +5 con cuerpo 16.00,2026-09-29 02:51:00,2,16.76,16.76,16.76,1,False,['dom0'],[],,,,,,,,,,,,
14494,2026-09-29 03:01:00,2026-09-29,1372,30472.51,techo,sostenido,False,giro de 15 pts,2026-09-29 03:04:00,3,6.74,6.74,6.74,2,True,['dom0'],[],60.01,66.75,60.01,2026-09-29 03:14:00,13.00,re-rotura,False,2026-09-29 03:36:00,,,,
14513,2026-09-29 03:20:00,2026-09-29,1372,30472.51,techo,rota,False,cierre mas alla de +5 con cuerpo 12.00,2026-09-29 03:36:00,16,10.49,10.49,10.49,5,False,['dom0'],[],,,,,,,,,,,,
14533,2026-09-29 03:40:00,2026-09-29,1372,30472.51,piso,sostenido,False,giro de 15 pts,2026-09-29 03:41:00,1,-1.24,-1.24,1.24,0,False,['dom0'],[],27.49,27.49,27.49,2026-09-29 03:42:00,2.00,re-rotura,False,2026-09-29 03:50:00,30513.97,41.46,False,
14539,2026-09-29 03:46:00,2026-09-29,1372,30472.51,piso,rota,False,cierre mas alla de +5 con cuerpo 9.00,2026-09-29 03:50:00,4,10.01,10.01,10.01,3,False,['dom0'],[],,,,,,,,,,,,
14681,2026-09-29 06:08:00,2026-09-29,1372,30472.51,techo,rota,False,cierre mas alla de +5 con cuerpo 9.00,2026-09-29 06:09:00,1,9.74,9.74,9.74,1,False,['dom0'],[],,,,,,,,,,,,
14690,2026-09-29 06:17:00,2026-09-29,1372,30472.51,piso,sostenido,False,giro de 15 pts,2026-09-29 06:21:00,4,3.51,3.51,3.51,0,True,['dom0'],[],162.49,166.00,162.49,2026-09-29 08:22:00,125.00,tope,False,,30513.97,41.46,True,2026-09-29 06:26:00
14699,2026-09-29 06:26:00,2026-09-29,1367,30513.97,techo,rota,False,cierre mas alla de +5 con cuerpo 9.75,2026-09-29 06:29:00,3,13.28,13.28,13.28,2,False,['dom1'],[],,,,,,,,,,,,
14833,2026-09-29 08:40:00,2026-09-29,1379,30605.54,piso,sostenido,False,giro de 15 pts,2026-09-29 08:43:00,3,-0.46,-0.46,0.46,0,False,['dom1'],[],23.21,23.21,23.21,2026-09-29 08:49:00,9.00,re-rotura,False,2026-09-29 08:52:00,30646.96,41.41,False,
14844,2026-09-29 08:51:00,2026-09-29,1379,30605.54,piso,rota,False,cierre mas alla de +5 con cuerpo 13.00,2026-09-29 08:52:00,1,14.29,14.29,14.29,1,False,['dom1'],[],,,,,,,,,,,,
14852,2026-09-29 08:59:00,2026-09-29,1379,30605.54,techo,sostenido,False,giro de 15 pts,2026-09-29 09:00:00,1,0.46,0.46,0.46,0,False,['dom1'],[],67.79,68.25,17.29,2026-09-29 09:31:00,32.00,re-rotura,False,2026-09-29 10:10:00,,,,
14856,2026-09-29 09:03:00,2026-09-29,1381,30593.10,piso,rota,False,cierre mas alla de +5 con cuerpo 13.50,2026-09-29 09:03:00,0,14.60,14.60,14.60,1,False,['dom1'],[],,,,,,,,,,,,
14965,2026-09-29 10:52:00,2026-09-29,1402,30622.14,techo,rota,False,3 cierres seguidos mas alla,2026-09-29 10:54:00,2,6.61,6.61,6.61,3,False,['dom1'],[],,,,,,,,,,,,
14973,2026-09-29 11:00:00,2026-09-29,1400,30646.13,techo,rota,False,cierre mas alla de +5 con cuerpo 14.25,2026-09-29 11:00:00,0,12.12,12.12,12.12,1,False,"['dom0', 'dom1']",[],,,,,,,,,,,,
14975,2026-09-29 11:02:00,2026-09-29,1400,30646.13,piso,sostenido,False,giro de 15 pts,2026-09-29 11:03:00,1,0.13,0.13,0.13,0,False,"['dom0', 'dom1']",[],22.87,23.00,21.62,2026-09-29 11:06:00,4.00,re-rotura,False,2026-09-29 11:09:00,,,,
14982,2026-09-29 11:09:00,2026-09-29,1400,30644.88,piso,rota,False,cierre mas alla de +5 con cuerpo 11.50,2026-09-29 11:09:00,0,12.88,12.88,12.88,1,False,"['dom0', 'dom1']",[],,,,,,,,,,,,
14988,2026-09-29 11:15:00,2026-09-29,1400,30644.88,techo,rota,False,3 cierres seguidos mas alla,2026-09-29 11:22:00,7,9.12,9.12,9.12,4,False,"['dom0', 'dom1']",[],,,,,,,,,,,,
14996,2026-09-29 11:23:00,2026-09-29,1400,30644.88,piso,sostenido,False,giro de 15 pts,2026-09-29 11:35:00,12,7.13,7.13,7.13,3,True,"['dom0', 'dom1']",[],72.87,80.00,21.87,2026-09-29 12:16:00,53.00,re-rotura,False,2026-09-29 12:47:00,,,,
15022,2026-09-29 11:49:00,2026-09-29,1409,30687.36,techo,rota,False,cierre mas alla de +5 con cuerpo 47.50,2026-09-29 11:49:00,0,15.39,15.39,15.39,1,False,['dom1'],[],,,,,,,,,,,,
15026,2026-09-29 11:53:00,2026-09-29,1409,30687.36,techo,rota,False,cierre mas alla de +5 con cuerpo 8.25,2026-09-29 12:01:00,8,16.39,16.39,16.39,2,False,['dom1'],[],,,,,,,,,,,,
15030,2026-09-29 11:57:00,2026-09-29,1405,30677.40,piso,sostenido,False,giro de 15 pts,2026-09-29 12:00:00,3,-0.85,-0.85,0.85,0,False,"['dom0', 'dom1']",[],40.35,40.35,40.35,2026-09-29 12:16:00,19.00,re-rotura,False,2026-09-29 12:25:00,,,,
15048,2026-09-29 12:15:00,2026-09-29,1410,30718.74,techo,sostenido,False,giro de 15 pts,2026-09-29 12:17:00,2,-0.99,-0.99,0.99,0,False,['dom1'],[],186.74,186.74,90.24,2026-09-29 15:27:00,192.00,tope,False,,30677.40,41.34,True,2026-09-29 12:24:00
15057,2026-09-29 12:24:00,2026-09-29,1405,30677.40,piso,rota,False,cierre mas alla de +5 con cuerpo 10.75,2026-09-29 12:25:00,1,10.65,10.65,10.65,1,False,"['dom0', 'dom1']",[],,,,,,,,,,,,
15077,2026-09-29 12:44:00,2026-09-29,1411,30642.57,piso,rota,False,cierre mas alla de +5 con cuerpo 7.25,2026-09-29 12:47:00,3,11.07,11.07,11.07,3,False,"['dom0', 'dom1']",[],,,,,,,,,,,,
15122,2026-09-29 13:29:00,2026-09-29,1416,30703.57,techo,rota,False,cierre mas alla de +5 con cuerpo 13.00,2026-09-29 13:29:00,0,5.68,5.68,5.68,1,False,['dom1'],[],,,,,,,,,,,,
15592,2026-09-29 22:19:00,2026-09-30,1527,30701.43,techo,rota,False,3 cierres seguidos mas alla,2026-09-29 22:21:00,2,7.32,7.32,7.32,3,False,['dom1'],[],,,,,,,,,,,,
15620,2026-09-29 22:47:00,2026-09-30,1526,30660.83,piso,sostenido,False,giro de 15 pts,2026-09-29 23:06:00,19,0.33,0.33,0.33,0,False,['dom0'],[],76.42,76.75,76.42,2026-09-30 00:06:00,79.00,re-rotura,False,2026-09-30 00:50:00,30702.26,41.43,True,2026-09-29 23:38:00
15668,2026-09-29 23:35:00,2026-09-30,1538,30687.73,techo,rota,False,3 cierres seguidos mas alla,2026-09-29 23:37:00,2,6.52,6.52,6.52,3,False,['dom1'],[],,,,,,,,,,,,
15673,2026-09-29 23:40:00,2026-09-30,1540,30692.29,piso,sostenido,False,giro de 15 pts,2026-09-29 23:55:00,15,2.04,2.04,2.04,0,True,['dom1'],[],44.96,47.00,44.96,2026-09-30 00:06:00,26.00,re-rotura,False,2026-09-30 00:38:00,,,,
15683,2026-09-29 23:50:00,2026-09-30,1536,30696.03,piso,sostenido,False,giro de 15 pts,2026-09-29 23:55:00,5,0.03,0.03,0.03,0,False,['dom1'],[],41.22,41.25,41.22,2026-09-30 00:06:00,16.00,re-rotura,False,2026-09-30 00:36:00,,,,
15740,2026-09-30 00:47:00,2026-09-30,1549,30660.37,piso,rota,False,cierre mas alla de +5 con cuerpo 6.75,2026-09-30 00:50:00,3,7.37,7.37,7.37,2,False,"['dom0', 'dom1']",[],,,,,,,,,,,,
15750,2026-09-30 00:57:00,2026-09-30,1549,30660.37,techo,sostenido,False,giro de 15 pts,2026-09-30 01:00:00,3,0.13,0.13,0.13,0,False,"['dom0', 'dom1']",[],17.12,17.25,17.12,2026-09-30 01:00:00,3.00,re-rotura,False,2026-09-30 01:02:00,30618.99,41.38,False,
15754,2026-09-30 01:01:00,2026-09-30,1549,30660.37,techo,rota,False,cierre mas alla de +5 con cuerpo 10.00,2026-09-30 01:02:00,1,8.88,8.88,8.88,1,False,"['dom0', 'dom1']",[],,,,,,,,,,,,
15822,2026-09-30 02:09:00,2026-09-30,1548,30618.99,piso,rota,False,cierre mas alla de +5 con cuerpo 10.75,2026-09-30 02:10:00,1,11.99,11.99,11.99,1,False,"['dom0', 'dom1']",[],,,,,,,,,,,,
15826,2026-09-30 02:13:00,2026-09-30,1548,30618.99,techo,rota,False,cierre mas alla de +5 con cuerpo 10.50,2026-09-30 02:21:00,8,8.26,8.26,8.26,2,False,"['dom0', 'dom1']",[],,,,,,,,,,,,
15836,2026-09-30 02:23:00,2026-09-30,1548,30618.99,piso,rota,False,cierre mas alla de +5 con cuerpo 6.75,2026-09-30 02:25:00,2,9.99,9.99,9.99,2,False,"['dom0', 'dom1']",[],,,,,,,,,,,,
15860,2026-09-30 02:47:00,2026-09-30,1548,30618.99,techo,sostenido,False,giro de 15 pts,2026-09-30 02:57:00,10,2.51,2.51,2.51,1,True,"['dom0', 'dom1']",[],29.74,32.25,29.74,2026-09-30 02:59:00,12.00,re-rotura,False,2026-09-30 03:32:00,,,,
15904,2026-09-30 03:31:00,2026-09-30,1548,30618.99,techo,rota,False,cierre mas alla de +5 con cuerpo 7.00,2026-09-30 03:32:00,1,11.26,11.26,11.26,1,False,"['dom0', 'dom1']",[],,,,,,,,,,,,
15908,2026-09-30 03:35:00,2026-09-30,1548,30618.99,piso,sostenido,False,giro de 15 pts,2026-09-30 03:36:00,1,1.49,1.49,1.49,0,False,"['dom0', 'dom1']",[],58.01,59.50,58.01,2026-09-30 04:35:00,60.00,re-rotura,False,2026-09-30 05:12:00,30660.37,41.38,True,2026-09-30 04:15:00
15948,2026-09-30 04:15:00,2026-09-30,1549,30660.37,techo,sostenido,False,giro de 15 pts,2026-09-30 04:23:00,8,0.38,0.38,0.38,0,False,"['dom0', 'dom1']",[],15.87,16.25,15.87,2026-09-30 04:23:00,8.00,re-rotura,False,2026-09-30 04:31:00,30618.99,41.38,False,
15959,2026-09-30 04:26:00,2026-09-30,1549,30660.37,techo,rota,False,cierre mas alla de +5 con cuerpo 14.25,2026-09-30 04:31:00,5,6.63,6.63,6.63,1,False,"['dom0', 'dom1']",[],,,,,,,,,,,,
15982,2026-09-30 04:49:00,2026-09-30,1549,30660.37,piso,rota,False,cierre mas alla de +5 con cuerpo 7.50,2026-09-30 04:50:00,1,6.37,6.37,6.37,1,False,"['dom0', 'dom1']",[],,,,,,,,,,,,
15993,2026-09-30 05:00:00,2026-09-30,1549,30660.37,techo,sostenido,False,giro de 15 pts,2026-09-30 05:02:00,2,1.63,1.63,1.63,0,False,"['dom0', 'dom1']",[],120.62,122.25,120.62,2026-09-30 06:47:00,107.00,re-rotura,False,2026-09-30 07:16:00,30618.99,41.38,True,2026-09-30 05:05:00
15998,2026-09-30 05:05:00,2026-09-30,1548,30618.99,piso,sostenido,False,giro de 15 pts,2026-09-30 05:06:00,1,-1.26,-1.26,1.26,0,False,"['dom0', 'dom1']",[],15.01,15.01,15.01,2026-09-30 05:06:00,1.00,re-rotura,False,2026-09-30 05:12:00,30660.37,41.38,False,
16003,2026-09-30 05:10:00,2026-09-30,1548,30618.99,piso,rota,False,cierre mas alla de +5 con cuerpo 12.75,2026-09-30 05:12:00,2,10.49,10.49,10.49,1,False,"['dom0', 'dom1']",[],,,,,,,,,,,,
16014,2026-09-30 05:21:00,2026-09-30,1548,30618.99,techo,sostenido,False,giro de 15 pts,2026-09-30 05:22:00,1,-0.99,-0.99,0.99,0,False,"['dom0', 'dom1']",[],24.99,24.99,16.24,2026-09-30 05:27:00,6.00,re-rotura,False,2026-09-30 05:34:00,,,,
16017,2026-09-30 05:24:00,2026-09-30,1548,30618.99,techo,sostenido,False,giro de 15 pts,2026-09-30 05:25:00,1,-1.24,-1.24,1.24,0,False,"['dom0', 'dom1']",[],24.99,24.99,24.99,2026-09-30 05:27:00,3.00,re-rotura,False,2026-09-30 05:34:00,,,,
16023,2026-09-30 05:30:00,2026-09-30,1548,30618.99,techo,rota,False,cierre mas alla de +5 con cuerpo 7.25,2026-09-30 05:34:00,4,12.51,12.51,12.51,3,False,"['dom0', 'dom1']",[],,,,,,,,,,,,
16032,2026-09-30 05:39:00,2026-09-30,1548,30618.99,piso,rota,False,3 cierres seguidos mas alla,2026-09-30 05:41:00,2,9.99,9.99,9.99,3,False,"['dom0', 'dom1']",[],,,,,,,,,,,,
16051,2026-09-30 05:58:00,2026-09-30,1548,30618.99,techo,rota,False,cierre mas alla de +5 con cuerpo 44.50,2026-09-30 05:58:00,0,20.01,20.01,20.01,1,False,"['dom0', 'dom1']",[],,,,,,,,,,,,
16116,2026-09-30 07:03:00,2026-09-30,1548,30618.99,techo,rota,False,cierre mas alla de +5 con cuerpo 13.75,2026-09-30 07:05:00,2,16.51,16.51,16.51,2,False,"['dom0', 'dom1']",[],,,,,,,,,,,,
16122,2026-09-30 07:09:00,2026-09-30,1548,30618.99,piso,rota,False,cierre mas alla de +5 con cuerpo 8.50,2026-09-30 07:11:00,2,9.99,9.99,9.99,2,False,"['dom0', 'dom1']",[],,,,,,,,,,,,
16129,2026-09-30 07:16:00,2026-09-30,1549,30660.37,techo,rota,False,cierre mas alla de +5 con cuerpo 17.75,2026-09-30 07:16:00,0,6.38,6.38,6.38,1,False,"['dom0', 'dom1']",[],,,,,,,,,,,,
16133,2026-09-30 07:20:00,2026-09-30,1549,30660.37,piso,sostenido,False,giro de 15 pts,2026-09-30 07:23:00,3,0.87,0.87,0.87,0,False,"['dom0', 'dom1']",[],47.13,48.00,24.63,2026-09-30 08:03:00,43.00,re-rotura,False,2026-09-30 08:19:00,,,,
16140,2026-09-30 07:27:00,2026-09-30,1549,30660.37,piso,sostenido,False,giro de 15 pts,2026-09-30 07:36:00,9,8.37,8.37,8.37,3,True,"['dom0', 'dom1']",[],47.13,55.50,47.13,2026-09-30 08:03:00,36.00,re-rotura,False,2026-09-30 08:19:00,,,,
16182,2026-09-30 08:09:00,2026-09-30,1549,30660.37,piso,rota,False,cierre mas alla de +5 con cuerpo 15.50,2026-09-30 08:19:00,10,10.62,10.62,10.62,3,False,"['dom0', 'dom1']",[],,,,,,,,,,,,
16203,2026-09-30 08:30:00,2026-09-30,1549,30660.37,piso,rota,False,cierre mas alla de +5 con cuerpo 11.75,2026-09-30 08:30:00,0,7.62,7.62,7.62,1,False,"['dom0', 'dom1']",[],,,,,,,,,,,,
16205,2026-09-30 08:32:00,2026-09-30,1549,30660.37,techo,rota,False,cierre mas alla de +5 con cuerpo 5.00,2026-09-30 08:34:00,2,11.13,11.13,11.13,2,False,"['dom0', 'dom1']",[],,,,,,,,,,,,
16209,2026-09-30 08:36:00,2026-09-30,1549,30660.37,piso,rota,False,cierre mas alla de +5 con cuerpo 8.50,2026-09-30 08:41:00,5,13.12,13.12,13.12,4,False,"['dom0', 'dom1']",[],,,,,,,,,,,,
16232,2026-09-30 08:59:00,2026-09-30,1548,30618.99,piso,rota,False,cierre mas alla de +5 con cuerpo 10.50,2026-09-30 09:06:00,7,8.99,8.99,8.99,3,False,"['dom0', 'dom1']",[],,,,,,,,,,,,
16241,2026-09-30 09:08:00,2026-09-30,1548,30618.99,techo,sostenido,False,giro de 15 pts,2026-09-30 09:08:00,0,0.51,0.51,0.51,0,False,"['dom0', 'dom1']",[],30.74,31.25,30.74,2026-09-30 09:09:00,1.00,re-rotura,False,2026-09-30 09:14:00,,,,
16245,2026-09-30 09:12:00,2026-09-30,1548,30618.99,techo,rota,False,cierre mas alla de +5 con cuerpo 10.75,2026-09-30 09:14:00,2,13.01,13.01,13.01,2,False,"['dom0', 'dom1']",[],,,,,,,,,,,,
16249,2026-09-30 09:16:00,2026-09-30,1548,30618.99,piso,rota,False,3 cierres seguidos mas alla,2026-09-30 09:23:00,7,7.49,7.49,7.49,3,False,"['dom0', 'dom1']",[],,,,,,,,,,,,
16353,2026-09-30 11:00:00,2026-09-30,1562,30569.52,piso,rota,False,cierre mas alla de +5 con cuerpo 16.25,2026-09-30 11:07:00,7,22.02,22.02,22.02,4,False,['dom0'],[],,,,,,,,,,,,
16364,2026-09-30 11:11:00,2026-09-30,1563,30527.99,piso,sostenido,False,giro de 15 pts,2026-09-30 11:12:00,1,-1.51,-1.51,1.51,0,False,['dom1'],[],25.51,25.51,25.51,2026-09-30 11:13:00,2.00,re-rotura,False,2026-09-30 11:15:00,30569.52,41.53,False,
16368,2026-09-30 11:15:00,2026-09-30,1563,30527.99,piso,rota,False,cierre mas alla de +5 con cuerpo 19.00,2026-09-30 11:15:00,0,8.74,8.74,8.74,1,False,['dom1'],[],,,,,,,,,,,,
16376,2026-09-30 11:23:00,2026-09-30,1564,30562.89,techo,rota,False,3 cierres seguidos mas alla,2026-09-30 11:25:00,2,14.11,14.11,14.11,3,False,"['dom0', 'dom1']",[],,,,,,,,,,,,
16384,2026-09-30 11:31:00,2026-09-30,1566,30584.87,techo,rota,False,cierre mas alla de +5 con cuerpo 6.75,2026-09-30 11:33:00,2,7.38,7.38,7.38,2,False,['dom0'],[],,,,,,,,,,,,
16395,2026-09-30 11:42:00,2026-09-30,1566,30584.87,piso,sostenido,False,giro de 15 pts,2026-09-30 11:46:00,4,3.87,3.87,3.87,2,True,['dom0'],[],15.13,19.00,15.13,2026-09-30 11:46:00,4.00,re-rotura,False,2026-09-30 11:47:00,30606.46,21.59,False,
16400,2026-09-30 11:47:00,2026-09-30,1564,30564.88,piso,rota,False,cierre mas alla de +5 con cuerpo 6.25,2026-09-30 11:50:00,3,14.88,14.88,14.88,3,False,"['dom0', 'dom1']",[],,,,,,,,,,,,
16404,2026-09-30 11:51:00,2026-09-30,1564,30564.88,techo,rota,False,3 cierres seguidos mas alla,2026-09-30 11:55:00,4,7.62,7.62,7.62,3,False,"['dom0', 'dom1']",[],,,,,,,,,,,,
16414,2026-09-30 12:01:00,2026-09-30,1564,30567.04,piso,rota,False,cierre mas alla de +5 con cuerpo 6.75,2026-09-30 12:06:00,5,11.04,11.04,11.04,4,False,"['dom0', 'dom1']",[],,,,,,,,,,,,
16427,2026-09-30 12:14:00,2026-09-30,1566,30587.77,techo,sostenido,False,giro de 15 pts,2026-09-30 12:15:00,1,2.23,2.23,2.23,0,True,['dom0'],[],56.27,58.50,56.27,2026-09-30 12:15:00,1.00,re-rotura,False,2026-09-30 12:27:00,30546.22,41.56,True,2026-09-30 12:15:00
16428,2026-09-30 12:15:00,2026-09-30,1567,30546.22,piso,sostenido,False,giro de 15 pts,2026-09-30 12:19:00,4,14.72,14.72,14.72,0,True,['dom1'],[],359.78,374.50,15.53,2026-09-30 15:50:00,215.00,tope,False,,30587.77,41.56,True,2026-09-30 12:24:00
16433,2026-09-30 12:20:00,2026-09-30,1567,30546.22,piso,sostenido,False,giro de 15 pts,2026-09-30 12:22:00,2,0.72,0.72,0.72,0,False,['dom1'],[],359.78,360.50,359.78,2026-09-30 15:50:00,210.00,tope,False,,30587.77,41.56,True,2026-09-30 12:24:00
16437,2026-09-30 12:24:00,2026-09-30,1566,30587.77,techo,rota,False,cierre mas alla de +5 con cuerpo 9.00,2026-09-30 12:27:00,3,12.23,12.23,12.23,3,False,['dom0'],[],,,,,,,,,,,,
16444,2026-09-30 12:31:00,2026-09-30,1571,30712.45,techo,rota,False,cierre mas alla de +5 con cuerpo 84.50,2026-09-30 12:31:00,0,65.05,65.05,65.05,1,False,['dom1'],[],,,,,,,,,,,,
16444,2026-09-30 12:31:00,2026-09-30,1570,30754.01,techo,rota,False,cierre mas alla de +5 con cuerpo 84.50,2026-09-30 12:31:00,0,23.49,23.49,23.49,1,False,['dom0'],[],,,,,,,,,,,,
16474,2026-09-30 13:01:00,2026-09-30,1573,30750.26,techo,sostenido,False,giro de 15 pts,2026-09-30 13:02:00,1,-1.76,-1.76,1.76,0,False,"['dom0', 'dom1']",[],20.51,20.51,20.51,2026-09-30 13:02:00,1.00,re-rotura,False,2026-09-30 13:07:00,,,,
16490,2026-09-30 13:17:00,2026-09-30,1577,30722.50,piso,rota,False,cierre mas alla de +5 con cuerpo 16.75,2026-09-30 13:19:00,2,16.50,16.50,16.50,2,False,"['dom0', 'dom1']",[],,,,,,,,,,,,
16963,2026-09-30 22:10:00,2026-10-01,1687,30723.30,piso,sostenido,False,giro de 15 pts,2026-09-30 22:16:00,6,11.05,11.05,11.05,2,True,['dom0'],[],122.20,133.25,110.45,2026-10-01 01:34:00,204.00,tope,False,,,,,
17065,2026-09-30 23:52:00,2026-10-01,1719,30828.80,techo,sostenido,False,giro de 15 pts,2026-10-01 00:00:00,8,1.20,1.20,1.20,0,False,['dom0'],[],104.30,105.50,104.30,2026-10-01 00:34:00,42.00,re-rotura,False,2026-10-01 01:13:00,30800.58,28.22,True,2026-10-01 00:02:00
17075,2026-10-01 00:02:00,2026-10-01,1722,30800.58,piso,rota,False,cierre mas alla de +5 con cuerpo 6.25,2026-10-01 00:05:00,3,10.83,10.83,10.83,2,False,['dom0'],[],,,,,,,,,,,,
17080,2026-10-01 00:07:00,2026-10-01,1724,30805.56,techo,sostenido,False,giro de 15 pts,2026-10-01 00:09:00,2,-0.31,-0.31,0.31,0,False,['dom0'],[],81.06,81.06,29.56,2026-10-01 00:34:00,27.00,re-rotura,False,2026-10-01 01:09:00,,,,
17084,2026-10-01 00:11:00,2026-10-01,1724,30805.56,techo,sostenido,False,giro de 15 pts,2026-10-01 00:15:00,4,1.94,1.94,1.94,0,False,['dom0'],[],81.06,83.00,81.06,2026-10-01 00:34:00,23.00,re-rotura,False,2026-10-01 01:09:00,,,,
17095,2026-10-01 00:22:00,2026-10-01,1727,30764.62,piso,rota,False,cierre mas alla de +5 con cuerpo 7.50,2026-10-01 00:23:00,1,12.37,12.37,12.37,2,False,['dom1'],[],,,,,,,,,,,,
17101,2026-10-01 00:28:00,2026-10-01,1727,30764.62,piso,rota,False,cierre mas alla de +5 con cuerpo 9.25,2026-10-01 00:29:00,1,11.12,11.12,11.12,1,False,['dom1'],[],,,,,,,,,,,,
17114,2026-10-01 00:41:00,2026-10-01,1727,30764.62,techo,rota,False,cierre mas alla de +5 con cuerpo 12.75,2026-10-01 00:44:00,3,22.88,22.88,22.88,2,False,['dom1'],[],,,,,,,,,,,,
17120,2026-10-01 00:47:00,2026-10-01,1727,30764.62,piso,rota,False,cierre mas alla de +5 con cuerpo 4.75,2026-10-01 00:54:00,7,14.37,14.37,14.37,2,False,['dom1'],[],,,,,,,,,,,,
17140,2026-10-01 01:07:00,2026-10-01,1724,30805.97,techo,rota,False,cierre mas alla de +5 con cuerpo 5.00,2026-10-01 01:09:00,2,6.78,6.78,6.78,2,False,['dom0'],[],,,,,,,,,,,,
17148,2026-10-01 01:15:00,2026-10-01,1724,30805.97,piso,sostenido,False,giro de 15 pts,2026-10-01 01:19:00,4,1.97,1.97,1.97,0,False,['dom0'],[],218.53,220.50,39.53,2026-10-01 05:14:00,239.00,tope,False,,30888.67,82.70,True,2026-10-01 03:03:00
17182,2026-10-01 01:49:00,2026-10-01,1724,30805.97,piso,sostenido,False,giro de 15 pts,2026-10-01 01:50:00,1,-0.78,-0.78,0.78,0,False,['dom0'],[],271.03,271.03,271.03,2026-10-01 05:35:00,226.00,tope,False,,30888.67,82.70,True,2026-10-01 03:03:00
17256,2026-10-01 03:03:00,2026-10-01,1728,30888.67,techo,sostenido,False,giro de 15 pts,2026-10-01 03:04:00,1,-1.17,-1.17,1.17,0,False,"['dom0', 'dom1']",[],28.42,28.42,28.42,2026-10-01 03:36:00,33.00,re-rotura,False,2026-10-01 03:50:00,30805.97,82.70,False,
17298,2026-10-01 03:45:00,2026-10-01,1728,30888.67,techo,rota,False,cierre mas alla de +5 con cuerpo 7.00,2026-10-01 03:50:00,5,8.08,8.08,8.08,2,False,"['dom0', 'dom1']",[],,,,,,,,,,,,
17378,2026-10-01 05:05:00,2026-10-01,1730,31012.72,techo,rota,False,cierre mas alla de +5 con cuerpo 6.25,2026-10-01 05:09:00,4,8.78,8.78,8.78,2,False,['dom0'],[],,,,,,,,,,,,
17384,2026-10-01 05:11:00,2026-10-01,1730,31012.72,piso,sostenido,False,giro de 15 pts,2026-10-01 05:19:00,8,5.47,5.47,5.47,2,True,['dom0'],[],137.53,143.00,137.53,2026-10-01 06:11:00,60.00,re-rotura,False,2026-10-01 07:12:00,,,,
17438,2026-10-01 06:05:00,2026-10-01,1733,31136.77,techo,sostenido,False,giro de 15 pts,2026-10-01 06:05:00,0,-1.27,-1.27,1.27,0,False,"['dom0', 'dom1']",[],20.77,20.77,20.77,2026-10-01 06:08:00,3.00,re-rotura,False,2026-10-01 06:10:00,31095.42,41.35,False,
17443,2026-10-01 06:10:00,2026-10-01,1733,31136.77,techo,rota,False,cierre mas alla de +5 con cuerpo 23.00,2026-10-01 06:10:00,0,13.23,13.23,13.23,1,False,"['dom0', 'dom1']",[],,,,,,,,,,,,
17447,2026-10-01 06:14:00,2026-10-01,1733,31136.77,techo,sostenido,False,giro de 15 pts,2026-10-01 06:17:00,3,7.73,7.73,7.73,1,True,"['dom0', 'dom1']",[],379.77,387.50,25.52,2026-10-01 08:33:00,139.00,tope,False,,31095.42,41.35,True,2026-10-01 06:36:00
17455,2026-10-01 06:22:00,2026-10-01,1733,31136.77,techo,sostenido,False,giro de 15 pts,2026-10-01 06:24:00,2,2.73,2.73,2.73,0,True,"['dom0', 'dom1']",[],379.77,382.50,27.52,2026-10-01 08:33:00,131.00,tope,False,,31095.42,41.35,True,2026-10-01 06:36:00
17462,2026-10-01 06:29:00,2026-10-01,1733,31136.77,techo,sostenido,False,giro de 15 pts,2026-10-01 06:31:00,2,4.98,4.98,4.98,0,True,"['dom0', 'dom1']",[],379.77,384.75,379.77,2026-10-01 08:33:00,124.00,tope,False,,31095.42,41.35,True,2026-10-01 06:36:00
17495,2026-10-01 07:02:00,2026-10-01,1730,31012.72,piso,sostenido,False,giro de 15 pts,2026-10-01 07:04:00,2,1.47,1.47,1.47,0,False,['dom0'],[],30.78,32.25,30.78,2026-10-01 07:09:00,7.00,re-rotura,False,2026-10-01 07:12:00,,,,
17505,2026-10-01 07:12:00,2026-10-01,1730,31012.72,piso,rota,False,cierre mas alla de +5 con cuerpo 35.50,2026-10-01 07:12:00,0,21.22,21.22,21.22,1,False,['dom0'],[],,,,,,,,,,,,
17517,2026-10-01 07:24:00,2026-10-01,1737,30888.67,piso,rota,False,cierre mas alla de +5 con cuerpo 19.75,2026-10-01 07:25:00,1,17.17,17.17,17.17,1,False,"['dom0', 'dom1']",[],,,,,,,,,,,,
17521,2026-10-01 07:28:00,2026-10-01,1738,30805.97,piso,sostenido,False,giro de 15 pts,2026-10-01 07:30:00,2,9.47,9.47,9.47,1,True,['dom0'],[],100.53,110.00,100.53,2026-10-01 08:05:00,37.00,re-rotura,False,2026-10-01 08:29:00,30888.67,82.70,True,2026-10-01 07:54:00
17547,2026-10-01 07:54:00,2026-10-01,1737,30888.67,techo,sostenido,False,giro de 15 pts,2026-10-01 07:57:00,3,9.83,9.83,9.83,1,True,"['dom0', 'dom1']",[],45.17,55.00,45.17,2026-10-01 08:02:00,8.00,re-rotura,False,2026-10-01 08:04:00,30805.97,82.70,False,
17556,2026-10-01 08:03:00,2026-10-01,1737,30888.67,techo,rota,False,cierre mas alla de +5 con cuerpo 15.00,2026-10-01 08:04:00,1,9.33,9.33,9.33,1,False,"['dom0', 'dom1']",[],,,,,,,,,,,,
17573,2026-10-01 08:20:00,2026-10-01,1738,30805.97,piso,sostenido,False,giro de 15 pts,2026-10-01 08:23:00,3,13.47,13.47,13.47,2,True,['dom0'],[],27.78,41.25,18.28,2026-10-01 08:27:00,7.00,re-rotura,False,2026-10-01 08:29:00,30888.67,82.70,False,
17581,2026-10-01 08:28:00,2026-10-01,1738,30805.97,piso,rota,False,cierre mas alla de +5 con cuerpo 19.50,2026-10-01 08:29:00,1,22.22,22.22,22.22,2,False,['dom0'],[],,,,,,,,,,,,
17584,2026-10-01 08:31:00,2026-10-01,1739,30764.62,piso,rota,False,cierre mas alla de +5 con cuerpo 7.50,2026-10-01 08:32:00,1,6.12,6.12,6.12,1,False,['dom1'],[],,,,,,,,,,,,
17590,2026-10-01 08:37:00,2026-10-01,1738,30805.97,techo,rota,False,cierre mas alla de +5 con cuerpo 23.25,2026-10-01 08:37:00,0,15.28,15.28,15.28,1,False,['dom0'],[],,,,,,,,,,,,
17596,2026-10-01 08:43:00,2026-10-01,1738,30805.97,piso,rota,False,cierre mas alla de +5 con cuerpo 13.00,2026-10-01 08:45:00,2,12.97,12.97,12.97,1,False,['dom0'],[],,,,,,,,,,,,
17600,2026-10-01 08:47:00,2026-10-01,1738,30805.97,techo,sostenido,False,giro de 15 pts,2026-10-01 08:47:00,0,-1.97,-1.97,1.97,0,False,['dom0'],[],19.47,19.47,15.22,2026-10-01 08:48:00,1.00,re-rotura,False,2026-10-01 08:50:00,,,,
17607,2026-10-01 08:54:00,2026-10-01,1738,30805.97,piso,sostenido,False,giro de 15 pts,2026-10-01 08:55:00,1,3.22,3.22,3.22,0,True,['dom0'],[],98.78,102.00,98.78,2026-10-01 09:35:00,41.00,re-rotura,False,2026-10-01 10:04:00,30888.67,82.70,True,2026-10-01 09:14:00
17673,2026-10-01 10:00:00,2026-10-01,1748,30836.78,piso,rota,False,cierre mas alla de +5 con cuerpo 22.50,2026-10-01 10:00:00,0,14.03,14.03,14.03,1,False,"['dom0', 'dom1']",[],,,,,,,,,,,,
17684,2026-10-01 10:11:00,2026-10-01,1748,30836.78,techo,rota,False,cierre mas alla de +5 con cuerpo 4.25,2026-10-01 10:14:00,3,15.97,15.97,15.97,3,False,"['dom0', 'dom1']",[],,,,,,,,,,,,
17689,2026-10-01 10:16:00,2026-10-01,1748,30836.78,piso,sostenido,False,giro de 15 pts,2026-10-01 10:17:00,1,5.28,5.28,5.28,1,True,"['dom0', 'dom1']",[],112.97,118.25,112.97,2026-10-01 10:52:00,36.00,re-rotura,False,2026-10-01 11:22:00,,,,
17722,2026-10-01 10:49:00,2026-10-01,1759,30926.95,piso,sostenido,False,giro de 15 pts,2026-10-01 10:52:00,3,2.45,2.45,2.45,0,True,['dom0'],[],22.80,25.25,22.80,2026-10-01 10:52:00,3.00,re-rotura,False,2026-10-01 11:00:00,,,,
17729,2026-10-01 10:56:00,2026-10-01,1759,30926.95,piso,rota,False,cierre mas alla de +5 con cuerpo 21.75,2026-10-01 11:00:00,4,10.70,10.70,10.70,1,False,['dom0'],[],,,,,,,,,,,,
17732,2026-10-01 10:59:00,2026-10-01,1762,30940.24,techo,sostenido,False,giro de 15 pts,2026-10-01 11:00:00,1,1.51,1.51,1.51,0,False,"['dom0', 'dom1']",[],380.24,381.75,380.24,2026-10-01 14:23:00,204.00,tope,False,,30857.74,82.51,True,2026-10-01 11:15:00
17741,2026-10-01 11:08:00,2026-10-01,1764,30888.80,piso,rota,False,3 cierres seguidos mas alla,2026-10-01 11:10:00,2,20.30,20.30,20.30,3,False,"['dom0', 'dom1']",[],,,,,,,,,,,,
17744,2026-10-01 11:11:00,2026-10-01,1764,30888.80,techo,sostenido,False,giro de 15 pts,2026-10-01 11:13:00,2,-0.30,-0.30,0.30,0,False,"['dom0', 'dom1']",[],74.05,74.05,74.05,2026-10-01 11:25:00,14.00,re-rotura,False,2026-10-01 11:47:00,30806.43,82.37,False,
17837,2026-10-01 12:44:00,2026-10-01,1786,30847.14,piso,rota,False,cierre mas alla de +5 con cuerpo 15.25,2026-10-01 12:51:00,7,16.14,16.14,16.14,4,False,"['dom0', 'dom1']",[],,,,,,,,,,,,
17853,2026-10-01 13:00:00,2026-10-01,1782,30825.18,techo,sostenido,False,giro de 15 pts,2026-10-01 13:00:00,0,3.32,3.32,3.32,0,True,"['dom0', 'dom1']",[],17.93,21.25,17.93,2026-10-01 13:00:00,0.00,re-rotura,False,2026-10-01 13:02:00,30742.65,82.53,False,
17860,2026-10-01 13:07:00,2026-10-01,1786,30845.90,techo,rota,False,cierre mas alla de +5 con cuerpo 4.75,2026-10-01 13:08:00,1,12.10,12.10,12.10,2,False,"['dom0', 'dom1']",[],,,,,,,,,,,,
18446,2026-10-01 23:53:00,2026-10-02,1965,30841.91,techo,sostenido,False,giro de 15 pts,2026-10-02 00:00:00,7,3.09,3.09,3.09,1,True,['dom1'],[],31.91,35.00,31.91,2026-10-02 00:09:00,16.00,re-rotura,False,2026-10-02 00:11:00,,,,
18463,2026-10-02 00:10:00,2026-10-02,1969,30838.59,techo,rota,False,cierre mas alla de +5 con cuerpo 8.00,2026-10-02 00:11:00,1,13.41,13.41,13.41,1,False,['dom1'],[],,,,,,,,,,,,
18469,2026-10-02 00:16:00,2026-10-02,1962,30871.74,techo,sostenido,False,giro de 15 pts,2026-10-02 00:16:00,0,-0.99,-0.99,0.99,0,False,['dom0'],[],15.24,15.24,15.24,2026-10-02 00:16:00,0.00,re-rotura,False,2026-10-02 00:18:00,,,,
18474,2026-10-02 00:21:00,2026-10-02,1972,30908.19,techo,rota,False,cierre mas alla de +5 con cuerpo 11.00,2026-10-02 00:23:00,2,11.81,11.81,11.81,1,False,['dom1'],[],,,,,,,,,,,,
18480,2026-10-02 00:27:00,2026-10-02,1971,30866.75,piso,rota,False,cierre mas alla de +5 con cuerpo 20.25,2026-10-02 00:27:00,0,15.00,15.00,15.00,1,False,['dom0'],[],,,,,,,,,,,,
18489,2026-10-02 00:36:00,2026-10-02,1971,30866.75,techo,sostenido,False,giro de 15 pts,2026-10-02 00:38:00,2,0.25,0.25,0.25,0,False,['dom0'],[],76.00,76.25,76.00,2026-10-02 01:37:00,61.00,re-rotura,False,2026-10-02 02:16:00,,,,
18542,2026-10-02 01:29:00,2026-10-02,1973,30825.32,techo,sostenido,False,giro de 15 pts,2026-10-02 01:32:00,3,3.93,3.93,3.93,0,True,['dom1'],[],34.57,38.50,23.82,2026-10-02 01:37:00,8.00,re-rotura,False,2026-10-02 01:50:00,,,,
18563,2026-10-02 01:50:00,2026-10-02,1973,30825.32,techo,rota,False,cierre mas alla de +5 con cuerpo 19.25,2026-10-02 01:50:00,0,13.43,13.43,13.43,1,False,['dom1'],[],,,,,,,,,,,,
18572,2026-10-02 01:59:00,2026-10-02,1971,30866.75,techo,sostenido,False,giro de 15 pts,2026-10-02 02:02:00,3,2.25,2.25,2.25,0,True,['dom0'],[],24.75,27.00,15.50,2026-10-02 02:11:00,12.00,re-rotura,False,2026-10-02 02:16:00,,,,
18577,2026-10-02 02:04:00,2026-10-02,1971,30866.75,techo,sostenido,False,giro de 15 pts,2026-10-02 02:07:00,3,0.75,0.75,0.75,0,False,['dom0'],[],24.75,25.50,24.75,2026-10-02 02:11:00,7.00,re-rotura,False,2026-10-02 02:16:00,,,,
18586,2026-10-02 02:13:00,2026-10-02,1971,30866.75,techo,rota,False,cierre mas alla de +5 con cuerpo 13.25,2026-10-02 02:16:00,3,17.50,17.50,17.50,2,False,['dom0'],[],,,,,,,,,,,,
18591,2026-10-02 02:18:00,2026-10-02,1971,30866.75,piso,rota,False,cierre mas alla de +5 con cuerpo 8.00,2026-10-02 02:21:00,3,14.75,14.75,14.75,2,False,['dom0'],[],,,,,,,,,,,,
18599,2026-10-02 02:26:00,2026-10-02,1971,30866.75,techo,rota,False,3 cierres seguidos mas alla,2026-10-02 02:38:00,12,6.50,6.50,6.50,5,False,['dom0'],[],,,,,,,,,,,,
18628,2026-10-02 02:55:00,2026-10-02,1971,30866.75,piso,sostenido,False,giro de 15 pts,2026-10-02 02:57:00,2,-1.75,-1.75,1.75,0,False,['dom0'],[],69.25,69.25,33.25,2026-10-02 05:02:00,127.00,re-rotura,False,2026-10-02 06:18:00,30908.19,41.43,True,2026-10-02 04:24:00
18643,2026-10-02 03:10:00,2026-10-02,1971,30866.75,piso,sostenido,False,giro de 15 pts,2026-10-02 03:12:00,2,1.00,1.00,1.00,0,False,['dom0'],[],69.25,70.25,23.25,2026-10-02 05:02:00,112.00,re-rotura,False,2026-10-02 06:18:00,30908.19,41.43,True,2026-10-02 04:24:00
18670,2026-10-02 03:37:00,2026-10-02,1971,30866.75,piso,sostenido,False,giro de 15 pts,2026-10-02 03:44:00,7,-1.00,-1.00,1.00,0,False,['dom0'],[],69.25,69.25,22.75,2026-10-02 05:02:00,85.00,re-rotura,False,2026-10-02 06:18:00,30908.19,41.43,True,2026-10-02 04:24:00
18681,2026-10-02 03:48:00,2026-10-02,1971,30866.75,piso,sostenido,False,giro de 15 pts,2026-10-02 03:58:00,10,4.75,4.75,4.75,2,True,['dom0'],[],69.25,74.00,69.25,2026-10-02 05:02:00,74.00,re-rotura,False,2026-10-02 06:18:00,30908.19,41.43,True,2026-10-02 04:24:00
18717,2026-10-02 04:24:00,2026-10-02,1972,30908.19,techo,sostenido,False,giro de 15 pts,2026-10-02 04:32:00,8,-0.94,-0.94,0.94,0,False,['dom1'],[],25.19,25.19,25.19,2026-10-02 04:47:00,23.00,re-rotura,False,2026-10-02 04:54:00,30866.75,41.43,False,
18744,2026-10-02 04:51:00,2026-10-02,1972,30908.19,techo,rota,False,3 cierres seguidos mas alla,2026-10-02 04:54:00,3,8.56,8.56,8.56,3,False,['dom1'],[],,,,,,,,,,,,
18757,2026-10-02 05:04:00,2026-10-02,1972,30908.19,piso,rota,False,cierre mas alla de +5 con cuerpo 10.25,2026-10-02 05:05:00,1,11.19,11.19,11.19,1,False,['dom1'],[],,,,,,,,,,,,
18763,2026-10-02 05:10:00,2026-10-02,1972,30908.19,piso,rota,False,cierre mas alla de +5 con cuerpo 5.75,2026-10-02 05:15:00,5,9.19,9.19,9.19,2,False,['dom1'],[],,,,,,,,,,,,
18772,2026-10-02 05:19:00,2026-10-02,1972,30908.19,techo,sostenido,False,giro de 15 pts,2026-10-02 05:25:00,6,1.56,1.56,1.56,0,False,['dom1'],[],67.69,69.25,67.69,2026-10-02 06:48:00,89.00,re-rotura,False,2026-10-02 07:11:00,30866.75,41.43,True,2026-10-02 05:47:00
18800,2026-10-02 05:47:00,2026-10-02,1971,30866.75,piso,sostenido,False,giro de 15 pts,2026-10-02 06:00:00,13,2.25,2.25,2.25,3,True,['dom0'],[],37.00,39.25,37.00,2026-10-02 06:08:00,21.00,re-rotura,False,2026-10-02 06:18:00,30908.19,41.43,False,
18830,2026-10-02 06:17:00,2026-10-02,1971,30866.75,piso,rota,False,cierre mas alla de +5 con cuerpo 11.50,2026-10-02 06:18:00,1,10.50,10.50,10.50,1,False,['dom0'],[],,,,,,,,,,,,
18835,2026-10-02 06:22:00,2026-10-02,1971,30866.75,techo,rota,False,cierre mas alla de +5 con cuerpo 5.25,2026-10-02 06:28:00,6,9.25,9.25,9.25,2,False,['dom0'],[],,,,,,,,,,,,
18867,2026-10-02 06:54:00,2026-10-02,1971,30866.75,techo,rota,False,cierre mas alla de +5 con cuerpo 7.00,2026-10-02 06:55:00,1,10.25,10.25,10.25,2,False,['dom0'],[],,,,,,,,,,,,
18870,2026-10-02 06:57:00,2026-10-02,1971,30866.75,piso,sostenido,False,giro de 15 pts,2026-10-02 07:00:00,3,3.75,3.75,3.75,0,True,['dom0'],[],169.00,172.75,18.75,2026-10-02 09:49:00,172.00,tope,False,,30908.19,41.43,True,2026-10-02 07:10:00
18875,2026-10-02 07:02:00,2026-10-02,1971,30866.75,piso,sostenido,False,giro de 15 pts,2026-10-02 07:04:00,2,0.00,0.00,0.00,0,False,['dom0'],[],169.00,169.00,169.00,2026-10-02 09:49:00,167.00,tope,False,,30908.19,41.43,True,2026-10-02 07:10:00
18883,2026-10-02 07:10:00,2026-10-02,1972,30908.19,techo,rota,False,cierre mas alla de +5 con cuerpo 8.50,2026-10-02 07:11:00,1,10.56,10.56,10.56,2,False,['dom1'],[],,,,,,,,,,,,
18890,2026-10-02 07:17:00,2026-10-02,1972,30908.19,piso,rota,False,cierre mas alla de +5 con cuerpo 20.25,2026-10-02 07:19:00,2,11.19,11.19,11.19,1,False,['dom1'],[],,,,,,,,,,,,
18908,2026-10-02 07:35:00,2026-10-02,1972,30908.19,techo,rota,False,cierre mas alla de +5 con cuerpo 6.25,2026-10-02 07:37:00,2,9.56,9.56,9.56,1,False,['dom1'],[],,,,,,,,,,,,
18923,2026-10-02 07:50:00,2026-10-02,1976,30949.62,techo,rota,False,cierre mas alla de +5 con cuerpo 14.75,2026-10-02 07:56:00,6,16.88,16.88,16.88,3,False,"['dom0', 'dom1']",[],,,,,,,,,,,,
19076,2026-10-02 10:23:00,2026-10-02,1992,30954.25,piso,rota,False,cierre mas alla de +5 con cuerpo 8.50,2026-10-02 10:23:00,0,7.75,7.75,7.75,1,False,['dom1'],[],,,,,,,,,,,,
19086,2026-10-02 10:33:00,2026-10-02,1989,30975.80,techo,rota,False,cierre mas alla de +5 con cuerpo 15.75,2026-10-02 10:34:00,1,18.95,18.95,18.95,2,False,['dom1'],[],,,,,,,,,,,,
19124,2026-10-02 11:11:00,2026-10-02,1992,30953.01,piso,sostenido,False,giro de 15 pts,2026-10-02 11:15:00,4,1.76,1.76,1.76,0,False,['dom1'],[],41.99,43.75,20.99,2026-10-02 11:25:00,14.00,re-rotura,False,2026-10-02 11:43:00,,,,
19129,2026-10-02 11:16:00,2026-10-02,1996,30957.97,piso,sostenido,False,giro de 15 pts,2026-10-02 11:19:00,3,4.47,4.47,4.47,1,True,['dom1'],[],37.03,41.50,37.03,2026-10-02 11:25:00,9.00,re-rotura,False,2026-10-02 11:41:00,,,,
19166,2026-10-02 11:53:00,2026-10-02,2001,30930.82,piso,rota,False,cierre mas alla de +5 con cuerpo 12.50,2026-10-02 11:53:00,0,8.57,8.57,8.57,1,False,['dom0'],[],,,,,,,,,,,,
19170,2026-10-02 11:57:00,2026-10-02,2001,30930.82,techo,rota,False,3 cierres seguidos mas alla,2026-10-02 11:59:00,2,7.43,7.43,7.43,3,False,['dom0'],[],,,,,,,,,,,,
19176,2026-10-02 12:03:00,2026-10-02,2001,30930.82,techo,rota,False,cierre mas alla de +5 con cuerpo 8.00,2026-10-02 12:08:00,5,7.68,7.68,7.68,1,False,['dom0'],[],,,,,,,,,,,,
19201,2026-10-02 12:28:00,2026-10-02,2003,30973.94,techo,rota,False,cierre mas alla de +5 con cuerpo 16.25,2026-10-02 12:29:00,1,26.06,26.06,26.06,1,False,"['dom0', 'dom1']",[],,,,,,,,,,,,
19203,2026-10-02 12:30:00,2026-10-02,2010,31015.24,techo,rota,False,cierre mas alla de +5 con cuerpo 63.00,2026-10-02 12:30:00,0,94.76,94.76,94.76,1,False,['dom1'],[],,,,,,,,,,,,
19220,2026-10-02 12:47:00,2026-10-02,2017,31117.87,techo,rota,False,cierre mas alla de +5 con cuerpo 7.50,2026-10-02 12:48:00,1,12.13,12.13,12.13,1,False,['dom0'],[],,,,,,,,,,,,
19223,2026-10-02 12:50:00,2026-10-02,2017,31117.87,piso,sostenido,False,giro de 15 pts,2026-10-02 12:54:00,4,3.37,3.37,3.37,1,True,['dom0'],[],105.63,109.00,105.63,2026-10-02 13:05:00,15.00,re-rotura,False,2026-10-02 13:30:00,31199.57,81.70,True,2026-10-02 13:03:00
19237,2026-10-02 13:04:00,2026-10-02,2023,31217.04,techo,sostenido,False,giro de 15 pts,2026-10-02 13:05:00,1,6.46,6.46,6.46,0,True,['dom0'],[],161.04,167.50,161.04,2026-10-02 13:32:00,28.00,re-rotura,False,2026-10-02 14:02:00,31134.89,82.15,True,2026-10-02 13:30:00
19242,2026-10-02 13:09:00,2026-10-02,2026,31190.01,techo,sostenido,False,giro de 15 pts,2026-10-02 13:11:00,2,3.99,3.99,3.99,0,True,['dom0'],[],134.01,138.00,134.01,2026-10-02 13:32:00,23.00,re-rotura,False,2026-10-02 14:01:00,31107.93,82.08,True,2026-10-02 13:30:00
19245,2026-10-02 13:12:00,2026-10-02,2028,31163.85,piso,rota,False,cierre mas alla de +5 con cuerpo 6.00,2026-10-02 13:16:00,4,9.85,9.85,9.85,2,False,['dom0'],[],,,,,,,,,,,,
19832,2026-10-05 00:11:00,2026-10-05,2155,31187.86,techo,sostenido,False,giro de 15 pts,2026-10-05 00:12:00,1,5.64,5.64,5.64,0,True,"['dom0', 'dom1']",[],51.86,57.50,32.36,2026-10-05 00:31:00,20.00,re-rotura,False,2026-10-05 01:01:00,,,,
19841,2026-10-05 00:20:00,2026-10-05,2155,31187.86,techo,sostenido,False,giro de 15 pts,2026-10-05 00:25:00,5,1.14,1.14,1.14,0,False,"['dom0', 'dom1']",[],51.86,53.00,51.86,2026-10-05 00:31:00,11.00,re-rotura,False,2026-10-05 01:01:00,,,,
19874,2026-10-05 00:53:00,2026-10-05,2155,31187.86,techo,rota,False,cierre mas alla de +5 con cuerpo 8.25,2026-10-05 01:01:00,8,9.14,9.14,9.14,1,False,"['dom0', 'dom1']",[],,,,,,,,,,,,
19890,2026-10-05 01:09:00,2026-10-05,2155,31187.86,piso,sostenido,False,giro de 15 pts,2026-10-05 01:23:00,14,0.61,0.61,0.61,0,False,"['dom0', 'dom1']",[],36.14,36.75,36.14,2026-10-05 01:40:00,31.00,re-rotura,False,2026-10-05 02:21:00,31229.33,41.47,False,
19940,2026-10-05 01:59:00,2026-10-05,2155,31187.86,piso,sostenido,False,giro de 15 pts,2026-10-05 02:16:00,17,7.11,7.11,7.11,2,True,"['dom0', 'dom1']",[],15.14,22.25,15.14,2026-10-05 02:16:00,17.00,re-rotura,False,2026-10-05 02:21:00,31229.33,41.47,False,
19960,2026-10-05 02:19:00,2026-10-05,2155,31187.86,piso,rota,False,3 cierres seguidos mas alla,2026-10-05 02:21:00,2,10.86,10.86,10.86,3,False,"['dom0', 'dom1']",[],,,,,,,,,,,,
19963,2026-10-05 02:22:00,2026-10-05,2155,31187.86,techo,sostenido,False,giro de 15 pts,2026-10-05 02:31:00,9,0.64,0.64,0.64,0,False,"['dom0', 'dom1']",[],167.61,168.25,167.61,2026-10-05 05:39:00,197.00,tope,False,,,,,
20152,2026-10-05 05:31:00,2026-10-05,2161,31021.97,piso,sostenido,False,giro de 15 pts,2026-10-05 05:32:00,1,-1.28,-1.28,1.28,0,False,['dom0'],[],60.53,60.53,15.28,2026-10-05 06:17:00,46.00,re-rotura,False,2026-10-05 06:40:00,,,,
20156,2026-10-05 05:35:00,2026-10-05,2161,31021.97,piso,sostenido,False,giro de 15 pts,2026-10-05 05:48:00,13,1.72,1.72,1.72,0,False,['dom0'],[],60.53,62.25,60.53,2026-10-05 06:17:00,42.00,re-rotura,False,2026-10-05 06:40:00,,,,
20212,2026-10-05 06:31:00,2026-10-05,2161,31021.97,piso,sostenido,False,giro de 15 pts,2026-10-05 06:32:00,1,-1.03,-1.03,1.03,0,False,['dom0'],[],17.78,17.78,17.78,2026-10-05 06:32:00,1.00,re-rotura,False,2026-10-05 06:40:00,,,,
20216,2026-10-05 06:35:00,2026-10-05,2161,31021.97,piso,sostenido,False,giro de 15 pts,2026-10-05 06:37:00,2,1.97,1.97,1.97,0,False,['dom0'],[],16.53,18.50,16.53,2026-10-05 06:38:00,3.00,re-rotura,False,2026-10-05 06:40:00,,,,
20220,2026-10-05 06:39:00,2026-10-05,2161,31021.97,piso,rota,False,cierre mas alla de +5 con cuerpo 4.50,2026-10-05 06:40:00,1,18.22,18.22,18.22,2,False,['dom0'],[],,,,,,,,,,,,
20223,2026-10-05 06:42:00,2026-10-05,2161,31021.97,techo,sostenido,False,giro de 15 pts,2026-10-05 06:52:00,10,8.03,8.03,8.03,3,True,['dom0'],[],16.22,24.25,16.22,2026-10-05 06:52:00,10.00,re-rotura,False,2026-10-05 06:53:00,30980.49,41.47,False,
20242,2026-10-05 07:01:00,2026-10-05,2161,31021.97,piso,sostenido,False,giro de 15 pts,2026-10-05 07:01:00,0,-0.03,-0.03,0.03,0,False,['dom0'],[],77.28,77.28,77.28,2026-10-05 08:16:00,75.00,re-rotura,False,2026-10-05 08:42:00,,,,
20337,2026-10-05 08:36:00,2026-10-05,2161,31021.97,piso,sostenido,False,giro de 15 pts,2026-10-05 08:38:00,2,8.72,8.72,8.72,1,True,['dom0'],[],18.53,27.25,18.53,2026-10-05 08:39:00,3.00,re-rotura,False,2026-10-05 08:42:00,,,,
20342,2026-10-05 08:41:00,2026-10-05,2161,31021.97,piso,rota,False,cierre mas alla de +5 con cuerpo 10.25,2026-10-05 08:42:00,1,13.72,13.72,13.72,2,False,['dom0'],[],,,,,,,,,,,,
20350,2026-10-05 08:49:00,2026-10-05,2161,31021.97,techo,sostenido,False,giro de 15 pts,2026-10-05 08:50:00,1,6.28,6.28,6.28,0,True,['dom0'],[],16.47,22.75,16.47,2026-10-05 08:50:00,1.00,re-rotura,False,2026-10-05 08:51:00,30980.49,41.47,False,
20354,2026-10-05 08:53:00,2026-10-05,2161,31021.97,piso,rota,False,cierre mas alla de +5 con cuerpo 11.25,2026-10-05 08:54:00,1,11.97,11.97,11.97,1,False,['dom0'],[],,,,,,,,,,,,
20361,2026-10-05 09:00:00,2026-10-05,2161,31021.97,piso,sostenido,False,giro de 15 pts,2026-10-05 09:08:00,8,2.97,2.97,2.97,0,True,['dom0'],[],20.03,23.00,20.03,2026-10-05 09:08:00,8.00,re-rotura,False,2026-10-05 09:25:00,31061.33,39.37,False,
20424,2026-10-05 10:03:00,2026-10-05,2173,30987.67,techo,rota,False,cierre mas alla de +5 con cuerpo 13.50,2026-10-05 10:06:00,3,9.33,9.33,9.33,1,False,['dom0'],[],,,,,,,,,,,,
20429,2026-10-05 10:08:00,2026-10-05,2173,30987.67,piso,rota,False,cierre mas alla de +5 con cuerpo 6.25,2026-10-05 10:12:00,4,8.42,8.42,8.42,2,False,['dom0'],[],,,,,,,,,,,,
20435,2026-10-05 10:14:00,2026-10-05,2173,30987.67,techo,rota,False,cierre mas alla de +5 con cuerpo 12.50,2026-10-05 10:14:00,0,7.58,7.58,7.58,1,False,['dom0'],[],,,,,,,,,,,,
20439,2026-10-05 10:18:00,2026-10-05,2173,30987.67,techo,rota,False,cierre mas alla de +5 con cuerpo 9.75,2026-10-05 10:24:00,6,15.08,15.08,15.08,3,False,['dom0'],[],,,,,,,,,,,,
20450,2026-10-05 10:29:00,2026-10-05,2177,30976.48,piso,rota,False,3 cierres seguidos mas alla,2026-10-05 10:32:00,3,7.48,7.48,7.48,3,False,['dom0'],[],,,,,,,,,,,,
20461,2026-10-05 10:40:00,2026-10-05,2177,30976.48,techo,rota,False,3 cierres seguidos mas alla,2026-10-05 10:44:00,4,10.27,10.27,10.27,3,False,['dom0'],[],,,,,,,,,,,,
20481,2026-10-05 11:00:00,2026-10-05,2183,30993.48,piso,sostenido,False,giro de 15 pts,2026-10-05 11:00:00,0,8.48,8.48,8.48,0,True,"['dom0', 'dom1']",[],26.02,34.50,26.02,2026-10-05 11:01:00,1.00,re-rotura,False,2026-10-05 11:09:00,31118.28,124.81,False,
20483,2026-10-05 11:02:00,2026-10-05,2183,30993.48,piso,rota,False,3 cierres seguidos mas alla,2026-10-05 11:09:00,7,7.73,7.73,7.73,5,False,"['dom0', 'dom1']",[],,,,,,,,,,,,
20606,2026-10-05 13:05:00,2026-10-05,2208,30992.65,piso,sostenido,False,giro de 15 pts,2026-10-05 13:09:00,4,4.40,4.40,4.40,1,True,['dom0'],[],282.35,286.75,282.35,2026-10-05 16:53:00,228.00,tope,False,,31034.25,41.60,True,2026-10-05 13:27:00
21084,2026-10-05 22:03:00,2026-10-06,2270,31361.17,techo,rota,False,cierre mas alla de +5 con cuerpo 8.25,2026-10-05 22:04:00,1,10.83,10.83,10.83,1,False,['dom0'],[],,,,,,,,,,,,
21093,2026-10-05 22:12:00,2026-10-06,2270,31358.68,techo,rota,False,3 cierres seguidos mas alla,2026-10-05 22:19:00,7,7.32,7.32,7.32,3,False,['dom0'],[],,,,,,,,,,,,
21111,2026-10-05 22:30:00,2026-10-06,2270,31354.54,piso,rota,False,3 cierres seguidos mas alla,2026-10-05 22:32:00,2,8.54,8.54,8.54,3,False,['dom0'],[],,,,,,,,,,,,
21170,2026-10-05 23:29:00,2026-10-06,2286,31359.10,techo,rota,False,cierre mas alla de +5 con cuerpo 6.00,2026-10-05 23:32:00,3,8.40,8.40,8.40,2,False,['dom0'],[],,,,,,,,,,,,
21175,2026-10-05 23:34:00,2026-10-06,2286,31358.68,piso,rota,False,3 cierres seguidos mas alla,2026-10-05 23:49:00,15,14.43,14.43,14.43,4,False,['dom0'],[],,,,,,,,,,,,
21189,2026-10-05 23:48:00,2026-10-06,2288,31345.42,piso,rota,False,3 cierres seguidos mas alla,2026-10-06 00:02:00,14,8.67,8.67,8.67,3,False,['dom0'],[],,,,,,,,,,,,
21208,2026-10-06 00:07:00,2026-10-06,2290,31352.05,techo,rota,False,cierre mas alla de +5 con cuerpo 19.00,2026-10-06 00:07:00,0,12.45,12.45,12.45,1,False,['dom0'],[],,,,,,,,,,,,
21210,2026-10-06 00:09:00,2026-10-06,2290,31352.05,piso,sostenido,False,giro de 15 pts,2026-10-06 00:11:00,2,0.05,0.05,0.05,0,False,['dom0'],[],60.45,60.50,17.45,2026-10-06 01:10:00,61.00,re-rotura,False,2026-10-06 01:38:00,31393.47,41.42,True,2026-10-06 00:38:00
21226,2026-10-06 00:25:00,2026-10-06,2294,31356.61,piso,sostenido,False,giro de 15 pts,2026-10-06 00:31:00,6,2.86,2.86,2.86,0,True,"['dom0', 'dom1']",[],55.89,58.75,55.89,2026-10-06 01:10:00,45.00,re-rotura,False,2026-10-06 01:35:00,31398.03,41.42,True,2026-10-06 01:01:00
21262,2026-10-06 01:01:00,2026-10-06,2295,31398.03,techo,rota,False,cierre mas alla de +5 con cuerpo 15.50,2026-10-06 01:01:00,0,11.22,11.22,11.22,1,False,"['dom0', 'dom1']",[],,,,,,,,,,,,
21267,2026-10-06 01:06:00,2026-10-06,2295,31398.03,techo,rota,False,3 cierres seguidos mas alla,2026-10-06 01:08:00,2,9.72,9.72,9.72,3,False,"['dom0', 'dom1']",[],,,,,,,,,,,,
21273,2026-10-06 01:12:00,2026-10-06,2295,31398.03,piso,rota,False,cierre mas alla de +5 con cuerpo 18.25,2026-10-06 01:15:00,3,23.53,23.53,23.53,2,False,"['dom0', 'dom1']",[],,,,,,,,,,,,
21280,2026-10-06 01:19:00,2026-10-06,2294,31356.61,piso,rota,False,cierre mas alla de +5 con cuerpo 4.50,2026-10-06 01:35:00,16,16.36,16.36,16.36,2,False,"['dom0', 'dom1']",[],,,,,,,,,,,,
21381,2026-10-06 03:00:00,2026-10-06,2294,31356.61,techo,sostenido,False,giro de 15 pts,2026-10-06 03:10:00,10,-0.36,-0.36,0.36,0,False,"['dom0', 'dom1']",[],15.11,15.11,15.11,2026-10-06 03:10:00,10.00,re-rotura,False,2026-10-06 03:24:00,,,,
21393,2026-10-06 03:12:00,2026-10-06,2294,31356.61,techo,rota,False,3 cierres seguidos mas alla,2026-10-06 03:24:00,12,9.64,9.64,9.64,5,False,"['dom0', 'dom1']",[],,,,,,,,,,,,
21418,2026-10-06 03:37:00,2026-10-06,2294,31356.61,techo,sostenido,False,giro de 15 pts,2026-10-06 03:40:00,3,-0.86,-0.86,0.86,0,False,"['dom0', 'dom1']",[],16.86,16.86,16.86,2026-10-06 03:40:00,3.00,re-rotura,False,2026-10-06 04:06:00,,,,
21431,2026-10-06 03:50:00,2026-10-06,2294,31356.61,techo,rota,False,cierre mas alla de +5 con cuerpo 14.25,2026-10-06 04:06:00,16,7.64,7.64,7.64,3,False,"['dom0', 'dom1']",[],,,,,,,,,,,,
21455,2026-10-06 04:14:00,2026-10-06,2294,31356.61,piso,rota,False,cierre mas alla de +5 con cuerpo 7.00,2026-10-06 04:38:00,24,10.11,10.11,10.11,5,False,"['dom0', 'dom1']",[],,,,,,,,,,,,
21505,2026-10-06 05:04:00,2026-10-06,2294,31356.61,techo,rota,False,3 cierres seguidos mas alla,2026-10-06 05:06:00,2,7.89,7.89,7.89,3,False,"['dom0', 'dom1']",[],,,,,,,,,,,,
21513,2026-10-06 05:12:00,2026-10-06,2294,31356.61,techo,rota,False,cierre mas alla de +5 con cuerpo 9.75,2026-10-06 05:12:00,0,5.89,5.89,5.89,1,False,"['dom0', 'dom1']",[],,,,,,,,,,,,
21515,2026-10-06 05:14:00,2026-10-06,2294,31356.61,piso,sostenido,False,giro de 15 pts,2026-10-06 05:33:00,19,5.86,5.86,5.86,3,True,"['dom0', 'dom1']",[],18.14,24.00,18.14,2026-10-06 05:33:00,19.00,re-rotura,False,2026-10-06 05:42:00,31398.03,41.42,False,
21541,2026-10-06 05:40:00,2026-10-06,2294,31356.61,piso,rota,False,3 cierres seguidos mas alla,2026-10-06 05:42:00,2,5.86,5.86,5.86,3,False,"['dom0', 'dom1']",[],,,,,,,,,,,,
21545,2026-10-06 05:44:00,2026-10-06,2294,31356.61,techo,rota,False,3 cierres seguidos mas alla,2026-10-06 05:47:00,3,4.64,4.64,4.64,3,False,"['dom0', 'dom1']",[],,,,,,,,,,,,
21579,2026-10-06 06:18:00,2026-10-06,2295,31398.03,techo,sostenido,False,giro de 15 pts,2026-10-06 06:29:00,11,-1.78,-1.78,1.78,0,False,"['dom0', 'dom1']",[],58.28,58.28,20.03,2026-10-06 07:08:00,50.00,re-rotura,False,2026-10-06 08:06:00,31356.61,41.42,True,2026-10-06 07:06:00
21606,2026-10-06 06:45:00,2026-10-06,2295,31398.03,techo,sostenido,False,giro de 15 pts,2026-10-06 06:59:00,14,1.47,1.47,1.47,0,False,"['dom0', 'dom1']",[],58.28,59.75,58.28,2026-10-06 07:08:00,23.00,re-rotura,False,2026-10-06 08:06:00,31356.61,41.42,True,2026-10-06 07:06:00
21627,2026-10-06 07:06:00,2026-10-06,2294,31356.61,piso,rota,False,cierre mas alla de +5 con cuerpo 14.50,2026-10-06 07:07:00,1,16.36,16.36,16.36,2,False,"['dom0', 'dom1']",[],,,,,,,,,,,,
21631,2026-10-06 07:10:00,2026-10-06,2294,31356.61,techo,rota,False,cierre mas alla de +5 con cuerpo 14.50,2026-10-06 07:13:00,3,14.39,14.39,14.39,2,False,"['dom0', 'dom1']",[],,,,,,,,,,,,
21652,2026-10-06 07:31:00,2026-10-06,2294,31356.61,piso,sostenido,False,giro de 15 pts,2026-10-06 07:33:00,2,8.36,8.36,8.36,2,True,"['dom0', 'dom1']",[],179.39,187.75,179.39,2026-10-06 11:26:00,235.00,tope,False,,31398.03,41.42,True,2026-10-06 08:01:00
21682,2026-10-06 08:01:00,2026-10-06,2295,31398.03,techo,rota,False,cierre mas alla de +5 con cuerpo 15.25,2026-10-06 08:06:00,5,6.97,6.97,6.97,1,False,"['dom0', 'dom1']",[],,,,,,,,,,,,
21693,2026-10-06 08:12:00,2026-10-06,2295,31398.03,techo,sostenido,False,giro de 15 pts,2026-10-06 08:14:00,2,-0.53,-0.53,0.53,0,False,"['dom0', 'dom1']",[],15.53,15.53,15.53,2026-10-06 08:14:00,2.00,re-rotura,False,2026-10-06 08:16:00,31356.61,41.42,False,
21696,2026-10-06 08:15:00,2026-10-06,2295,31398.03,techo,rota,False,cierre mas alla de +5 con cuerpo 4.75,2026-10-06 08:16:00,1,6.22,6.22,6.22,2,False,"['dom0', 'dom1']",[],,,,,,,,,,,,
21731,2026-10-06 08:50:00,2026-10-06,2295,31398.03,techo,rota,False,cierre mas alla de +5 con cuerpo 8.25,2026-10-06 09:02:00,12,12.47,12.47,12.47,4,False,"['dom0', 'dom1']",[],,,,,,,,,,,,
21751,2026-10-06 09:10:00,2026-10-06,2295,31398.03,piso,sostenido,False,giro de 15 pts,2026-10-06 09:11:00,1,8.78,8.78,8.78,1,True,"['dom0', 'dom1']",[],15.22,24.00,15.22,2026-10-06 09:11:00,1.00,re-rotura,False,2026-10-06 09:12:00,31480.88,82.84,False,
21755,2026-10-06 09:14:00,2026-10-06,2295,31398.03,techo,rota,False,cierre mas alla de +5 con cuerpo 14.25,2026-10-06 09:14:00,0,6.97,6.97,6.97,1,False,"['dom0', 'dom1']",[],,,,,,,,,,,,
21766,2026-10-06 09:25:00,2026-10-06,2302,31419.82,techo,sostenido,False,giro de 15 pts,2026-10-06 09:31:00,6,-1.82,-1.82,1.82,0,False,['dom0'],[],26.82,26.82,17.07,2026-10-06 10:04:00,39.00,re-rotura,False,2026-10-06 10:13:00,31337.13,82.68,False,
21775,2026-10-06 09:34:00,2026-10-06,2302,31419.82,techo,sostenido,False,giro de 15 pts,2026-10-06 10:02:00,28,8.18,8.18,8.18,3,True,['dom0'],[],26.82,35.00,26.82,2026-10-06 10:04:00,30.00,re-rotura,False,2026-10-06 10:13:00,31337.13,82.68,False,
21783,2026-10-06 09:42:00,2026-10-06,2305,31412.36,piso,sostenido,False,giro de 15 pts,2026-10-06 09:51:00,9,6.11,6.11,6.11,2,True,['dom0'],[],15.64,21.75,15.64,2026-10-06 09:51:00,9.00,re-rotura,False,2026-10-06 09:56:00,31453.69,41.33,False,
21793,2026-10-06 09:52:00,2026-10-06,2305,31413.60,piso,rota,False,3 cierres seguidos mas alla,2026-10-06 09:56:00,4,6.10,6.10,6.10,4,False,['dom0'],[],,,,,,,,,,,,
21801,2026-10-06 10:00:00,2026-10-06,2305,31411.53,techo,sostenido,False,giro de 15 pts,2026-10-06 10:03:00,3,-1.53,-1.53,1.53,0,False,['dom0'],[],18.53,18.53,18.53,2026-10-06 10:04:00,4.00,re-rotura,False,2026-10-06 10:09:00,31328.87,82.66,False,
21807,2026-10-06 10:06:00,2026-10-06,2305,31411.53,techo,rota,False,3 cierres seguidos mas alla,2026-10-06 10:09:00,3,10.22,10.22,10.22,3,False,['dom0'],[],,,,,,,,,,,,
21836,2026-10-06 10:35:00,2026-10-06,2313,31442.49,techo,rota,False,3 cierres seguidos mas alla,2026-10-06 10:37:00,2,4.51,4.51,4.51,3,False,['dom1'],[],,,,,,,,,,,,
21876,2026-10-06 11:15:00,2026-10-06,2320,31501.03,techo,sostenido,False,giro de 15 pts,2026-10-06 11:16:00,1,8.22,8.22,8.22,0,True,['dom0'],[],17.28,25.50,17.28,2026-10-06 11:16:00,1.00,re-rotura,False,2026-10-06 11:22:00,31418.46,82.57,False,
21882,2026-10-06 11:21:00,2026-10-06,2321,31505.60,techo,rota,False,cierre mas alla de +5 con cuerpo 10.50,2026-10-06 11:22:00,1,10.65,10.65,10.65,1,False,"['dom0', 'dom1']",[],,,,,,,,,,,,
21891,2026-10-06 11:30:00,2026-10-06,2320,31502.69,piso,sostenido,False,giro de 15 pts,2026-10-06 11:39:00,9,5.19,5.19,5.19,2,True,['dom0'],[],36.56,41.75,16.06,2026-10-06 12:16:00,46.00,re-rotura,False,2026-10-06 12:30:00,,,,
21924,2026-10-06 12:03:00,2026-10-06,2332,31523.79,techo,rota,False,3 cierres seguidos mas alla,2026-10-06 12:13:00,10,5.46,5.46,5.46,5,False,['dom1'],[],,,,,,,,,,,,
21929,2026-10-06 12:08:00,2026-10-06,2334,31514.26,piso,sostenido,False,giro de 15 pts,2026-10-06 12:14:00,6,-0.74,-0.74,0.74,0,False,"['dom0', 'dom1']",[],24.99,24.99,24.99,2026-10-06 12:16:00,8.00,re-rotura,False,2026-10-06 12:27:00,,,,
21939,2026-10-06 12:18:00,2026-10-06,2337,31520.47,piso,rota,False,cierre mas alla de +5 con cuerpo 5.50,2026-10-06 12:24:00,6,11.47,11.47,11.47,3,False,['dom1'],[],,,,,,,,,,,,
21943,2026-10-06 12:22:00,2026-10-06,2334,31515.09,piso,rota,False,cierre mas alla de +5 con cuerpo 7.00,2026-10-06 12:27:00,5,19.09,19.09,19.09,3,False,"['dom0', 'dom1']",[],,,,,,,,,,,,
21972,2026-10-06 12:51:00,2026-10-06,2344,31497.69,techo,sostenido,False,giro de 15 pts,2026-10-06 12:55:00,4,-0.94,-0.94,0.94,0,False,['dom1'],[],19.69,19.69,19.69,2026-10-06 12:57:00,6.00,re-rotura,False,2026-10-06 13:03:00,31415.35,82.35,False,
22006,2026-10-06 13:25:00,2026-10-06,2357,31521.30,techo,rota,False,3 cierres seguidos mas alla,2026-10-06 13:27:00,2,8.45,8.45,8.45,3,False,['dom1'],[],,,,,,,,,,,,
22510,2026-10-06 22:49:00,2026-10-07,2431,31486.38,piso,sostenido,False,giro de 15 pts,2026-10-06 23:01:00,12,-0.62,-0.62,0.62,0,False,['dom0'],[],30.87,30.87,25.37,2026-10-07 00:45:00,116.00,re-rotura,False,2026-10-07 01:05:00,31569.24,82.86,False,
22530,2026-10-06 23:09:00,2026-10-07,2441,31498.81,techo,rota,False,3 cierres seguidos mas alla,2026-10-06 23:12:00,3,6.44,6.44,6.44,3,False,['dom0'],[],,,,,,,,,,,,
22555,2026-10-06 23:34:00,2026-10-07,2431,31487.62,piso,sostenido,False,giro de 15 pts,2026-10-07 00:12:00,38,4.37,4.37,4.37,3,True,['dom0'],[],29.63,34.00,29.63,2026-10-07 00:45:00,71.00,re-rotura,False,2026-10-07 01:05:00,31570.48,82.86,False,
22561,2026-10-06 23:40:00,2026-10-07,2443,31483.89,piso,sostenido,False,giro de 15 pts,2026-10-06 23:44:00,4,-1.61,-1.61,1.61,0,False,['dom0'],[],33.36,33.36,15.86,2026-10-07 00:45:00,65.00,re-rotura,False,2026-10-07 02:00:00,31566.75,82.85,False,
22583,2026-10-07 00:02:00,2026-10-07,2445,31497.57,techo,rota,False,3 cierres seguidos mas alla,2026-10-07 00:14:00,12,7.43,7.43,7.43,3,False,['dom0'],[],,,,,,,,,,,,
22591,2026-10-07 00:10:00,2026-10-07,2447,31493.42,techo,rota,False,cierre mas alla de +5 con cuerpo 6.75,2026-10-07 00:12:00,2,11.58,11.58,11.58,2,False,['dom0'],[],,,,,,,,,,,,
22613,2026-10-07 00:32:00,2026-10-07,2445,31500.88,piso,sostenido,False,giro de 15 pts,2026-10-07 00:36:00,4,-0.12,-0.12,0.12,0,False,['dom0'],[],16.37,16.37,16.37,2026-10-07 00:45:00,13.00,re-rotura,False,2026-10-07 00:50:00,31583.78,82.90,False,
22630,2026-10-07 00:49:00,2026-10-07,2445,31500.88,piso,rota,False,cierre mas alla de +5 con cuerpo 8.75,2026-10-07 00:50:00,1,11.63,11.63,11.63,1,False,['dom0'],[],,,,,,,,,,,,
22661,2026-10-07 01:20:00,2026-10-07,2445,31500.88,techo,sostenido,False,giro de 15 pts,2026-10-07 01:23:00,3,0.12,0.12,0.12,0,False,['dom0'],[],17.38,17.50,17.38,2026-10-07 01:23:00,3.00,re-rotura,False,2026-10-07 01:32:00,,,,
22671,2026-10-07 01:30:00,2026-10-07,2445,31500.88,techo,rota,False,3 cierres seguidos mas alla,2026-10-07 01:32:00,2,11.87,11.87,11.87,3,False,['dom0'],[],,,,,,,,,,,,
22683,2026-10-07 01:42:00,2026-10-07,2445,31500.88,piso,rota,False,cierre mas alla de +5 con cuerpo 7.25,2026-10-07 01:43:00,1,5.63,5.63,5.63,1,False,['dom0'],[],,,,,,,,,,,,
23052,2026-10-07 07:51:00,2026-10-07,2449,31417.98,piso,rota,False,cierre mas alla de +5 con cuerpo 5.75,2026-10-07 07:53:00,2,7.48,7.48,7.48,2,False,['dom1'],[],,,,,,,,,,,,
23058,2026-10-07 07:57:00,2026-10-07,2449,31417.98,techo,rota,False,cierre mas alla de +5 con cuerpo 13.00,2026-10-07 07:58:00,1,7.52,7.52,7.52,1,False,['dom1'],[],,,,,,,,,,,,
23063,2026-10-07 08:02:00,2026-10-07,2449,31417.98,piso,sostenido,False,giro de 15 pts,2026-10-07 08:03:00,1,2.23,2.23,2.23,0,True,['dom1'],[],29.52,31.75,22.52,2026-10-07 08:21:00,19.00,re-rotura,False,2026-10-07 08:52:00,31500.88,82.90,False,
23067,2026-10-07 08:06:00,2026-10-07,2449,31417.98,piso,sostenido,False,giro de 15 pts,2026-10-07 08:10:00,4,3.73,3.73,3.73,1,True,['dom1'],[],29.52,33.25,29.52,2026-10-07 08:21:00,15.00,re-rotura,False,2026-10-07 08:52:00,31500.88,82.90,False,
23091,2026-10-07 08:30:00,2026-10-07,2449,31417.98,piso,rota,False,3 cierres seguidos mas alla,2026-10-07 08:52:00,22,6.48,6.48,6.48,6,False,['dom1'],[],,,,,,,,,,,,
23139,2026-10-07 09:18:00,2026-10-07,2457,31366.71,piso,rota,False,cierre mas alla de +5 con cuerpo 12.50,2026-10-07 09:19:00,1,6.71,6.71,6.71,1,False,['dom0'],[],,,,,,,,,,,,
23149,2026-10-07 09:28:00,2026-10-07,2459,31378.71,techo,sostenido,False,giro de 15 pts,2026-10-07 09:32:00,4,1.79,1.79,1.79,0,False,['dom0'],[],171.96,173.75,171.96,2026-10-07 12:28:00,180.00,tope,False,,31352.04,26.67,True,2026-10-07 09:40:00
23223,2026-10-07 10:42:00,2026-10-07,2474,31306.49,piso,rota,False,cierre mas alla de +5 con cuerpo 7.50,2026-10-07 10:45:00,3,10.49,10.49,10.49,1,False,"['dom0', 'dom1']",[],,,,,,,,,,,,
23231,2026-10-07 10:50:00,2026-10-07,2474,31306.49,techo,sostenido,False,giro de 15 pts,2026-10-07 11:00:00,10,6.26,6.26,6.26,0,True,"['dom0', 'dom1']",[],162.24,168.50,162.24,2026-10-07 13:48:00,178.00,tope,False,,31223.23,83.26,True,2026-10-07 11:30:00
23255,2026-10-07 11:14:00,2026-10-07,2484,31264.56,piso,rota,False,cierre mas alla de +5 con cuerpo 7.50,2026-10-07 11:17:00,3,10.56,10.56,10.56,1,False,"['dom0', 'dom1']",[],,,,,,,,,,,,
23295,2026-10-07 11:54:00,2026-10-07,2494,31250.26,techo,rota,False,cierre mas alla de +5 con cuerpo 7.00,2026-10-07 11:55:00,1,10.49,10.49,10.49,2,False,['dom1'],[],,,,,,,,,,,,
23321,2026-10-07 12:20:00,2026-10-07,2498,31260.53,techo,sostenido,False,giro de 15 pts,2026-10-07 12:21:00,1,9.47,9.47,9.47,0,True,['dom1'],[],53.78,63.25,53.78,2026-10-07 12:28:00,8.00,re-rotura,False,2026-10-07 12:39:00,,,,
23377,2026-10-07 13:16:00,2026-10-07,2503,31262.60,techo,sostenido,False,giro de 15 pts,2026-10-07 13:21:00,5,-1.85,-1.85,1.85,0,False,['dom1'],[],118.35,118.35,47.60,2026-10-07 13:48:00,32.00,re-rotura,False,2026-10-07 14:23:00,,,,
23850,2026-10-07 22:09:00,2026-10-08,2609,31439.34,techo,sostenido,False,giro de 15 pts,2026-10-07 22:16:00,7,0.16,0.16,0.16,0,False,['dom1'],[],19.84,20.00,19.84,2026-10-07 22:16:00,7.00,re-rotura,False,2026-10-07 23:09:00,,,,
23859,2026-10-07 22:18:00,2026-10-08,2613,31426.90,techo,rota,False,3 cierres seguidos mas alla,2026-10-07 22:23:00,5,4.60,4.60,4.60,3,False,['dom1'],[],,,,,,,,,,,,
23930,2026-10-07 23:29:00,2026-10-08,2624,31442.60,piso,sostenido,False,giro de 15 pts,2026-10-07 23:35:00,6,-0.40,-0.40,0.40,0,False,['dom0'],[],17.15,17.15,17.15,2026-10-07 23:35:00,6.00,re-rotura,False,2026-10-07 23:45:00,,,,
23946,2026-10-07 23:45:00,2026-10-08,2626,31436.38,piso,rota,False,3 cierres seguidos mas alla,2026-10-07 23:47:00,2,9.63,9.63,9.63,3,False,['dom0'],[],,,,,,,,,,,,
23951,2026-10-07 23:50:00,2026-10-08,2626,31438.87,techo,sostenido,False,giro de 15 pts,2026-10-08 00:03:00,13,0.88,0.88,0.88,0,False,['dom0'],[],67.12,68.00,67.12,2026-10-08 00:44:00,54.00,re-rotura,False,2026-10-08 01:35:00,31397.50,41.37,True,2026-10-08 00:15:00
23954,2026-10-07 23:53:00,2026-10-08,2628,31430.58,piso,rota,False,cierre mas alla de +5 con cuerpo 7.00,2026-10-08 00:06:00,13,17.83,17.83,17.83,4,False,['dom0'],[],,,,,,,,,,,,
23984,2026-10-08 00:23:00,2026-10-08,2635,31415.71,techo,sostenido,False,giro de 15 pts,2026-10-08 00:25:00,2,-1.21,-1.21,1.21,0,False,"['dom0', 'dom1']",[],43.96,43.96,43.96,2026-10-08 00:44:00,21.00,re-rotura,False,2026-10-08 01:32:00,,,,
24038,2026-10-08 01:17:00,2026-10-08,2635,31415.71,techo,sostenido,False,giro de 15 pts,2026-10-08 01:22:00,5,1.54,1.54,1.54,0,False,"['dom0', 'dom1']",[],24.46,26.00,24.46,2026-10-08 01:22:00,5.00,re-rotura,False,2026-10-08 01:32:00,,,,
24045,2026-10-08 01:24:00,2026-10-08,2635,31415.71,techo,rota,False,cierre mas alla de +5 con cuerpo 9.25,2026-10-08 01:32:00,8,9.79,9.79,9.79,3,False,"['dom0', 'dom1']",[],,,,,,,,,,,,
24113,2026-10-08 02:32:00,2026-10-08,2634,31457.10,techo,rota,False,cierre mas alla de +5 con cuerpo 5.00,2026-10-08 02:34:00,2,9.15,9.15,9.15,2,False,['dom0'],[],,,,,,,,,,,,
24134,2026-10-08 02:53:00,2026-10-08,2635,31415.71,piso,rota,False,3 cierres seguidos mas alla,2026-10-08 02:56:00,3,9.71,9.71,9.71,3,False,"['dom0', 'dom1']",[],,,,,,,,,,,,
24139,2026-10-08 02:58:00,2026-10-08,2635,31415.71,techo,rota,False,3 cierres seguidos mas alla,2026-10-08 03:01:00,3,5.54,5.54,5.54,3,False,"['dom0', 'dom1']",[],,,,,,,,,,,,
24146,2026-10-08 03:05:00,2026-10-08,2635,31415.71,techo,sostenido,False,giro de 15 pts,2026-10-08 03:12:00,7,1.29,1.29,1.29,0,False,"['dom0', 'dom1']",[],212.71,214.00,38.71,2026-10-08 07:04:00,239.00,tope,False,,,,,
24168,2026-10-08 03:27:00,2026-10-08,2635,31415.71,techo,sostenido,False,giro de 15 pts,2026-10-08 03:33:00,6,2.54,2.54,2.54,0,True,"['dom0', 'dom1']",[],219.46,222.00,219.46,2026-10-08 07:06:00,219.00,tope,False,,,,,
24226,2026-10-08 04:25:00,2026-10-08,2636,31374.32,techo,rota,False,cierre mas alla de +5 con cuerpo 8.50,2026-10-08 04:26:00,1,5.68,5.68,5.68,1,False,['dom1'],[],,,,,,,,,,,,
24373,2026-10-08 06:52:00,2026-10-08,2637,31250.15,piso,sostenido,False,giro de 15 pts,2026-10-08 06:59:00,7,1.15,1.15,1.15,0,False,['dom0'],[],18.10,19.25,18.10,2026-10-08 06:59:00,7.00,re-rotura,False,2026-10-08 07:01:00,,,,
24384,2026-10-08 07:03:00,2026-10-08,2639,31208.76,piso,sostenido,False,giro de 15 pts,2026-10-08 07:04:00,1,5.76,5.76,5.76,1,True,"['dom0', 'dom1']",[],19.99,25.75,19.99,2026-10-08 07:05:00,2.00,re-rotura,False,2026-10-08 07:08:00,31250.15,41.39,False,
24387,2026-10-08 07:06:00,2026-10-08,2639,31208.76,piso,sostenido,False,giro de 15 pts,2026-10-08 07:08:00,2,12.51,12.51,12.51,1,True,"['dom0', 'dom1']",[],86.24,98.75,15.49,2026-10-08 08:30:00,84.00,re-rotura,False,2026-10-08 10:20:00,31250.15,41.39,True,2026-10-08 07:20:00
24401,2026-10-08 07:20:00,2026-10-08,2637,31250.15,techo,rota,False,cierre mas alla de +5 con cuerpo 14.50,2026-10-08 07:22:00,2,14.35,14.35,14.35,1,False,['dom0'],[],,,,,,,,,,,,
24406,2026-10-08 07:25:00,2026-10-08,2637,31250.15,piso,rota,False,cierre mas alla de +5 con cuerpo 8.75,2026-10-08 07:26:00,1,9.65,9.65,9.65,1,False,['dom0'],[],,,,,,,,,,,,
24417,2026-10-08 07:36:00,2026-10-08,2637,31250.15,piso,sostenido,False,giro de 15 pts,2026-10-08 07:38:00,2,4.15,4.15,4.15,0,True,['dom0'],[],18.60,22.75,18.60,2026-10-08 07:38:00,2.00,re-rotura,False,2026-10-08 07:55:00,,,,
24421,2026-10-08 07:40:00,2026-10-08,2637,31250.15,piso,sostenido,False,giro de 15 pts,2026-10-08 07:41:00,1,-0.10,-0.10,0.10,0,False,['dom0'],[],16.85,16.85,15.60,2026-10-08 07:42:00,2.00,re-rotura,False,2026-10-08 07:55:00,,,,
24423,2026-10-08 07:42:00,2026-10-08,2637,31250.15,piso,rota,False,3 cierres seguidos mas alla,2026-10-08 07:55:00,13,12.15,12.15,12.15,5,False,['dom0'],[],,,,,,,,,,,,
24446,2026-10-08 08:05:00,2026-10-08,2637,31250.15,techo,rota,False,cierre mas alla de +5 con cuerpo 12.50,2026-10-08 08:05:00,0,13.10,13.10,13.10,1,False,['dom0'],[],,,,,,,,,,,,
24451,2026-10-08 08:10:00,2026-10-08,2637,31250.15,piso,sostenido,False,giro de 15 pts,2026-10-08 08:12:00,2,2.65,2.65,2.65,0,True,['dom0'],[],44.85,47.50,20.60,2026-10-08 08:30:00,20.00,re-rotura,False,2026-10-08 08:41:00,,,,
24455,2026-10-08 08:14:00,2026-10-08,2637,31250.15,piso,sostenido,False,giro de 15 pts,2026-10-08 08:14:00,0,-1.10,-1.10,1.10,0,False,['dom0'],[],44.85,44.85,44.85,2026-10-08 08:30:00,16.00,re-rotura,False,2026-10-08 08:41:00,,,,
24473,2026-10-08 08:32:00,2026-10-08,2637,31250.15,piso,sostenido,False,giro de 15 pts,2026-10-08 08:36:00,4,3.65,3.65,3.65,1,True,['dom0'],[],16.60,20.25,16.60,2026-10-08 08:36:00,4.00,re-rotura,False,2026-10-08 08:41:00,,,,
24487,2026-10-08 08:46:00,2026-10-08,2637,31250.15,piso,rota,False,cierre mas alla de +5 con cuerpo 7.25,2026-10-08 08:48:00,2,10.40,10.40,10.40,1,False,['dom0'],[],,,,,,,,,,,,
24516,2026-10-08 09:15:00,2026-10-08,2644,31241.71,piso,rota,False,cierre mas alla de +5 con cuerpo 8.25,2026-10-08 09:16:00,1,13.71,13.71,13.71,2,False,['dom0'],[],,,,,,,,,,,,
24520,2026-10-08 09:19:00,2026-10-08,2644,31241.71,techo,sostenido,False,giro de 15 pts,2026-10-08 09:24:00,5,-1.96,-1.96,1.96,0,False,['dom0'],[],16.46,16.46,16.46,2026-10-08 09:24:00,5.00,re-rotura,False,2026-10-08 09:31:00,31158.40,83.31,False,
24544,2026-10-08 09:43:00,2026-10-08,2644,31240.46,piso,rota,False,cierre mas alla de +5 con cuerpo 9.25,2026-10-08 09:46:00,3,6.46,6.46,6.46,2,False,['dom0'],[],,,,,,,,,,,,
24558,2026-10-08 09:57:00,2026-10-08,2642,31215.62,piso,sostenido,False,giro de 15 pts,2026-10-08 09:59:00,2,-1.13,-1.13,1.13,0,False,['dom0'],[],16.88,16.88,16.88,2026-10-08 10:00:00,3.00,re-rotura,False,2026-10-08 10:16:00,,,,
24562,2026-10-08 10:01:00,2026-10-08,2642,31215.62,piso,sostenido,False,giro de 15 pts,2026-10-08 10:07:00,6,-1.38,-1.38,1.38,0,False,['dom0'],[],16.88,16.88,16.88,2026-10-08 10:07:00,6.00,re-rotura,False,2026-10-08 10:16:00,,,,
24570,2026-10-08 10:09:00,2026-10-08,2642,31215.62,piso,rota,False,cierre mas alla de +5 con cuerpo 8.50,2026-10-08 10:16:00,7,9.37,9.37,9.37,1,False,['dom0'],[],,,,,,,,,,,,
24586,2026-10-08 10:25:00,2026-10-08,2655,31164.19,piso,rota,False,cierre mas alla de +5 con cuerpo 16.25,2026-10-08 10:29:00,4,12.94,12.94,12.94,2,False,['dom0'],[],,,,,,,,,,,,
24660,2026-10-08 11:39:00,2026-10-08,2666,31188.74,techo,rota,False,cierre mas alla de +5 con cuerpo 16.75,2026-10-08 11:40:00,1,22.01,22.01,22.01,1,False,['dom1'],[],,,,,,,,,,,,
24671,2026-10-08 11:50:00,2026-10-08,2668,31204.76,techo,sostenido,False,giro de 15 pts,2026-10-08 11:52:00,2,-1.01,-1.01,1.01,0,False,"['dom0', 'dom1']",[],34.26,34.26,29.01,2026-10-08 12:16:00,26.00,re-rotura,False,2026-10-08 12:25:00,,,,
24681,2026-10-08 12:00:00,2026-10-08,2671,31175.77,piso,sostenido,False,giro de 15 pts,2026-10-08 12:02:00,2,0.02,0.02,0.02,0,False,['dom0'],[],43.98,44.00,36.98,2026-10-08 12:30:00,30.00,re-rotura,False,2026-10-08 12:51:00,31259.13,83.36,False,
24690,2026-10-08 12:09:00,2026-10-08,2673,31192.33,piso,sostenido,False,giro de 15 pts,2026-10-08 12:12:00,3,4.58,4.58,4.58,1,True,['dom0'],[],17.17,21.75,16.42,2026-10-08 12:13:00,4.00,re-rotura,False,2026-10-08 12:15:00,31275.73,83.40,False,
24694,2026-10-08 12:13:00,2026-10-08,2673,31190.67,piso,rota,False,cierre mas alla de +5 con cuerpo 8.00,2026-10-08 12:15:00,2,18.67,18.67,18.67,2,False,['dom0'],[],,,,,,,,,,,,
24700,2026-10-08 12:19:00,2026-10-08,2673,31193.57,techo,rota,False,cierre mas alla de +5 con cuerpo 9.50,2026-10-08 12:20:00,1,8.43,8.43,8.43,1,False,['dom0'],[],,,,,,,,,,,,
24705,2026-10-08 12:24:00,2026-10-08,2675,31189.43,piso,sostenido,False,giro de 15 pts,2026-10-08 12:25:00,1,-1.82,-1.82,1.82,0,False,['dom0'],[],30.32,30.32,29.57,2026-10-08 12:30:00,6.00,re-rotura,False,2026-10-08 12:34:00,31272.83,83.39,False,
24711,2026-10-08 12:30:00,2026-10-08,2676,31184.46,piso,sostenido,False,giro de 15 pts,2026-10-08 12:32:00,2,-0.54,-0.54,0.54,0,False,['dom0'],[],19.04,19.04,19.04,2026-10-08 12:32:00,2.00,re-rotura,False,2026-10-08 12:45:00,31267.84,83.38,False,
24720,2026-10-08 12:39:00,2026-10-08,2676,31186.95,piso,rota,False,cierre mas alla de +5 con cuerpo 9.00,2026-10-08 12:45:00,6,8.95,8.95,8.95,1,False,['dom0'],[],,,,,,,,,,,,
24730,2026-10-08 12:49:00,2026-10-08,2681,31182.81,techo,sostenido,False,giro de 15 pts,2026-10-08 12:51:00,2,5.94,5.94,5.94,0,True,['dom0'],[],16.31,22.25,16.31,2026-10-08 12:51:00,2.00,re-rotura,False,2026-10-08 12:54:00,,,,
24735,2026-10-08 12:54:00,2026-10-08,2683,31194.82,techo,rota,False,3 cierres seguidos mas alla,2026-10-08 12:59:00,5,6.18,6.18,6.18,3,False,['dom0'],[],,,,,,,,,,,,
24741,2026-10-08 13:00:00,2026-10-08,2683,31191.92,piso,sostenido,False,giro de 15 pts,2026-10-08 13:01:00,1,-1.58,-1.58,1.58,0,False,['dom0'],[],84.08,84.08,84.08,2026-10-08 13:34:00,34.00,re-rotura,False,2026-10-08 13:54:00,31275.32,83.40,True,2026-10-08 13:34:00
24765,2026-10-08 13:24:00,2026-10-08,2694,31239.64,piso,rota,False,cierre mas alla de +5 con cuerpo 4.75,2026-10-08 13:26:00,2,8.14,8.14,8.14,2,False,['dom0'],[],,,,,,,,,,,,
25226,2026-10-08 22:05:00,2026-10-09,2875,31022.97,techo,rota,False,cierre mas alla de +5 con cuerpo 10.00,2026-10-08 22:08:00,3,5.53,5.53,5.53,1,False,"['dom0', 'dom1']",[],,,,,,,,,,,,
25229,2026-10-08 22:08:00,2026-10-09,2877,31027.12,techo,rota,False,cierre mas alla de +5 con cuerpo 6.00,2026-10-08 22:09:00,1,9.38,9.38,9.38,2,False,['dom1'],[],,,,,,,,,,,,
25236,2026-10-08 22:15:00,2026-10-09,2878,31054.84,techo,sostenido,False,giro de 15 pts,2026-10-08 22:23:00,8,0.16,0.16,0.16,0,False,['dom0'],[],15.59,15.75,15.59,2026-10-08 22:23:00,8.00,re-rotura,False,2026-10-08 22:33:00,31013.44,41.41,False,
25246,2026-10-08 22:25:00,2026-10-09,2882,31050.70,techo,rota,False,3 cierres seguidos mas alla,2026-10-08 22:29:00,4,6.55,6.55,6.55,3,False,['dom0'],[],,,,,,,,,,,,
25291,2026-10-08 23:10:00,2026-10-09,2894,31037.43,techo,sostenido,False,giro de 15 pts,2026-10-08 23:23:00,13,1.32,1.32,1.32,0,False,['dom0'],[],85.18,86.50,85.18,2026-10-09 00:03:00,53.00,re-rotura,False,2026-10-09 01:42:00,30996.04,41.38,True,2026-10-08 23:30:00
25301,2026-10-08 23:20:00,2026-10-09,2896,31032.04,techo,sostenido,False,giro de 15 pts,2026-10-08 23:24:00,4,0.21,0.21,0.21,0,False,['dom0'],[],79.79,80.00,79.79,2026-10-09 00:03:00,43.00,re-rotura,False,2026-10-09 01:41:00,30990.66,41.38,True,2026-10-08 23:30:00
25311,2026-10-08 23:30:00,2026-10-09,2897,30993.56,piso,sostenido,False,giro de 15 pts,2026-10-08 23:32:00,2,3.56,3.56,3.56,0,True,['dom1'],[],22.19,25.75,22.19,2026-10-08 23:32:00,2.00,re-rotura,False,2026-10-08 23:47:00,31034.94,41.38,False,
25318,2026-10-08 23:37:00,2026-10-09,2895,30997.29,piso,sostenido,False,giro de 15 pts,2026-10-08 23:38:00,1,-0.21,-0.21,0.21,0,False,['dom1'],[],15.46,15.46,15.46,2026-10-08 23:38:00,1.00,re-rotura,False,2026-10-08 23:45:00,31038.67,41.38,False,
25443,2026-10-09 01:42:00,2026-10-09,2924,31042.06,techo,rota,False,cierre mas alla de +5 con cuerpo 4.75,2026-10-09 01:43:00,1,9.69,9.69,9.69,2,False,['dom1'],[],,,,,,,,,,,,
25446,2026-10-09 01:45:00,2026-10-09,2924,31042.06,piso,sostenido,False,giro de 15 pts,2026-10-09 01:46:00,1,-1.44,-1.44,1.44,0,False,['dom1'],[],47.19,47.19,47.19,2026-10-09 02:28:00,43.00,fin de datos,True,,31083.50,41.44,True,2026-10-09 02:00:00
25461,2026-10-09 02:00:00,2026-10-09,2920,31083.50,techo,sostenido,False,giro de 15 pts,2026-10-09 02:01:00,1,-1.50,-1.50,1.50,0,False,"['dom0', 'dom1']",[],43.50,43.50,18.25,2026-10-09 03:11:00,71.00,fin de datos,True,,31042.06,41.44,True,2026-10-09 03:10:00
25463,2026-10-09 02:02:00,2026-10-09,2920,31083.50,techo,sostenido,False,giro de 15 pts,2026-10-09 02:08:00,6,3.25,3.25,3.25,1,True,"['dom0', 'dom1']",[],43.50,46.75,20.00,2026-10-09 03:11:00,69.00,fin de datos,True,,31042.06,41.44,True,2026-10-09 03:10:00
25471,2026-10-09 02:10:00,2026-10-09,2920,31083.50,techo,sostenido,False,giro de 15 pts,2026-10-09 02:14:00,4,-0.75,-0.75,0.75,0,False,"['dom0', 'dom1']",[],43.50,43.50,37.50,2026-10-09 03:11:00,61.00,fin de datos,True,,31042.06,41.44,True,2026-10-09 03:10:00
25488,2026-10-09 02:27:00,2026-10-09,2920,31083.50,techo,sostenido,False,giro de 15 pts,2026-10-09 02:38:00,11,5.75,5.75,5.75,0,True,"['dom0', 'dom1']",[],43.50,49.25,22.75,2026-10-09 03:11:00,44.00,fin de datos,True,,31042.06,41.44,True,2026-10-09 03:10:00
25506,2026-10-09 02:45:00,2026-10-09,2920,31083.50,techo,sostenido,False,giro de 15 pts,2026-10-09 02:52:00,7,0.25,0.25,0.25,0,False,"['dom0', 'dom1']",[],43.50,43.75,15.75,2026-10-09 03:11:00,26.00,fin de datos,True,,31042.06,41.44,True,2026-10-09 03:10:00
25517,2026-10-09 02:56:00,2026-10-09,2920,31083.50,techo,sostenido,False,giro de 15 pts,2026-10-09 03:03:00,7,0.50,0.50,0.50,0,False,"['dom0', 'dom1']",[],43.50,44.00,43.50,2026-10-09 03:11:00,15.00,fin de datos,True,,31042.06,41.44,True,2026-10-09 03:10:00
25531,2026-10-09 03:10:00,2026-10-09,2924,31042.06,piso,sostenido,False,giro de 15 pts,2026-10-09 03:16:00,6,2.06,2.06,2.06,0,True,['dom1'],[],41.69,43.75,41.69,2026-10-09 03:21:00,11.00,fin de datos,True,,31083.50,41.44,True,2026-10-09 03:21:00
25542,2026-10-09 03:21:00,2026-10-09,2920,31083.50,techo,indefinida,True,fin de datos,2026-10-09 03:22:00,1,0.25,0.25,0.25,0,False,"['dom0', 'dom1']",[],,,,,,,,,,,,
