i,t_llegada,noche,pista,raya,tipo,resultado,censurada,motivo,t_decision,min_a_decision,pinchazo_max,precision,precision_abs,cierres_mas_alla,falso_rompimiento,recorrido,recorrido_desde_punta,recorrido_tramo,t_mfe,min_a_mfe,fin_recorrido,recorrido_censurado,t_rerotura,opuesta,dist_opuesta,llega_opuesta,t_llega_opuesta,nombres,etiquetas
3,2026-09-13 22:13:00,2026-09-14,1,29310.72,techo,sostenido,False,giro de 15 pts,2026-09-13 22:14:00,1,-0.22,-0.22,0.22,0,False,16.72,16.72,16.72,2026-09-13 22:14:00,1.00,re-rotura,False,2026-09-13 22:17:00,,,,,"['dom0', 'dom1']",['QQQ706']
16,2026-09-13 22:26:00,2026-09-14,0,29352.24,techo,rota,False,cierre mas alla de +5 con cuerpo 7.00,2026-09-13 22:28:00,2,8.26,8.26,8.26,1,False,,,,,,,,,,,,,"['dom0', 'dom1']",['QQQ707']
35,2026-09-13 22:45:00,2026-09-14,0,29352.24,piso,sostenido,False,giro de 15 pts,2026-09-13 22:45:00,0,-1.76,-1.76,1.76,0,False,22.26,22.26,22.26,2026-09-13 22:45:00,0.00,re-rotura,False,2026-09-13 23:06:00,,,,,"['dom0', 'dom1']",['QQQ707']
50,2026-09-13 23:00:00,2026-09-14,0,29352.24,piso,rota,False,3 cierres seguidos mas alla,2026-09-13 23:06:00,6,6.99,6.99,6.99,3,False,,,,,,,,,,,,,"['dom0', 'dom1']",['QQQ707']
58,2026-09-13 23:08:00,2026-09-14,0,29352.24,techo,rota,False,3 cierres seguidos mas alla,2026-09-13 23:11:00,3,3.26,3.26,3.26,3,False,,,,,,,,,,,,,"['dom0', 'dom1']",['QQQ707']
71,2026-09-13 23:21:00,2026-09-14,0,29352.24,techo,rota,False,cierre mas alla de +5 con cuerpo 12.00,2026-09-13 23:23:00,2,14.26,14.26,14.26,2,False,,,,,,,,,,,,,"['dom0', 'dom1']",['QQQ707']
85,2026-09-13 23:35:00,2026-09-14,0,29352.24,piso,rota,False,cierre mas alla de +5 con cuerpo 16.75,2026-09-13 23:37:00,2,21.49,21.49,21.49,1,False,,,,,,,,,,,,,"['dom0', 'dom1']",['QQQ707']
89,2026-09-13 23:39:00,2026-09-14,0,29352.24,techo,sostenido,False,giro de 15 pts,2026-09-13 23:40:00,1,-1.24,-1.24,1.24,0,False,52.49,52.49,52.49,2026-09-13 23:56:00,17.00,re-rotura,False,2026-09-14 00:07:00,29310.72,41.52,True,2026-09-13 23:49:00,"['dom0', 'dom1']",['QQQ707']
99,2026-09-13 23:49:00,2026-09-14,1,29310.72,piso,rota,False,cierre mas alla de +5 con cuerpo 6.75,2026-09-13 23:50:00,1,8.72,8.72,8.72,1,False,,,,,,,,,,,,,"['dom0', 'dom1']",['QQQ706']
104,2026-09-13 23:54:00,2026-09-14,1,29310.72,piso,rota,False,cierre mas alla de +5 con cuerpo 8.25,2026-09-13 23:56:00,2,10.97,10.97,10.97,1,False,,,,,,,,,,,,,"['dom0', 'dom1']",['QQQ706']
109,2026-09-13 23:59:00,2026-09-14,1,29310.72,techo,rota,False,cierre mas alla de +5 con cuerpo 20.00,2026-09-14 00:01:00,2,27.28,27.28,27.28,2,False,,,,,,,,,,,,,"['dom0', 'dom1']",['QQQ706']
116,2026-09-14 00:06:00,2026-09-14,0,29352.24,techo,rota,False,cierre mas alla de +5 con cuerpo 4.50,2026-09-14 00:07:00,1,9.26,9.26,9.26,2,False,,,,,,,,,,,,,"['dom0', 'dom1']",['QQQ707']
120,2026-09-14 00:10:00,2026-09-14,0,29352.24,piso,rota,False,cierre mas alla de +5 con cuerpo 4.00,2026-09-14 00:14:00,4,14.74,14.74,14.74,3,False,,,,,,,,,,,,,"['dom0', 'dom1']",['QQQ707']
131,2026-09-14 00:21:00,2026-09-14,1,29310.72,piso,sostenido,False,giro de 15 pts,2026-09-14 00:22:00,1,-0.28,-0.28,0.28,0,False,19.78,19.78,19.78,2026-09-14 00:23:00,2.00,re-rotura,False,2026-09-14 00:26:00,29352.24,41.52,False,,"['dom0', 'dom1']",['QQQ706']
135,2026-09-14 00:25:00,2026-09-14,1,29310.72,piso,rota,False,cierre mas alla de +5 con cuerpo 13.25,2026-09-14 00:26:00,1,15.22,15.22,15.22,2,False,,,,,,,,,,,,,"['dom0', 'dom1']",['QQQ706']
140,2026-09-14 00:30:00,2026-09-14,1,29310.72,techo,rota,False,cierre mas alla de +5 con cuerpo 6.75,2026-09-14 00:31:00,1,10.28,10.28,10.28,2,False,,,,,,,,,,,,,"['dom0', 'dom1']",['QQQ706']
151,2026-09-14 00:41:00,2026-09-14,1,29310.72,techo,rota,False,cierre mas alla de +5 con cuerpo 10.25,2026-09-14 00:43:00,2,9.03,9.03,9.03,1,False,,,,,,,,,,,,,"['dom0', 'dom1']",['QQQ706']
163,2026-09-14 00:53:00,2026-09-14,1,29310.72,piso,sostenido,False,giro de 15 pts,2026-09-14 00:54:00,1,0.22,0.22,0.22,0,False,24.03,24.25,24.03,2026-09-14 00:56:00,3.00,re-rotura,False,2026-09-14 01:00:00,29352.24,41.52,False,,"['dom0', 'dom1']",['QQQ706']
168,2026-09-14 00:58:00,2026-09-14,1,29310.72,piso,rota,False,3 cierres seguidos mas alla,2026-09-14 01:00:00,2,21.22,21.22,21.22,3,False,,,,,,,,,,,,,"['dom0', 'dom1']",['QQQ706']
172,2026-09-14 01:02:00,2026-09-14,1,29310.72,techo,rota,False,cierre mas alla de +5 con cuerpo 9.25,2026-09-14 01:09:00,7,11.03,11.03,11.03,5,False,,,,,,,,,,,,,"['dom0', 'dom1']",['QQQ706']
182,2026-09-14 01:12:00,2026-09-14,1,29310.72,piso,rota,False,cierre mas alla de +5 con cuerpo 7.00,2026-09-14 01:13:00,1,12.72,12.72,12.72,2,False,,,,,,,,,,,,,"['dom0', 'dom1']",['QQQ706']
186,2026-09-14 01:16:00,2026-09-14,1,29310.72,techo,sostenido,False,giro de 15 pts,2026-09-14 01:16:00,0,-0.97,-0.97,0.97,0,False,21.72,21.72,21.72,2026-09-14 01:23:00,7.00,re-rotura,False,2026-09-14 01:38:00,,,,,"['dom0', 'dom1']",['QQQ706']
197,2026-09-14 01:27:00,2026-09-14,1,29310.72,techo,sostenido,False,giro de 15 pts,2026-09-14 01:33:00,6,3.28,3.28,3.28,0,True,15.47,18.75,15.47,2026-09-14 01:33:00,6.00,re-rotura,False,2026-09-14 01:38:00,,,,,"['dom0', 'dom1']",['QQQ706']
206,2026-09-14 01:36:00,2026-09-14,1,29310.72,techo,rota,False,cierre mas alla de +5 con cuerpo 8.25,2026-09-14 01:38:00,2,8.28,8.28,8.28,1,False,,,,,,,,,,,,,"['dom0', 'dom1']",['QQQ706']
226,2026-09-14 01:56:00,2026-09-14,0,29352.24,techo,rota,False,cierre mas alla de +5 con cuerpo 11.00,2026-09-14 01:57:00,1,11.26,11.26,11.26,1,False,,,,,,,,,,,,,"['dom0', 'dom1']",['QQQ707']
232,2026-09-14 02:02:00,2026-09-14,0,29352.24,piso,sostenido,False,giro de 15 pts,2026-09-14 02:06:00,4,3.24,3.24,3.24,0,True,24.76,28.00,24.76,2026-09-14 02:08:00,6.00,re-rotura,False,2026-09-14 02:41:00,,,,,"['dom0', 'dom1']",['QQQ707']
265,2026-09-14 02:35:00,2026-09-14,0,29352.24,piso,rota,False,cierre mas alla de +5 con cuerpo 4.25,2026-09-14 02:41:00,6,12.49,12.49,12.49,4,False,,,,,,,,,,,,,"['dom0', 'dom1']",['QQQ707']
275,2026-09-14 02:45:00,2026-09-14,0,29352.24,techo,rota,False,3 cierres seguidos mas alla,2026-09-14 02:49:00,4,6.26,6.26,6.26,3,False,,,,,,,,,,,,,"['dom0', 'dom1']",['QQQ707']
285,2026-09-14 02:55:00,2026-09-14,0,29352.24,piso,rota,False,3 cierres seguidos mas alla,2026-09-14 03:00:00,5,10.24,10.24,10.24,4,False,,,,,,,,,,,,,"['dom0', 'dom1']",['QQQ707']
295,2026-09-14 03:05:00,2026-09-14,0,29352.24,techo,sostenido,False,giro de 15 pts,2026-09-14 03:11:00,6,2.76,2.76,2.76,2,True,119.24,122.00,119.24,2026-09-14 07:00:00,235.00,tope,False,,29310.72,41.52,True,2026-09-14 03:16:00,"['dom0', 'dom1']",['QQQ707']
306,2026-09-14 03:16:00,2026-09-14,1,29310.72,piso,rota,False,3 cierres seguidos mas alla,2026-09-14 03:19:00,3,7.22,7.22,7.22,3,False,,,,,,,,,,,,,"['dom0', 'dom1']",['QQQ706']
313,2026-09-14 03:23:00,2026-09-14,1,29310.72,piso,sostenido,False,giro de 15 pts,2026-09-14 03:29:00,6,-1.03,-1.03,1.03,0,False,20.03,20.03,15.53,2026-09-14 04:07:00,44.00,re-rotura,False,2026-09-14 04:16:00,29352.24,41.52,False,,"['dom0', 'dom1']",['QQQ706']
320,2026-09-14 03:30:00,2026-09-14,1,29310.72,piso,sostenido,False,giro de 15 pts,2026-09-14 04:04:00,34,5.72,5.72,5.72,5,True,20.03,25.75,20.03,2026-09-14 04:07:00,37.00,re-rotura,False,2026-09-14 04:16:00,29352.24,41.52,False,,"['dom0', 'dom1']",['QQQ706']
360,2026-09-14 04:10:00,2026-09-14,1,29310.72,piso,rota,False,cierre mas alla de +5 con cuerpo 7.50,2026-09-14 04:16:00,6,13.47,13.47,13.47,5,False,,,,,,,,,,,,,"['dom0', 'dom1']",['QQQ706']
369,2026-09-14 04:19:00,2026-09-14,1,29310.72,techo,rota,False,3 cierres seguidos mas alla,2026-09-14 04:26:00,7,7.28,7.28,7.28,3,False,,,,,,,,,,,,,"['dom0', 'dom1']",['QQQ706']
380,2026-09-14 04:30:00,2026-09-14,1,29310.72,piso,rota,False,cierre mas alla de +5 con cuerpo 8.75,2026-09-14 04:31:00,1,11.22,11.22,11.22,2,False,,,,,,,,,,,,,"['dom0', 'dom1']",['QQQ706']
385,2026-09-14 04:35:00,2026-09-14,1,29310.72,techo,rota,False,cierre mas alla de +5 con cuerpo 8.75,2026-09-14 04:39:00,4,9.03,9.03,9.03,1,False,,,,,,,,,,,,,"['dom0', 'dom1']",['QQQ706']
393,2026-09-14 04:43:00,2026-09-14,1,29310.72,piso,rota,False,3 cierres seguidos mas alla,2026-09-14 04:45:00,2,9.97,9.97,9.97,3,False,,,,,,,,,,,,,"['dom0', 'dom1']",['QQQ706']
403,2026-09-14 04:53:00,2026-09-14,1,29310.72,piso,rota,False,cierre mas alla de +5 con cuerpo 10.50,2026-09-14 05:16:00,23,9.72,9.72,9.72,10,False,,,,,,,,,,,,,"['dom0', 'dom1']",['QQQ706']
437,2026-09-14 05:27:00,2026-09-14,1,29310.72,techo,sostenido,False,giro de 15 pts,2026-09-14 05:42:00,15,5.53,5.53,5.53,2,True,29.97,35.50,29.97,2026-09-14 05:43:00,16.00,re-rotura,False,2026-09-14 06:01:00,,,,,"['dom0', 'dom1']",['QQQ706']
469,2026-09-14 05:59:00,2026-09-14,1,29310.72,techo,rota,False,cierre mas alla de +5 con cuerpo 16.50,2026-09-14 06:01:00,2,12.53,12.53,12.53,1,False,,,,,,,,,,,,,"['dom0', 'dom1']",['QQQ706']
491,2026-09-14 06:21:00,2026-09-14,1,29310.72,piso,sostenido,False,giro de 15 pts,2026-09-14 06:25:00,4,3.72,3.72,3.72,1,True,20.28,24.00,20.28,2026-09-14 06:27:00,6.00,re-rotura,False,2026-09-14 06:33:00,29352.24,41.52,False,,"['dom0', 'dom1']",['QQQ706']
502,2026-09-14 06:32:00,2026-09-14,1,29310.72,piso,rota,False,cierre mas alla de +5 con cuerpo 6.25,2026-09-14 06:33:00,1,7.72,7.72,7.72,2,False,,,,,,,,,,,,,"['dom0', 'dom1']",['QQQ706']
510,2026-09-14 06:40:00,2026-09-14,1,29310.72,techo,sostenido,False,giro de 15 pts,2026-09-14 06:43:00,3,1.03,1.03,1.03,0,False,204.22,205.25,18.72,2026-09-14 09:24:00,164.00,tope,False,,,,,,"['dom0', 'dom1']",['QQQ706']
515,2026-09-14 06:45:00,2026-09-14,1,29310.72,techo,sostenido,False,giro de 15 pts,2026-09-14 06:49:00,4,2.28,2.28,2.28,1,True,204.22,206.50,204.22,2026-09-14 09:24:00,159.00,tope,False,,,,,,"['dom0', 'dom1']",['QQQ706']
873,2026-09-14 12:43:00,2026-09-14,14,29185.22,techo,rota,False,cierre mas alla de +5 con cuerpo 6.00,2026-09-14 12:44:00,1,7.78,7.78,7.78,1,False,,,,,,,,,,,,,['dom1'],['QQQ703']
1372,2026-09-14 22:02:00,2026-09-15,15,29477.90,techo,sostenido,False,giro de 15 pts,2026-09-14 22:05:00,3,-0.15,-0.15,0.15,0,False,50.90,50.90,50.90,2026-09-15 00:06:00,124.00,re-rotura,False,2026-09-15 00:42:00,29436.38,41.52,True,2026-09-15 00:05:00,['dom0'],['QQQ710']
1495,2026-09-15 00:05:00,2026-09-15,16,29436.38,piso,sostenido,False,giro de 15 pts,2026-09-15 00:08:00,3,9.38,9.38,9.38,1,True,58.62,68.00,29.62,2026-09-15 01:16:00,71.00,re-rotura,False,2026-09-15 03:54:00,29477.90,41.52,True,2026-09-15 00:39:00,"['dom0', 'dom1']",['QQQ709']
1507,2026-09-15 00:17:00,2026-09-15,16,29436.38,piso,sostenido,False,giro de 15 pts,2026-09-15 00:21:00,4,3.38,3.38,3.38,0,True,58.62,62.00,58.62,2026-09-15 01:16:00,59.00,re-rotura,False,2026-09-15 03:54:00,29477.90,41.52,True,2026-09-15 00:39:00,"['dom0', 'dom1']",['QQQ709']
1529,2026-09-15 00:39:00,2026-09-15,15,29477.70,techo,rota,False,cierre mas alla de +5 con cuerpo 4.75,2026-09-15 00:42:00,3,9.30,9.30,9.30,3,False,,,,,,,,,,,,,['dom0'],['QQQ710']
1536,2026-09-15 00:46:00,2026-09-15,15,29477.70,piso,rota,False,cierre mas alla de +5 con cuerpo 4.00,2026-09-15 00:48:00,2,7.45,7.45,7.45,3,False,,,,,,,,,,,,,['dom0'],['QQQ710']
1544,2026-09-15 00:54:00,2026-09-15,15,29477.70,piso,rota,False,cierre mas alla de +5 con cuerpo 9.75,2026-09-15 00:58:00,4,18.70,18.70,18.70,3,False,,,,,,,,,,,,,['dom0'],['QQQ710']
1553,2026-09-15 01:03:00,2026-09-15,15,29477.70,techo,rota,False,cierre mas alla de +5 con cuerpo 4.75,2026-09-15 01:04:00,1,12.05,12.05,12.05,2,False,,,,,,,,,,,,,['dom0'],['QQQ710']
1577,2026-09-15 01:27:00,2026-09-15,15,29477.70,piso,rota,False,3 cierres seguidos mas alla,2026-09-15 01:30:00,3,8.70,8.70,8.70,3,False,,,,,,,,,,,,,['dom0'],['QQQ710']
1590,2026-09-15 01:40:00,2026-09-15,16,29436.18,piso,sostenido,False,giro de 15 pts,2026-09-15 01:49:00,9,8.43,8.43,8.43,2,True,39.82,48.25,39.82,2026-09-15 02:02:00,22.00,re-rotura,False,2026-09-15 03:54:00,29477.70,41.52,True,2026-09-15 02:02:00,"['dom0', 'dom1']",['QQQ709']
1612,2026-09-15 02:02:00,2026-09-15,15,29477.70,techo,sostenido,False,giro de 15 pts,2026-09-15 02:03:00,1,-1.70,-1.70,1.70,0,False,169.20,169.20,169.20,2026-09-15 05:19:00,197.00,tope,False,,29436.18,41.52,True,2026-09-15 03:48:00,['dom0'],['QQQ710']
1718,2026-09-15 03:48:00,2026-09-15,16,29436.18,piso,rota,False,cierre mas alla de +5 con cuerpo 15.00,2026-09-15 03:54:00,6,13.68,13.68,13.68,1,False,,,,,,,,,,,,,"['dom0', 'dom1']",['QQQ709']
1806,2026-09-15 05:16:00,2026-09-15,17,29311.63,piso,sostenido,False,giro de 15 pts,2026-09-15 05:27:00,11,3.13,3.13,3.13,1,True,92.62,95.75,92.62,2026-09-15 05:54:00,38.00,re-rotura,False,2026-09-15 07:55:00,,,,,['dom1'],['QQQ706']
1954,2026-09-15 07:44:00,2026-09-15,20,29311.63,piso,sostenido,False,giro de 15 pts,2026-09-15 07:47:00,3,-0.12,-0.12,0.12,0,False,25.87,25.87,25.87,2026-09-15 07:47:00,3.00,re-rotura,False,2026-09-15 07:55:00,,,,,['dom1'],['QQQ706']
1962,2026-09-15 07:52:00,2026-09-15,20,29311.63,piso,rota,False,cierre mas alla de +5 con cuerpo 9.00,2026-09-15 07:55:00,3,13.88,13.88,13.88,2,False,,,,,,,,,,,,,['dom1'],['QQQ706']
1967,2026-09-15 07:57:00,2026-09-15,20,29311.63,techo,rota,False,cierre mas alla de +5 con cuerpo 8.75,2026-09-15 07:59:00,2,9.87,9.87,9.87,2,False,,,,,,,,,,,,,['dom1'],['QQQ706']
1977,2026-09-15 08:07:00,2026-09-15,18,29270.11,piso,rota,False,cierre mas alla de +5 con cuerpo 21.00,2026-09-15 08:08:00,1,24.36,24.36,24.36,2,False,,,,,,,,,,,,,['dom0'],['QQQ705']
1983,2026-09-15 08:13:00,2026-09-15,18,29270.11,techo,rota,False,cierre mas alla de +5 con cuerpo 9.75,2026-09-15 08:14:00,1,8.39,8.39,8.39,1,False,,,,,,,,,,,,,['dom0'],['QQQ705']
1990,2026-09-15 08:20:00,2026-09-15,20,29311.63,techo,sostenido,False,giro de 15 pts,2026-09-15 08:21:00,1,-1.63,-1.63,1.63,0,False,75.13,75.13,75.13,2026-09-15 09:18:00,58.00,re-rotura,False,2026-09-15 09:48:00,29270.11,41.52,True,2026-09-15 08:33:00,['dom1'],['QQQ706']
2003,2026-09-15 08:33:00,2026-09-15,18,29270.11,piso,sostenido,False,giro de 15 pts,2026-09-15 08:38:00,5,1.11,1.11,1.11,0,False,21.89,23.00,21.89,2026-09-15 08:38:00,5.00,re-rotura,False,2026-09-15 09:00:00,,,,,['dom0'],['QQQ705']
2012,2026-09-15 08:42:00,2026-09-15,18,29270.11,piso,sostenido,False,giro de 15 pts,2026-09-15 08:43:00,1,-1.89,-1.89,1.89,0,False,16.64,16.64,15.89,2026-09-15 08:57:00,15.00,re-rotura,False,2026-09-15 09:00:00,,,,,['dom0'],['QQQ705']
2014,2026-09-15 08:44:00,2026-09-15,18,29270.11,piso,sostenido,False,giro de 15 pts,2026-09-15 08:57:00,13,7.36,7.36,7.36,3,True,16.64,24.00,16.64,2026-09-15 08:57:00,13.00,re-rotura,False,2026-09-15 09:00:00,,,,,['dom0'],['QQQ705']
2034,2026-09-15 09:04:00,2026-09-15,18,29270.11,techo,rota,False,cierre mas alla de +5 con cuerpo 14.00,2026-09-15 09:05:00,1,12.14,12.14,12.14,1,False,,,,,,,,,,,,,['dom0'],['QQQ705']
2037,2026-09-15 09:07:00,2026-09-15,18,29270.11,piso,rota,False,cierre mas alla de +5 con cuerpo 7.50,2026-09-15 09:09:00,2,10.36,10.36,10.36,3,False,,,,,,,,,,,,,['dom0'],['QQQ705']
2041,2026-09-15 09:11:00,2026-09-15,18,29270.11,techo,sostenido,False,giro de 15 pts,2026-09-15 09:13:00,2,1.39,1.39,1.39,0,False,33.61,35.00,33.61,2026-09-15 09:18:00,7.00,re-rotura,False,2026-09-15 09:35:00,29187.08,83.04,False,,['dom0'],['QQQ705']
2053,2026-09-15 09:23:00,2026-09-15,18,29270.31,techo,sostenido,False,giro de 15 pts,2026-09-15 09:24:00,1,3.69,3.69,3.69,0,True,24.31,28.00,24.31,2026-09-15 09:24:00,1.00,re-rotura,False,2026-09-15 09:35:00,29187.27,83.04,False,,['dom0'],['QQQ705']
2058,2026-09-15 09:28:00,2026-09-15,18,29270.31,techo,rota,False,cierre mas alla de +5 con cuerpo 7.25,2026-09-15 09:35:00,7,10.44,10.44,10.44,3,False,,,,,,,,,,,,,['dom0'],['QQQ705']
2077,2026-09-15 09:47:00,2026-09-15,22,29311.58,techo,rota,False,cierre mas alla de +5 con cuerpo 13.00,2026-09-15 09:48:00,1,15.67,15.67,15.67,2,False,,,,,,,,,,,,,['dom1'],['QQQ706']
2211,2026-09-15 12:01:00,2026-09-15,23,29433.87,techo,sostenido,False,giro de 15 pts,2026-09-15 12:01:00,0,-1.37,-1.37,1.37,0,False,29.62,29.62,29.62,2026-09-15 12:03:00,2.00,re-rotura,False,2026-09-15 12:11:00,,,,,"['dom0', 'dom1']",['QQQ709']
2221,2026-09-15 12:11:00,2026-09-15,23,29433.87,techo,rota,False,cierre mas alla de +5 con cuerpo 10.75,2026-09-15 12:11:00,0,6.38,6.38,6.38,1,False,,,,,,,,,,,,,"['dom0', 'dom1']",['QQQ709']
2250,2026-09-15 12:40:00,2026-09-15,23,29433.87,techo,sostenido,False,giro de 15 pts,2026-09-15 12:41:00,1,-1.62,-1.62,1.62,0,False,26.87,26.87,26.87,2026-09-15 12:42:00,2.00,re-rotura,False,2026-09-15 12:48:00,,,,,"['dom0', 'dom1']",['QQQ709']
2255,2026-09-15 12:45:00,2026-09-15,23,29433.87,techo,rota,False,cierre mas alla de +5 con cuerpo 31.50,2026-09-15 12:48:00,3,34.13,34.13,34.13,2,False,,,,,,,,,,,,,"['dom0', 'dom1']",['QQQ709']
2264,2026-09-15 12:54:00,2026-09-15,24,29475.01,techo,sostenido,False,giro de 15 pts,2026-09-15 12:55:00,1,9.24,9.24,9.24,0,True,259.26,268.50,259.26,2026-09-15 14:53:00,119.00,tope,False,,29433.50,41.51,True,2026-09-15 12:58:00,['dom0'],['QQQ710']
2268,2026-09-15 12:58:00,2026-09-15,23,29433.50,piso,rota,False,cierre mas alla de +5 con cuerpo 6.75,2026-09-15 13:01:00,3,8.00,8.00,8.00,3,False,,,,,,,,,,,,,"['dom0', 'dom1']",['QQQ709']
2273,2026-09-15 13:03:00,2026-09-15,23,29433.40,techo,rota,False,cierre mas alla de +5 con cuerpo 7.75,2026-09-15 13:04:00,1,11.10,11.10,11.10,2,False,,,,,,,,,,,,,"['dom0', 'dom1']",['QQQ709']
2275,2026-09-15 13:05:00,2026-09-15,23,29433.40,piso,rota,False,cierre mas alla de +5 con cuerpo 4.00,2026-09-15 13:15:00,10,8.15,8.15,8.15,3,False,,,,,,,,,,,,,"['dom0', 'dom1']",['QQQ709']
2295,2026-09-15 13:25:00,2026-09-15,23,29433.40,techo,sostenido,False,giro de 15 pts,2026-09-15 13:28:00,3,5.60,5.60,5.60,1,True,61.65,67.25,61.65,2026-09-15 13:34:00,9.00,re-rotura,False,2026-09-15 13:46:00,,,,,"['dom0', 'dom1']",['QQQ709']
2989,2026-09-16 01:59:00,2026-09-16,25,29223.99,piso,sostenido,False,giro de 15 pts,2026-09-16 02:00:00,1,-1.76,-1.76,1.76,0,False,133.26,133.26,133.26,2026-09-16 03:22:00,83.00,tope,False,,29307.01,83.02,True,2026-09-16 03:06:00,"['dom0', 'dom1']",['QQQ704']
3293,2026-09-16 07:03:00,2026-09-16,27,29390.03,techo,rota,False,3 cierres seguidos mas alla,2026-09-16 07:09:00,6,5.47,5.47,5.47,5,False,,,,,,,,,,,,,"['dom0', 'dom1']",['QQQ708']
3313,2026-09-16 07:23:00,2026-09-16,27,29390.03,techo,sostenido,False,giro de 15 pts,2026-09-16 07:39:00,16,8.22,8.22,8.22,1,True,64.53,72.75,64.53,2026-09-16 08:40:00,77.00,re-rotura,False,2026-09-16 10:59:00,,,,,"['dom0', 'dom1']",['QQQ708']
3453,2026-09-16 09:43:00,2026-09-16,27,29390.56,techo,sostenido,False,giro de 15 pts,2026-09-16 09:45:00,2,-0.56,-0.56,0.56,0,False,35.06,35.06,23.31,2026-09-16 10:13:00,30.00,re-rotura,False,2026-09-16 10:59:00,,,,,"['dom0', 'dom1']",['QQQ708']
3463,2026-09-16 09:53:00,2026-09-16,27,29390.56,techo,sostenido,False,giro de 15 pts,2026-09-16 10:02:00,9,1.19,1.19,1.19,0,False,35.06,36.25,35.06,2026-09-16 10:13:00,20.00,re-rotura,False,2026-09-16 10:59:00,,,,,"['dom0', 'dom1']",['QQQ708']
3529,2026-09-16 10:59:00,2026-09-16,27,29390.00,techo,rota,False,cierre mas alla de +5 con cuerpo 24.50,2026-09-16 10:59:00,0,10.75,10.75,10.75,1,False,,,,,,,,,,,,,"['dom0', 'dom1']",['QQQ708']
3531,2026-09-16 11:01:00,2026-09-16,27,29390.00,piso,rota,False,3 cierres seguidos mas alla,2026-09-16 11:03:00,2,6.50,6.50,6.50,3,False,,,,,,,,,,,,,"['dom0', 'dom1']",['QQQ708']
3538,2026-09-16 11:08:00,2026-09-16,27,29390.00,techo,sostenido,False,giro de 15 pts,2026-09-16 11:14:00,6,9.00,9.00,9.00,2,True,26.75,35.75,26.75,2026-09-16 11:15:00,7.00,re-rotura,False,2026-09-16 11:39:00,,,,,"['dom0', 'dom1']",['QQQ708']
3557,2026-09-16 11:27:00,2026-09-16,27,29389.60,techo,rota,False,cierre mas alla de +5 con cuerpo 6.00,2026-09-16 11:39:00,12,11.15,11.15,11.15,5,False,,,,,,,,,,,,,"['dom0', 'dom1']",['QQQ708']
3627,2026-09-16 12:37:00,2026-09-16,27,29388.30,piso,rota,False,cierre mas alla de +5 con cuerpo 14.25,2026-09-16 12:38:00,1,12.05,12.05,12.05,1,False,,,,,,,,,,,,,"['dom0', 'dom1']",['QQQ708']
3639,2026-09-16 12:49:00,2026-09-16,27,29388.30,techo,rota,False,cierre mas alla de +5 con cuerpo 20.00,2026-09-16 12:49:00,0,9.95,9.95,9.95,1,False,,,,,,,,,,,,,"['dom0', 'dom1']",['QQQ708']
3642,2026-09-16 12:52:00,2026-09-16,27,29388.97,piso,rota,False,cierre mas alla de +5 con cuerpo 7.25,2026-09-16 12:54:00,2,12.72,12.72,12.72,3,False,,,,,,,,,,,,,"['dom0', 'dom1']",['QQQ708']
3646,2026-09-16 12:56:00,2026-09-16,27,29388.97,techo,rota,False,cierre mas alla de +5 con cuerpo 9.50,2026-09-16 12:59:00,3,19.03,19.03,19.03,3,False,,,,,,,,,,,,,"['dom0', 'dom1']",['QQQ708']
3659,2026-09-16 13:09:00,2026-09-16,27,29388.97,techo,rota,False,cierre mas alla de +5 con cuerpo 11.00,2026-09-16 13:12:00,3,16.28,16.28,16.28,3,False,,,,,,,,,,,,,"['dom0', 'dom1']",['QQQ708']
3669,2026-09-16 13:19:00,2026-09-16,27,29388.97,piso,sostenido,False,giro de 15 pts,2026-09-16 13:21:00,2,5.22,5.22,5.22,1,True,163.53,168.75,25.78,2026-09-16 15:47:00,148.00,tope,False,,29471.99,83.02,True,2026-09-16 13:50:00,"['dom0', 'dom1']",['QQQ708']
3679,2026-09-16 13:29:00,2026-09-16,27,29387.87,piso,sostenido,False,giro de 15 pts,2026-09-16 13:30:00,1,6.87,6.87,6.87,1,True,164.63,171.50,33.88,2026-09-16 15:47:00,138.00,tope,False,,29470.89,83.02,True,2026-09-16 13:50:00,"['dom0', 'dom1']",['QQQ708']
4131,2026-09-16 22:01:00,2026-09-17,40,29265.28,piso,rota,False,cierre mas alla de +5 con cuerpo 7.25,2026-09-16 22:02:00,1,8.03,8.03,8.03,1,False,,,,,,,,,,,,,"['dom0', 'dom1']",['QQQ705']
4135,2026-09-16 22:05:00,2026-09-17,40,29265.28,techo,rota,False,cierre mas alla de +5 con cuerpo 29.50,2026-09-16 22:05:00,0,16.97,16.97,16.97,1,False,,,,,,,,,,,,,"['dom0', 'dom1']",['QQQ705']
4207,2026-09-16 23:17:00,2026-09-17,42,29389.63,techo,rota,False,cierre mas alla de +5 con cuerpo 4.25,2026-09-16 23:23:00,6,10.12,10.12,10.12,4,False,,,,,,,,,,,,,"['dom0', 'dom1']",['QQQ708']
4216,2026-09-16 23:26:00,2026-09-17,42,29389.95,piso,sostenido,False,giro de 15 pts,2026-09-16 23:27:00,1,-0.05,-0.05,0.05,0,False,89.55,89.55,89.55,2026-09-17 00:43:00,77.00,tope,False,,29472.97,83.02,True,2026-09-17 00:33:00,"['dom0', 'dom1']",['QQQ708']
4593,2026-09-17 05:43:00,2026-09-17,42,29389.28,piso,sostenido,False,giro de 15 pts,2026-09-17 05:50:00,7,-1.47,-1.47,1.47,0,False,16.22,16.22,16.22,2026-09-17 05:50:00,7.00,re-rotura,False,2026-09-17 05:55:00,29472.30,83.02,False,,"['dom0', 'dom1']",['QQQ708']
4601,2026-09-17 05:51:00,2026-09-17,42,29389.28,piso,rota,False,3 cierres seguidos mas alla,2026-09-17 05:55:00,4,7.78,7.78,7.78,3,False,,,,,,,,,,,,,"['dom0', 'dom1']",['QQQ708']
4612,2026-09-17 06:02:00,2026-09-17,42,29389.28,techo,rota,False,cierre mas alla de +5 con cuerpo 10.25,2026-09-17 06:03:00,1,17.97,17.97,17.97,2,False,,,,,,,,,,,,,"['dom0', 'dom1']",['QQQ708']
4615,2026-09-17 06:05:00,2026-09-17,42,29389.28,piso,sostenido,False,giro de 15 pts,2026-09-17 06:05:00,0,-0.47,-0.47,0.47,0,False,24.47,24.47,24.47,2026-09-17 06:06:00,1.00,re-rotura,False,2026-09-17 06:15:00,29472.30,83.02,False,,"['dom0', 'dom1']",['QQQ708']
4619,2026-09-17 06:09:00,2026-09-17,42,29389.28,piso,rota,False,cierre mas alla de +5 con cuerpo 13.75,2026-09-17 06:15:00,6,10.28,10.28,10.28,3,False,,,,,,,,,,,,,"['dom0', 'dom1']",['QQQ708']
4627,2026-09-17 06:17:00,2026-09-17,42,29389.28,techo,rota,False,3 cierres seguidos mas alla,2026-09-17 06:23:00,6,11.97,11.97,11.97,5,False,,,,,,,,,,,,,"['dom0', 'dom1']",['QQQ708']
4676,2026-09-17 07:06:00,2026-09-17,51,29513.81,techo,rota,False,3 cierres seguidos mas alla,2026-09-17 07:09:00,3,8.19,8.19,8.19,3,False,,,,,,,,,,,,,['dom1'],['QQQ711']
4681,2026-09-17 07:11:00,2026-09-17,51,29513.81,piso,rota,False,3 cierres seguidos mas alla,2026-09-17 07:14:00,3,7.81,7.81,7.81,3,False,,,,,,,,,,,,,['dom1'],['QQQ711']
4685,2026-09-17 07:15:00,2026-09-17,51,29513.81,techo,rota,False,cierre mas alla de +5 con cuerpo 11.50,2026-09-17 07:16:00,1,7.19,7.19,7.19,1,False,,,,,,,,,,,,,['dom1'],['QQQ711']
4691,2026-09-17 07:21:00,2026-09-17,51,29513.81,piso,sostenido,False,giro de 15 pts,2026-09-17 07:23:00,2,5.06,5.06,5.06,1,True,52.94,58.00,52.94,2026-09-17 07:30:00,9.00,re-rotura,False,2026-09-17 08:12:00,29555.32,41.51,True,2026-09-17 07:30:00,['dom1'],['QQQ711']
4700,2026-09-17 07:30:00,2026-09-17,52,29555.32,techo,sostenido,False,giro de 15 pts,2026-09-17 07:35:00,5,11.43,11.43,11.43,2,True,70.32,81.75,70.32,2026-09-17 08:18:00,48.00,re-rotura,False,2026-09-17 08:58:00,,,,,"['dom0', 'dom1']",['QQQ712']
4725,2026-09-17 07:55:00,2026-09-17,51,29513.81,piso,sostenido,False,giro de 15 pts,2026-09-17 08:02:00,7,4.56,4.56,4.56,1,True,19.94,24.50,17.19,2026-09-17 08:06:00,11.00,re-rotura,False,2026-09-17 08:12:00,29555.32,41.51,False,,['dom1'],['QQQ711']
4733,2026-09-17 08:03:00,2026-09-17,51,29513.81,piso,sostenido,False,giro de 15 pts,2026-09-17 08:04:00,1,-0.69,-0.69,0.69,0,False,19.94,19.94,19.94,2026-09-17 08:06:00,3.00,re-rotura,False,2026-09-17 08:12:00,29555.32,41.51,False,,['dom1'],['QQQ711']
4740,2026-09-17 08:10:00,2026-09-17,51,29513.81,piso,rota,False,cierre mas alla de +5 con cuerpo 11.50,2026-09-17 08:12:00,2,15.81,15.81,15.81,1,False,,,,,,,,,,,,,['dom1'],['QQQ711']
4756,2026-09-17 08:26:00,2026-09-17,51,29513.81,techo,rota,False,cierre mas alla de +5 con cuerpo 11.00,2026-09-17 08:34:00,8,11.94,11.94,11.94,3,False,,,,,,,,,,,,,['dom1'],['QQQ711']
4783,2026-09-17 08:53:00,2026-09-17,52,29555.32,techo,rota,False,3 cierres seguidos mas alla,2026-09-17 08:58:00,5,6.43,6.43,6.43,3,False,,,,,,,,,,,,,"['dom0', 'dom1']",['QQQ712']
4789,2026-09-17 08:59:00,2026-09-17,52,29555.32,piso,sostenido,False,giro de 15 pts,2026-09-17 09:00:00,1,0.07,0.07,0.07,0,False,37.18,37.25,37.18,2026-09-17 09:11:00,12.00,re-rotura,False,2026-09-17 09:48:00,29638.34,83.02,False,,"['dom0', 'dom1']",['QQQ712']
4809,2026-09-17 09:19:00,2026-09-17,52,29556.85,piso,sostenido,False,giro de 15 pts,2026-09-17 09:34:00,15,3.85,3.85,3.85,3,True,16.90,20.75,16.90,2026-09-17 09:35:00,16.00,re-rotura,False,2026-09-17 09:48:00,29639.88,83.02,False,,"['dom0', 'dom1']",['QQQ712']
4836,2026-09-17 09:46:00,2026-09-17,52,29556.29,piso,rota,False,cierre mas alla de +5 con cuerpo 7.75,2026-09-17 09:48:00,2,9.54,9.54,9.54,1,False,,,,,,,,,,,,,"['dom0', 'dom1']",['QQQ712']
4840,2026-09-17 09:50:00,2026-09-17,52,29556.29,techo,rota,False,3 cierres seguidos mas alla,2026-09-17 09:54:00,4,13.96,13.96,13.96,3,False,,,,,,,,,,,,,"['dom0', 'dom1']",['QQQ712']
4848,2026-09-17 09:58:00,2026-09-17,52,29556.15,piso,sostenido,False,giro de 15 pts,2026-09-17 10:05:00,7,-1.35,-1.35,1.35,0,False,197.10,197.10,56.85,2026-09-17 12:34:00,156.00,tope,False,,29639.17,83.02,True,2026-09-17 12:05:00,"['dom0', 'dom1']",['QQQ712']
4960,2026-09-17 11:50:00,2026-09-17,52,29556.01,piso,sostenido,False,giro de 15 pts,2026-09-17 11:53:00,3,1.01,1.01,1.01,0,False,197.24,198.25,197.24,2026-09-17 12:34:00,44.00,tope,False,,29639.04,83.02,True,2026-09-17 12:05:00,"['dom0', 'dom1']",['QQQ712']
4980,2026-09-17 12:10:00,2026-09-17,57,29680.54,techo,sostenido,False,giro de 15 pts,2026-09-17 12:10:00,0,0.71,0.71,0.71,0,False,18.04,18.75,18.04,2026-09-17 12:10:00,0.00,re-rotura,False,2026-09-17 12:19:00,29639.03,41.51,False,,['dom0'],['QQQ715']
4987,2026-09-17 12:17:00,2026-09-17,57,29680.54,techo,rota,False,cierre mas alla de +5 con cuerpo 10.50,2026-09-17 12:19:00,2,6.96,6.96,6.96,1,False,,,,,,,,,,,,,['dom0'],['QQQ715']
5579,2026-09-17 23:09:00,2026-09-18,60,29709.74,techo,sostenido,False,giro de 15 pts,2026-09-17 23:13:00,4,2.76,2.76,2.76,1,True,62.24,65.00,23.99,2026-09-18 01:16:00,127.00,re-rotura,False,2026-09-18 03:07:00,29626.75,82.99,False,,"['dom0', 'dom1']",['QQQ716']
5631,2026-09-18 00:01:00,2026-09-18,60,29707.85,techo,sostenido,False,giro de 15 pts,2026-09-18 00:05:00,4,0.65,0.65,0.65,0,False,60.35,61.00,60.35,2026-09-18 01:16:00,75.00,re-rotura,False,2026-09-18 03:06:00,29624.87,82.98,False,,"['dom0', 'dom1']",['QQQ716']
5814,2026-09-18 03:04:00,2026-09-18,60,29707.75,techo,rota,False,3 cierres seguidos mas alla,2026-09-18 03:06:00,2,6.25,6.25,6.25,3,False,,,,,,,,,,,,,"['dom0', 'dom1']",['QQQ716']
5913,2026-09-18 04:43:00,2026-09-18,61,29790.73,techo,rota,False,cierre mas alla de +5 con cuerpo 12.75,2026-09-18 04:43:00,0,9.77,9.77,9.77,1,False,,,,,,,,,,,,,"['dom0', 'dom1']",['QQQ718']
5998,2026-09-18 06:08:00,2026-09-18,62,29873.71,techo,rota,False,3 cierres seguidos mas alla,2026-09-18 06:13:00,5,7.79,7.79,7.79,3,False,,,,,,,,,,,,,['dom0'],['QQQ720']
6008,2026-09-18 06:18:00,2026-09-18,62,29873.71,piso,sostenido,False,giro de 15 pts,2026-09-18 06:22:00,4,2.96,2.96,2.96,0,True,93.54,96.50,93.54,2026-09-18 07:30:00,72.00,re-rotura,False,2026-09-18 09:30:00,,,,,['dom0'],['QQQ720']
6023,2026-09-18 06:33:00,2026-09-18,63,29915.20,techo,sostenido,False,giro de 15 pts,2026-09-18 06:44:00,11,4.05,4.05,4.05,2,True,15.95,20.00,15.95,2026-09-18 06:44:00,11.00,re-rotura,False,2026-09-18 06:59:00,29873.71,41.49,False,,['dom1'],['QQQ721']
6046,2026-09-18 06:56:00,2026-09-18,63,29915.20,techo,rota,False,3 cierres seguidos mas alla,2026-09-18 06:59:00,3,7.80,7.80,7.80,3,False,,,,,,,,,,,,,['dom1'],['QQQ721']
6052,2026-09-18 07:02:00,2026-09-18,63,29915.20,piso,sostenido,False,giro de 15 pts,2026-09-18 07:10:00,8,4.95,4.95,4.95,0,True,52.05,57.00,52.05,2026-09-18 07:30:00,28.00,re-rotura,False,2026-09-18 08:09:00,,,,,['dom1'],['QQQ721']
6081,2026-09-18 07:31:00,2026-09-18,64,29956.70,piso,rota,False,3 cierres seguidos mas alla,2026-09-18 07:33:00,2,4.20,4.20,4.20,3,False,,,,,,,,,,,,,['dom1'],['QQQ722']
6116,2026-09-18 08:06:00,2026-09-18,63,29915.20,piso,rota,False,cierre mas alla de +5 con cuerpo 9.75,2026-09-18 08:09:00,3,9.70,9.70,9.70,1,False,,,,,,,,,,,,,['dom1'],['QQQ721']
6132,2026-09-18 08:22:00,2026-09-18,63,29915.20,piso,rota,False,cierre mas alla de +5 con cuerpo 8.25,2026-09-18 08:28:00,6,10.70,10.70,10.70,3,False,,,,,,,,,,,,,['dom1'],['QQQ721']
6144,2026-09-18 08:34:00,2026-09-18,63,29915.20,techo,sostenido,False,giro de 15 pts,2026-09-18 08:40:00,6,2.30,2.30,2.30,0,True,147.70,150.00,15.20,2026-09-18 12:20:00,226.00,tope,False,,29873.71,41.49,True,2026-09-18 09:27:00,['dom1'],['QQQ721']
6154,2026-09-18 08:44:00,2026-09-18,63,29915.20,techo,sostenido,False,giro de 15 pts,2026-09-18 08:54:00,10,3.55,3.55,3.55,0,True,147.70,151.25,147.70,2026-09-18 12:20:00,216.00,tope,False,,29873.71,41.49,True,2026-09-18 09:27:00,['dom1'],['QQQ721']
6197,2026-09-18 09:27:00,2026-09-18,62,29873.75,piso,rota,False,cierre mas alla de +5 con cuerpo 5.50,2026-09-18 09:30:00,3,10.50,10.50,10.50,2,False,,,,,,,,,,,,,['dom0'],['QQQ720']
6202,2026-09-18 09:32:00,2026-09-18,62,29873.47,techo,sostenido,False,giro de 15 pts,2026-09-18 09:38:00,6,0.53,0.53,0.53,0,False,37.72,38.25,37.72,2026-09-18 09:45:00,13.00,re-rotura,False,2026-09-18 10:30:00,29790.49,82.98,False,,['dom0'],['QQQ720']
6248,2026-09-18 10:18:00,2026-09-18,62,29873.16,techo,rota,False,cierre mas alla de +5 con cuerpo 6.25,2026-09-18 10:30:00,12,13.84,13.84,13.84,5,False,,,,,,,,,,,,,['dom0'],['QQQ720']
6290,2026-09-18 11:00:00,2026-09-18,62,29870.40,piso,sostenido,False,giro de 15 pts,2026-09-18 11:01:00,1,10.15,10.15,10.15,1,True,28.60,38.75,28.60,2026-09-18 11:04:00,4.00,re-rotura,False,2026-09-18 11:05:00,,,,,['dom0'],['QQQ720']
6295,2026-09-18 11:05:00,2026-09-18,62,29870.40,piso,rota,False,cierre mas alla de +5 con cuerpo 47.75,2026-09-18 11:05:00,0,22.15,22.15,22.15,1,False,,,,,,,,,,,,,['dom0'],['QQQ720']
6300,2026-09-18 11:10:00,2026-09-18,62,29870.40,techo,sostenido,False,giro de 15 pts,2026-09-18 11:13:00,3,2.35,2.35,2.35,0,True,176.40,178.75,176.40,2026-09-18 14:16:00,186.00,tope,False,,29787.43,82.97,True,2026-09-18 12:12:00,['dom0'],['QQQ720']
6362,2026-09-18 12:12:00,2026-09-18,65,29786.71,piso,rota,False,3 cierres seguidos mas alla,2026-09-18 12:17:00,5,6.71,6.71,6.71,3,False,,,,,,,,,,,,,"['dom0', 'dom1']",['QQQ718']
6372,2026-09-18 12:22:00,2026-09-18,65,29786.71,techo,sostenido,False,giro de 15 pts,2026-09-18 12:23:00,1,4.79,4.79,4.79,1,True,17.96,22.75,17.96,2026-09-18 12:24:00,2.00,re-rotura,False,2026-09-18 12:35:00,,,,,"['dom0', 'dom1']",['QQQ718']
6376,2026-09-18 12:26:00,2026-09-18,65,29786.71,techo,sostenido,False,giro de 15 pts,2026-09-18 12:31:00,5,-0.21,-0.21,0.21,0,False,15.71,15.71,15.71,2026-09-18 12:31:00,5.00,re-rotura,False,2026-09-18 12:35:00,,,,,"['dom0', 'dom1']",['QQQ718']
6394,2026-09-18 12:44:00,2026-09-18,65,29786.71,piso,rota,False,3 cierres seguidos mas alla,2026-09-18 12:57:00,13,11.71,11.71,11.71,4,False,,,,,,,,,,,,,"['dom0', 'dom1']",['QQQ718']
6418,2026-09-18 13:08:00,2026-09-18,65,29786.37,techo,rota,False,cierre mas alla de +5 con cuerpo 6.25,2026-09-18 13:16:00,8,6.38,6.38,6.38,5,False,,,,,,,,,,,,,"['dom0', 'dom1']",['QQQ718']
6431,2026-09-18 13:21:00,2026-09-18,65,29785.58,piso,rota,False,cierre mas alla de +5 con cuerpo 12.75,2026-09-18 13:24:00,3,17.08,17.08,17.08,2,False,,,,,,,,,,,,,"['dom0', 'dom1']",['QQQ718']
6437,2026-09-18 13:27:00,2026-09-18,65,29785.58,techo,rota,False,cierre mas alla de +5 con cuerpo 8.50,2026-09-18 13:28:00,1,23.17,23.17,23.17,2,False,,,,,,,,,,,,,"['dom0', 'dom1']",['QQQ718']
7026,2026-09-21 00:27:00,2026-09-21,71,30072.13,techo,rota,False,cierre mas alla de +5 con cuerpo 13.25,2026-09-21 00:27:00,0,6.87,6.87,6.87,1,False,,,,,,,,,,,,,"['dom0', 'dom1']",['QQQ725']
7043,2026-09-21 00:44:00,2026-09-21,71,30072.13,piso,sostenido,False,giro de 15 pts,2026-09-21 00:50:00,6,1.38,1.38,1.38,0,False,56.62,58.00,56.62,2026-09-21 01:12:00,28.00,re-rotura,False,2026-09-21 02:01:00,,,,,"['dom0', 'dom1']",['QQQ725']
7069,2026-09-21 01:10:00,2026-09-21,73,30113.61,piso,sostenido,False,giro de 15 pts,2026-09-21 01:12:00,2,5.86,5.86,5.86,0,True,15.14,21.00,15.14,2026-09-21 01:12:00,2.00,re-rotura,False,2026-09-21 01:24:00,,,,,['dom1'],['QQQ726']
7088,2026-09-21 01:29:00,2026-09-21,73,30113.61,piso,rota,False,3 cierres seguidos mas alla,2026-09-21 01:38:00,9,5.86,5.86,5.86,5,False,,,,,,,,,,,,,['dom1'],['QQQ726']
7103,2026-09-21 01:44:00,2026-09-21,73,30113.61,techo,sostenido,False,giro de 15 pts,2026-09-21 01:47:00,3,1.14,1.14,1.14,0,False,49.86,51.00,49.86,2026-09-21 02:01:00,17.00,tope,False,,30072.13,41.48,True,2026-09-21 01:58:00,['dom1'],['QQQ726']
7117,2026-09-21 01:58:00,2026-09-21,71,30072.13,piso,rota,False,cierre mas alla de +5 con cuerpo 4.25,2026-09-21 02:01:00,3,8.38,8.38,8.38,3,False,,,,,,,,,,,,,"['dom0', 'dom1']",['QQQ725']
7124,2026-09-21 02:05:00,2026-09-21,71,30072.13,piso,sostenido,False,giro de 15 pts,2026-09-21 02:26:00,21,2.13,2.13,2.13,0,True,39.87,42.00,17.37,2026-09-21 05:40:00,215.00,tope,False,,,,,,"['dom0', 'dom1']",['QQQ725']
7150,2026-09-21 02:31:00,2026-09-21,71,30072.13,piso,sostenido,False,giro de 15 pts,2026-09-21 02:43:00,12,4.38,4.38,4.38,2,True,51.87,56.25,35.37,2026-09-21 06:19:00,228.00,tope,False,,,,,,"['dom0', 'dom1']",['QQQ725']
7245,2026-09-21 04:06:00,2026-09-21,71,30072.13,piso,sostenido,False,giro de 15 pts,2026-09-21 04:08:00,2,1.88,1.88,1.88,0,False,144.12,146.00,15.62,2026-09-21 08:03:00,237.00,tope,False,,,,,,"['dom0', 'dom1']",['QQQ725']
7250,2026-09-21 04:11:00,2026-09-21,71,30072.13,piso,sostenido,False,giro de 15 pts,2026-09-21 04:16:00,5,0.13,0.13,0.13,0,False,144.12,144.25,144.12,2026-09-21 08:03:00,232.00,tope,False,,,,,,"['dom0', 'dom1']",['QQQ725']
7368,2026-09-21 06:09:00,2026-09-21,74,30113.61,techo,rota,False,cierre mas alla de +5 con cuerpo 4.50,2026-09-21 06:16:00,7,7.89,7.89,7.89,4,False,,,,,,,,,,,,,"['dom0', 'dom1']",['QQQ726']
7378,2026-09-21 06:19:00,2026-09-21,74,30113.61,piso,rota,False,3 cierres seguidos mas alla,2026-09-21 06:24:00,5,4.36,4.36,4.36,3,False,,,,,,,,,,,,,"['dom0', 'dom1']",['QQQ726']
7387,2026-09-21 06:28:00,2026-09-21,74,30113.61,techo,rota,False,cierre mas alla de +5 con cuerpo 7.75,2026-09-21 06:34:00,6,7.39,7.39,7.39,1,False,,,,,,,,,,,,,"['dom0', 'dom1']",['QQQ726']
7522,2026-09-21 08:43:00,2026-09-21,77,30238.05,techo,sostenido,False,giro de 15 pts,2026-09-21 08:47:00,4,-0.55,-0.55,0.55,0,False,16.05,16.05,16.05,2026-09-21 08:47:00,4.00,re-rotura,False,2026-09-21 09:08:00,,,,,['dom1'],['QQQ729']
7538,2026-09-21 08:59:00,2026-09-21,77,30239.47,techo,rota,False,cierre mas alla de +5 con cuerpo 5.50,2026-09-21 09:08:00,9,10.53,10.53,10.53,2,False,,,,,,,,,,,,,['dom1'],['QQQ729']
7548,2026-09-21 09:09:00,2026-09-21,77,30239.49,piso,rota,False,cierre mas alla de +5 con cuerpo 4.00,2026-09-21 09:18:00,9,7.24,7.24,7.24,4,False,,,,,,,,,,,,,['dom1'],['QQQ729']
7559,2026-09-21 09:20:00,2026-09-21,77,30239.49,techo,rota,False,cierre mas alla de +5 con cuerpo 8.50,2026-09-21 09:22:00,2,8.26,8.26,8.26,1,False,,,,,,,,,,,,,['dom1'],['QQQ729']
7570,2026-09-21 09:31:00,2026-09-21,77,30239.60,piso,sostenido,False,giro de 15 pts,2026-09-21 09:38:00,7,0.10,0.10,0.10,0,False,24.40,24.50,24.40,2026-09-21 09:48:00,17.00,re-rotura,False,2026-09-21 09:59:00,30281.08,41.48,False,,['dom1'],['QQQ729']
7596,2026-09-21 09:57:00,2026-09-21,77,30239.60,piso,rota,False,3 cierres seguidos mas alla,2026-09-21 09:59:00,2,6.85,6.85,6.85,3,False,,,,,,,,,,,,,['dom1'],['QQQ729']
7604,2026-09-21 10:05:00,2026-09-21,77,30239.91,piso,sostenido,False,giro de 15 pts,2026-09-21 10:31:00,26,3.16,3.16,3.16,1,True,33.09,36.25,33.09,2026-09-21 10:39:00,34.00,re-rotura,False,2026-09-21 11:06:00,30281.39,41.48,False,,['dom1'],['QQQ729']
7626,2026-09-21 10:27:00,2026-09-21,79,30252.30,techo,sostenido,False,giro de 15 pts,2026-09-21 10:30:00,3,-0.55,-0.55,0.55,0,False,15.55,15.55,15.55,2026-09-21 10:30:00,3.00,re-rotura,False,2026-09-21 10:33:00,,,,,['dom1'],['QQQ729']
7634,2026-09-21 10:35:00,2026-09-21,81,30263.76,techo,sostenido,False,giro de 15 pts,2026-09-21 10:35:00,0,-1.76,-1.76,1.76,0,False,45.51,45.51,17.26,2026-09-21 11:26:00,51.00,re-rotura,False,2026-09-21 12:06:00,,,,,['dom1'],['QQQ729']
7638,2026-09-21 10:39:00,2026-09-21,81,30263.76,techo,sostenido,False,giro de 15 pts,2026-09-21 10:48:00,9,9.24,9.24,9.24,0,True,45.51,54.75,45.51,2026-09-21 11:26:00,47.00,re-rotura,False,2026-09-21 12:06:00,,,,,['dom1'],['QQQ729']
7700,2026-09-21 11:41:00,2026-09-21,84,30226.11,piso,sostenido,False,giro de 15 pts,2026-09-21 11:45:00,4,0.11,0.11,0.11,0,False,51.14,51.25,51.14,2026-09-21 12:05:00,24.00,re-rotura,False,2026-09-21 13:01:00,30309.15,83.04,False,,['dom1'],['QQQ728']
7723,2026-09-21 12:04:00,2026-09-21,83,30267.70,techo,rota,False,cierre mas alla de +5 con cuerpo 4.00,2026-09-21 12:06:00,2,9.55,9.55,9.55,2,False,,,,,,,,,,,,,['dom1'],['QQQ729']
7730,2026-09-21 12:11:00,2026-09-21,83,30267.87,techo,sostenido,False,giro de 15 pts,2026-09-21 12:14:00,3,-1.87,-1.87,1.87,0,False,65.62,65.62,65.62,2026-09-21 13:24:00,73.00,re-rotura,False,2026-09-21 13:37:00,,,,,['dom1'],['QQQ729']
7747,2026-09-21 12:28:00,2026-09-21,86,30226.53,piso,sostenido,False,giro de 15 pts,2026-09-21 12:44:00,16,4.28,4.28,4.28,1,True,32.22,36.50,32.22,2026-09-21 12:45:00,17.00,re-rotura,False,2026-09-21 13:01:00,30309.57,83.04,False,,['dom1'],['QQQ728']
7775,2026-09-21 12:56:00,2026-09-21,86,30226.99,piso,rota,False,3 cierres seguidos mas alla,2026-09-21 13:01:00,5,7.99,7.99,7.99,5,False,,,,,,,,,,,,,['dom1'],['QQQ728']
7784,2026-09-21 13:05:00,2026-09-21,86,30226.76,piso,rota,False,3 cierres seguidos mas alla,2026-09-21 13:18:00,13,6.51,6.51,6.51,6,False,,,,,,,,,,,,,['dom1'],['QQQ728']
8408,2026-09-22 00:29:00,2026-09-22,92,30895.12,techo,rota,False,cierre mas alla de +5 con cuerpo 12.75,2026-09-22 00:30:00,1,11.13,11.13,11.13,1,False,,,,,,,,,,,,,['dom0'],['QQQ744']
8413,2026-09-22 00:34:00,2026-09-22,92,30895.12,piso,rota,False,cierre mas alla de +5 con cuerpo 17.75,2026-09-22 00:34:00,0,31.12,31.12,31.12,1,False,,,,,,,,,,,,,['dom0'],['QQQ744']
8421,2026-09-22 00:42:00,2026-09-22,92,30895.12,techo,rota,False,3 cierres seguidos mas alla,2026-09-22 00:51:00,9,12.13,12.13,12.13,5,False,,,,,,,,,,,,,['dom0'],['QQQ744']
8434,2026-09-22 00:55:00,2026-09-22,92,30895.12,piso,rota,False,cierre mas alla de +5 con cuerpo 5.50,2026-09-22 01:03:00,8,11.87,11.87,11.87,3,False,,,,,,,,,,,,,['dom0'],['QQQ744']
8445,2026-09-22 01:06:00,2026-09-22,92,30895.12,techo,sostenido,False,giro de 15 pts,2026-09-22 01:11:00,5,2.38,2.38,2.38,0,True,86.87,89.25,28.12,2026-09-22 05:00:00,234.00,tope,False,,,,,,['dom0'],['QQQ744']
8472,2026-09-22 01:33:00,2026-09-22,92,30895.12,techo,sostenido,False,giro de 15 pts,2026-09-22 01:46:00,13,10.38,10.38,10.38,4,True,116.37,126.75,23.62,2026-09-22 05:32:00,239.00,tope,False,,,,,,['dom0'],['QQQ744']
8501,2026-09-22 02:02:00,2026-09-22,92,30895.12,techo,sostenido,False,giro de 15 pts,2026-09-22 02:09:00,7,-0.37,-0.37,0.37,0,False,116.37,116.37,28.87,2026-09-22 05:32:00,210.00,tope,False,,,,,,['dom0'],['QQQ744']
8539,2026-09-22 02:40:00,2026-09-22,92,30895.12,techo,indefinida,False,60 min sin definir,2026-09-22 03:40:00,60,4.13,4.13,4.13,6,False,,,,,,,,,,,,,['dom0'],['QQQ744']
8863,2026-09-22 08:04:00,2026-09-22,95,30729.01,piso,sostenido,False,giro de 15 pts,2026-09-22 08:05:00,1,3.01,3.01,3.01,0,True,18.49,21.50,18.49,2026-09-22 08:05:00,1.00,re-rotura,False,2026-09-22 08:16:00,30812.07,83.05,False,,"['dom0', 'dom1']",['QQQ740']
8866,2026-09-22 08:07:00,2026-09-22,95,30729.01,piso,sostenido,False,giro de 15 pts,2026-09-22 08:07:00,0,-1.99,-1.99,1.99,0,False,18.49,18.49,18.49,2026-09-22 08:08:00,1.00,re-rotura,False,2026-09-22 08:16:00,30812.07,83.05,False,,"['dom0', 'dom1']",['QQQ740']
8868,2026-09-22 08:09:00,2026-09-22,95,30729.01,piso,rota,False,cierre mas alla de +5 con cuerpo 5.00,2026-09-22 08:16:00,7,11.01,11.01,11.01,2,False,,,,,,,,,,,,,"['dom0', 'dom1']",['QQQ740']
8884,2026-09-22 08:25:00,2026-09-22,95,30729.01,techo,sostenido,False,giro de 15 pts,2026-09-22 08:25:00,0,5.74,5.74,5.74,0,True,58.01,63.75,58.01,2026-09-22 08:31:00,6.00,re-rotura,False,2026-09-22 08:39:00,30645.96,83.05,False,,"['dom0', 'dom1']",['QQQ740']
8898,2026-09-22 08:39:00,2026-09-22,95,30729.01,techo,rota,False,cierre mas alla de +5 con cuerpo 14.25,2026-09-22 08:39:00,0,14.99,14.99,14.99,1,False,,,,,,,,,,,,,"['dom0', 'dom1']",['QQQ740']
8971,2026-09-22 09:52:00,2026-09-22,100,30853.51,techo,sostenido,False,giro de 15 pts,2026-09-22 09:52:00,0,1.74,1.74,1.74,0,False,105.76,107.50,105.76,2026-09-22 12:09:00,137.00,re-rotura,False,2026-09-22 13:32:00,,,,,"['dom0', 'dom1']",['QQQ743']
10158,2026-09-23 06:39:00,2026-09-23,104,31094.18,techo,sostenido,False,giro de 15 pts,2026-09-23 06:43:00,4,0.57,0.57,0.57,0,False,96.68,97.25,96.68,2026-09-23 09:48:00,189.00,tope,False,,,,,,"['dom0', 'dom1']",['QQQ749']
11451,2026-09-24 22:06:00,2026-09-25,120,30714.67,piso,sostenido,False,giro de 15 pts,2026-09-24 22:07:00,1,5.67,5.67,5.67,0,True,20.83,26.50,20.83,2026-09-24 22:10:00,4.00,re-rotura,False,2026-09-24 22:26:00,30797.68,83.01,False,,"['dom0', 'dom1']",['QQQ740']
11465,2026-09-24 22:20:00,2026-09-25,120,30714.45,piso,rota,False,cierre mas alla de +5 con cuerpo 5.50,2026-09-24 22:26:00,6,8.95,8.95,8.95,2,False,,,,,,,,,,,,,"['dom0', 'dom1']",['QQQ740']
11474,2026-09-24 22:29:00,2026-09-25,120,30713.94,techo,rota,False,cierre mas alla de +5 con cuerpo 7.75,2026-09-24 22:30:00,1,11.06,11.06,11.06,1,False,,,,,,,,,,,,,"['dom0', 'dom1']",['QQQ740']
11477,2026-09-24 22:32:00,2026-09-25,120,30713.94,piso,sostenido,False,giro de 15 pts,2026-09-24 22:41:00,9,0.19,0.19,0.19,0,False,23.31,23.50,23.31,2026-09-24 23:05:00,33.00,re-rotura,False,2026-09-24 23:44:00,30796.95,83.01,False,,"['dom0', 'dom1']",['QQQ740']
11513,2026-09-24 23:08:00,2026-09-25,120,30714.58,piso,sostenido,False,giro de 15 pts,2026-09-24 23:27:00,19,4.33,4.33,4.33,0,True,19.17,23.50,19.17,2026-09-24 23:27:00,19.00,re-rotura,False,2026-09-24 23:44:00,30797.59,83.01,False,,"['dom0', 'dom1']",['QQQ740']
11548,2026-09-24 23:43:00,2026-09-25,120,30714.95,piso,rota,False,cierre mas alla de +5 con cuerpo 6.25,2026-09-24 23:44:00,1,7.20,7.20,7.20,2,False,,,,,,,,,,,,,"['dom0', 'dom1']",['QQQ740']
11568,2026-09-25 00:03:00,2026-09-25,120,30714.48,techo,sostenido,False,giro de 15 pts,2026-09-25 00:05:00,2,3.52,3.52,3.52,0,True,34.48,38.00,34.48,2026-09-25 00:15:00,12.00,re-rotura,False,2026-09-25 00:22:00,,,,,"['dom0', 'dom1']",['QQQ740']
11586,2026-09-25 00:21:00,2026-09-25,120,30713.73,techo,rota,False,cierre mas alla de +5 con cuerpo 12.75,2026-09-25 00:22:00,1,11.77,11.77,11.77,1,False,,,,,,,,,,,,,"['dom0', 'dom1']",['QQQ740']
11590,2026-09-25 00:25:00,2026-09-25,120,30713.73,piso,rota,False,3 cierres seguidos mas alla,2026-09-25 00:32:00,7,12.98,12.98,12.98,3,False,,,,,,,,,,,,,"['dom0', 'dom1']",['QQQ740']
11598,2026-09-25 00:33:00,2026-09-25,120,30714.81,techo,sostenido,False,giro de 15 pts,2026-09-25 00:36:00,3,-0.06,-0.06,0.06,0,False,32.81,32.81,32.81,2026-09-25 00:38:00,5.00,re-rotura,False,2026-09-25 01:10:00,,,,,"['dom0', 'dom1']",['QQQ740']
11632,2026-09-25 01:07:00,2026-09-25,120,30714.81,techo,rota,False,cierre mas alla de +5 con cuerpo 17.50,2026-09-25 01:10:00,3,21.19,21.19,21.19,2,False,,,,,,,,,,,,,"['dom0', 'dom1']",['QQQ740']
11666,2026-09-25 01:41:00,2026-09-25,119,30797.83,techo,rota,False,3 cierres seguidos mas alla,2026-09-25 01:43:00,2,11.67,11.67,11.67,3,False,,,,,,,,,,,,,"['dom0', 'dom1']",['QQQ742']
11669,2026-09-25 01:44:00,2026-09-25,119,30797.83,piso,rota,False,cierre mas alla de +5 con cuerpo 8.00,2026-09-25 01:47:00,3,13.83,13.83,13.83,3,False,,,,,,,,,,,,,"['dom0', 'dom1']",['QQQ742']
11674,2026-09-25 01:49:00,2026-09-25,119,30797.83,techo,sostenido,False,giro de 15 pts,2026-09-25 01:51:00,2,1.42,1.42,1.42,0,False,26.83,28.25,26.83,2026-09-25 01:56:00,7.00,re-rotura,False,2026-09-25 02:06:00,,,,,"['dom0', 'dom1']",['QQQ742']
11685,2026-09-25 02:00:00,2026-09-25,119,30797.83,techo,rota,False,cierre mas alla de +5 con cuerpo 9.00,2026-09-25 02:06:00,6,6.92,6.92,6.92,1,False,,,,,,,,,,,,,"['dom0', 'dom1']",['QQQ742']
11698,2026-09-25 02:13:00,2026-09-25,119,30797.83,piso,sostenido,False,giro de 15 pts,2026-09-25 02:21:00,8,3.83,3.83,3.83,1,True,16.67,20.50,16.67,2026-09-25 02:21:00,8.00,re-rotura,False,2026-09-25 02:28:00,30839.33,41.51,False,,"['dom0', 'dom1']",['QQQ742']
11710,2026-09-25 02:25:00,2026-09-25,119,30797.83,piso,rota,False,cierre mas alla de +5 con cuerpo 5.75,2026-09-25 02:28:00,3,7.33,7.33,7.33,2,False,,,,,,,,,,,,,"['dom0', 'dom1']",['QQQ742']
11751,2026-09-25 03:06:00,2026-09-25,119,30797.83,techo,rota,False,cierre mas alla de +5 con cuerpo 8.50,2026-09-25 03:07:00,1,9.92,9.92,9.92,2,False,,,,,,,,,,,,,"['dom0', 'dom1']",['QQQ742']
11755,2026-09-25 03:10:00,2026-09-25,119,30797.83,piso,rota,False,3 cierres seguidos mas alla,2026-09-25 03:27:00,17,9.83,9.83,9.83,6,False,,,,,,,,,,,,,"['dom0', 'dom1']",['QQQ742']
11775,2026-09-25 03:30:00,2026-09-25,119,30797.83,techo,rota,False,cierre mas alla de +5 con cuerpo 11.00,2026-09-25 03:37:00,7,7.42,7.42,7.42,2,False,,,,,,,,,,,,,"['dom0', 'dom1']",['QQQ742']
11788,2026-09-25 03:43:00,2026-09-25,119,30797.83,piso,rota,False,cierre mas alla de +5 con cuerpo 16.50,2026-09-25 03:44:00,1,13.58,13.58,13.58,1,False,,,,,,,,,,,,,"['dom0', 'dom1']",['QQQ742']
11870,2026-09-25 05:05:00,2026-09-25,119,30797.83,techo,rota,False,cierre mas alla de +5 con cuerpo 7.00,2026-09-25 05:09:00,4,12.17,12.17,12.17,3,False,,,,,,,,,,,,,"['dom0', 'dom1']",['QQQ742']
11879,2026-09-25 05:14:00,2026-09-25,119,30797.83,piso,sostenido,False,giro de 15 pts,2026-09-25 05:17:00,3,-0.92,-0.92,0.92,0,False,15.17,15.17,15.17,2026-09-25 05:17:00,3.00,re-rotura,False,2026-09-25 05:24:00,30839.33,41.51,False,,"['dom0', 'dom1']",['QQQ742']
11889,2026-09-25 05:24:00,2026-09-25,119,30797.83,piso,rota,False,cierre mas alla de +5 con cuerpo 10.50,2026-09-25 05:24:00,0,8.33,8.33,8.33,1,False,,,,,,,,,,,,,"['dom0', 'dom1']",['QQQ742']
12073,2026-09-25 08:28:00,2026-09-25,124,30922.35,techo,rota,False,3 cierres seguidos mas alla,2026-09-25 08:30:00,2,5.15,5.15,5.15,3,False,,,,,,,,,,,,,['dom0'],['QQQ745']
12081,2026-09-25 08:36:00,2026-09-25,124,30922.35,piso,rota,False,cierre mas alla de +5 con cuerpo 7.75,2026-09-25 08:39:00,3,11.10,11.10,11.10,2,False,,,,,,,,,,,,,['dom0'],['QQQ745']
12151,2026-09-25 09:46:00,2026-09-25,124,30921.78,piso,rota,False,3 cierres seguidos mas alla,2026-09-25 09:48:00,2,6.28,6.28,6.28,3,False,,,,,,,,,,,,,['dom0'],['QQQ745']
12157,2026-09-25 09:52:00,2026-09-25,124,30921.26,techo,rota,False,3 cierres seguidos mas alla,2026-09-25 09:55:00,3,2.99,2.99,2.99,3,False,,,,,,,,,,,,,['dom0'],['QQQ745']
12164,2026-09-25 09:59:00,2026-09-25,124,30920.74,piso,rota,False,cierre mas alla de +5 con cuerpo 10.50,2026-09-25 10:02:00,3,11.49,11.49,11.49,2,False,,,,,,,,,,,,,['dom0'],['QQQ745']
12176,2026-09-25 10:11:00,2026-09-25,124,30920.74,techo,rota,False,cierre mas alla de +5 con cuerpo 6.25,2026-09-25 10:13:00,2,9.51,9.51,9.51,2,False,,,,,,,,,,,,,['dom0'],['QQQ745']
12197,2026-09-25 10:32:00,2026-09-25,124,30921.26,piso,rota,False,cierre mas alla de +5 con cuerpo 10.25,2026-09-25 10:38:00,6,6.01,6.01,6.01,1,False,,,,,,,,,,,,,['dom0'],['QQQ745']
12206,2026-09-25 10:41:00,2026-09-25,124,30920.65,techo,rota,False,3 cierres seguidos mas alla,2026-09-25 10:49:00,8,7.10,7.10,7.10,6,False,,,,,,,,,,,,,['dom0'],['QQQ745']
12220,2026-09-25 10:55:00,2026-09-25,124,30920.56,piso,sostenido,False,giro de 15 pts,2026-09-25 11:01:00,6,7.31,7.31,7.31,4,True,77.94,85.25,16.94,2026-09-25 11:35:00,40.00,re-rotura,False,2026-09-25 12:32:00,,,,,['dom0'],['QQQ745']
12229,2026-09-25 11:04:00,2026-09-25,124,30919.90,piso,sostenido,False,giro de 15 pts,2026-09-25 11:06:00,2,0.40,0.40,0.40,0,False,78.60,79.00,78.60,2026-09-25 11:35:00,31.00,re-rotura,False,2026-09-25 12:32:00,,,,,['dom0'],['QQQ745']
12234,2026-09-25 11:09:00,2026-09-25,132,30961.40,techo,rota,False,cierre mas alla de +5 con cuerpo 12.50,2026-09-25 11:14:00,5,13.35,13.35,13.35,2,False,,,,,,,,,,,,,['dom1'],['QQQ746']
12264,2026-09-25 11:39:00,2026-09-25,132,30960.99,piso,sostenido,False,giro de 15 pts,2026-09-25 11:44:00,5,1.74,1.74,1.74,1,True,21.01,22.75,15.26,2026-09-25 11:52:00,13.00,re-rotura,False,2026-09-25 12:10:00,,,,,['dom1'],['QQQ746']
12275,2026-09-25 11:50:00,2026-09-25,132,30960.94,piso,sostenido,False,giro de 15 pts,2026-09-25 11:51:00,1,-1.31,-1.31,1.31,0,False,21.06,21.06,21.06,2026-09-25 11:52:00,2.00,re-rotura,False,2026-09-25 12:10:00,,,,,['dom1'],['QQQ746']
12284,2026-09-25 11:59:00,2026-09-25,132,30958.02,piso,sostenido,False,giro de 15 pts,2026-09-25 12:01:00,2,2.52,2.52,2.52,0,True,20.48,23.00,20.48,2026-09-25 12:01:00,2.00,re-rotura,False,2026-09-25 12:10:00,,,,,['dom1'],['QQQ746']
12295,2026-09-25 12:10:00,2026-09-25,134,30954.14,piso,rota,False,cierre mas alla de +5 con cuerpo 14.00,2026-09-25 12:10:00,0,7.14,7.14,7.14,1,False,,,,,,,,,,,,,['dom1'],['QQQ746']
12298,2026-09-25 12:13:00,2026-09-25,134,30954.14,piso,rota,False,3 cierres seguidos mas alla,2026-09-25 12:15:00,2,10.64,10.64,10.64,3,False,,,,,,,,,,,,,['dom1'],['QQQ746']
12317,2026-09-25 12:32:00,2026-09-25,133,30912.64,piso,rota,False,cierre mas alla de +5 con cuerpo 4.50,2026-09-25 12:37:00,5,9.39,9.39,9.39,3,False,,,,,,,,,,,,,['dom0'],['QQQ745']
12324,2026-09-25 12:39:00,2026-09-25,133,30912.64,techo,sostenido,False,giro de 15 pts,2026-09-25 12:42:00,3,1.36,1.36,1.36,0,False,145.39,146.75,34.89,2026-09-25 13:32:00,53.00,re-rotura,False,2026-09-25 13:55:00,30829.66,82.99,True,2026-09-25 13:27:00,['dom0'],['QQQ745']
12331,2026-09-25 12:46:00,2026-09-25,133,30912.64,techo,sostenido,False,giro de 15 pts,2026-09-25 12:47:00,1,6.86,6.86,6.86,0,True,145.39,152.25,32.89,2026-09-25 13:32:00,46.00,re-rotura,False,2026-09-25 13:55:00,30829.66,82.99,True,2026-09-25 13:27:00,['dom0'],['QQQ745']
12358,2026-09-25 13:13:00,2026-09-25,133,30910.72,techo,sostenido,False,giro de 15 pts,2026-09-25 13:15:00,2,-1.72,-1.72,1.72,0,False,143.47,143.47,143.47,2026-09-25 13:32:00,19.00,re-rotura,False,2026-09-25 13:55:00,30827.74,82.98,True,2026-09-25 13:27:00,['dom0'],['QQQ745']
13048,2026-09-28 01:54:00,2026-09-28,144,30747.06,piso,sostenido,False,giro de 15 pts,2026-09-28 01:57:00,3,4.06,4.06,4.06,0,True,20.19,24.25,20.19,2026-09-28 01:57:00,3.00,re-rotura,False,2026-09-28 02:00:00,,,,,"['dom0', 'dom1']",['QQQ741']
13055,2026-09-28 02:01:00,2026-09-28,144,30747.06,techo,sostenido,False,giro de 15 pts,2026-09-28 02:03:00,2,-0.81,-0.81,0.81,0,False,30.06,30.06,30.06,2026-09-28 02:08:00,7.00,re-rotura,False,2026-09-28 02:13:00,30705.57,41.49,False,,"['dom0', 'dom1']",['QQQ741']
13063,2026-09-28 02:09:00,2026-09-28,144,30747.06,techo,rota,False,cierre mas alla de +5 con cuerpo 4.75,2026-09-28 02:13:00,4,8.19,8.19,8.19,2,False,,,,,,,,,,,,,"['dom0', 'dom1']",['QQQ741']
13077,2026-09-28 02:23:00,2026-09-28,146,30705.57,piso,sostenido,False,giro de 15 pts,2026-09-28 02:27:00,4,4.57,4.57,4.57,1,True,29.68,34.25,29.68,2026-09-28 02:28:00,5.00,re-rotura,False,2026-09-28 02:36:00,,,,,"['dom0', 'dom1']",['QQQ740']
13084,2026-09-28 02:30:00,2026-09-28,146,30705.57,piso,sostenido,False,giro de 15 pts,2026-09-28 02:33:00,3,3.07,3.07,3.07,1,True,23.18,26.25,23.18,2026-09-28 02:33:00,3.00,re-rotura,False,2026-09-28 02:36:00,,,,,"['dom0', 'dom1']",['QQQ740']
13090,2026-09-28 02:36:00,2026-09-28,146,30705.57,piso,rota,False,cierre mas alla de +5 con cuerpo 17.25,2026-09-28 02:36:00,0,9.07,9.07,9.07,1,False,,,,,,,,,,,,,"['dom0', 'dom1']",['QQQ740']
13092,2026-09-28 02:38:00,2026-09-28,146,30705.57,techo,sostenido,False,giro de 15 pts,2026-09-28 02:47:00,9,4.18,4.18,4.18,0,True,124.32,128.50,38.57,2026-09-28 06:30:00,232.00,tope,False,,30622.58,82.99,True,2026-09-28 06:15:00,"['dom0', 'dom1']",['QQQ740']
13124,2026-09-28 03:10:00,2026-09-28,146,30705.57,techo,sostenido,False,giro de 15 pts,2026-09-28 03:11:00,1,-0.82,-0.82,0.82,0,False,124.32,124.32,68.07,2026-09-28 06:30:00,200.00,tope,False,,30622.58,82.99,True,2026-09-28 06:15:00,"['dom0', 'dom1']",['QQQ740']
13235,2026-09-28 05:01:00,2026-09-28,146,30705.57,techo,sostenido,False,giro de 15 pts,2026-09-28 05:03:00,2,-0.07,-0.07,0.07,0,False,134.57,134.57,134.57,2026-09-28 07:44:00,163.00,tope,False,,30622.58,82.99,True,2026-09-28 06:15:00,"['dom0', 'dom1']",['QQQ740']
13309,2026-09-28 06:15:00,2026-09-28,147,30622.58,piso,sostenido,False,giro de 15 pts,2026-09-28 06:16:00,1,0.33,0.33,0.33,0,False,15.67,16.00,15.67,2026-09-28 06:16:00,1.00,re-rotura,False,2026-09-28 06:19:00,30705.57,82.99,False,,"['dom0', 'dom1']",['QQQ738']
13311,2026-09-28 06:17:00,2026-09-28,147,30622.58,piso,rota,False,cierre mas alla de +5 con cuerpo 9.25,2026-09-28 06:19:00,2,16.83,16.83,16.83,3,False,,,,,,,,,,,,,"['dom0', 'dom1']",['QQQ738']
13330,2026-09-28 06:36:00,2026-09-28,147,30622.58,techo,rota,False,cierre mas alla de +5 con cuerpo 6.00,2026-09-28 06:38:00,2,5.92,5.92,5.92,1,False,,,,,,,,,,,,,"['dom0', 'dom1']",['QQQ738']
13337,2026-09-28 06:43:00,2026-09-28,147,30622.58,piso,rota,False,cierre mas alla de +5 con cuerpo 11.00,2026-09-28 06:44:00,1,11.58,11.58,11.58,2,False,,,,,,,,,,,,,"['dom0', 'dom1']",['QQQ738']
13354,2026-09-28 07:00:00,2026-09-28,147,30622.58,piso,rota,False,cierre mas alla de +5 con cuerpo 6.50,2026-09-28 07:02:00,2,9.83,9.83,9.83,1,False,,,,,,,,,,,,,"['dom0', 'dom1']",['QQQ738']
13363,2026-09-28 07:09:00,2026-09-28,147,30622.58,techo,sostenido,False,giro de 15 pts,2026-09-28 07:12:00,3,5.42,5.42,5.42,0,True,51.58,57.00,51.58,2026-09-28 07:44:00,35.00,re-rotura,False,2026-09-28 08:14:00,,,,,"['dom0', 'dom1']",['QQQ738']
13408,2026-09-28 07:54:00,2026-09-28,147,30622.58,techo,sostenido,False,giro de 15 pts,2026-09-28 07:57:00,3,6.92,6.92,6.92,1,True,33.83,40.75,33.83,2026-09-28 08:00:00,6.00,re-rotura,False,2026-09-28 08:14:00,30498.10,124.48,False,,"['dom0', 'dom1']",['QQQ738']
13422,2026-09-28 08:08:00,2026-09-28,147,30622.58,techo,sostenido,False,giro de 15 pts,2026-09-28 08:10:00,2,-1.58,-1.58,1.58,0,False,21.33,21.33,21.33,2026-09-28 08:13:00,5.00,re-rotura,False,2026-09-28 08:14:00,30581.08,41.49,False,,"['dom0', 'dom1']",['QQQ738']
13428,2026-09-28 08:14:00,2026-09-28,147,30622.58,techo,rota,False,cierre mas alla de +5 con cuerpo 17.75,2026-09-28 08:14:00,0,14.17,14.17,14.17,1,False,,,,,,,,,,,,,"['dom0', 'dom1']",['QQQ738']
13440,2026-09-28 08:26:00,2026-09-28,147,30622.58,techo,sostenido,False,giro de 15 pts,2026-09-28 08:27:00,1,1.67,1.67,1.67,0,False,87.58,89.25,16.58,2026-09-28 09:17:00,51.00,re-rotura,False,2026-09-28 11:00:00,,,,,"['dom0', 'dom1']",['QQQ738']
13443,2026-09-28 08:29:00,2026-09-28,147,30622.58,techo,sostenido,False,giro de 15 pts,2026-09-28 08:32:00,3,7.67,7.67,7.67,2,True,87.58,95.25,87.58,2026-09-28 09:17:00,48.00,re-rotura,False,2026-09-28 11:00:00,,,,,"['dom0', 'dom1']",['QQQ738']
13594,2026-09-28 11:00:00,2026-09-28,147,30620.54,techo,rota,False,cierre mas alla de +5 con cuerpo 44.50,2026-09-28 11:00:00,0,23.46,23.46,23.46,1,False,,,,,,,,,,,,,"['dom0', 'dom1']",['QQQ738']
13610,2026-09-28 11:16:00,2026-09-28,147,30620.08,techo,sostenido,False,giro de 15 pts,2026-09-28 11:19:00,3,9.17,9.17,9.17,2,True,32.08,41.25,32.08,2026-09-28 11:19:00,3.00,re-rotura,False,2026-09-28 11:23:00,30578.59,41.49,False,,"['dom0', 'dom1']",['QQQ738']
13616,2026-09-28 11:22:00,2026-09-28,147,30619.70,techo,rota,False,cierre mas alla de +5 con cuerpo 5.50,2026-09-28 11:23:00,1,16.55,16.55,16.55,2,False,,,,,,,,,,,,,"['dom0', 'dom1']",['QQQ738']
13627,2026-09-28 11:33:00,2026-09-28,147,30618.80,piso,sostenido,False,giro de 15 pts,2026-09-28 11:33:00,0,-0.45,-0.45,0.45,0,False,140.45,140.45,30.20,2026-09-28 13:32:00,119.00,re-rotura,False,2026-09-28 13:44:00,30701.78,82.98,True,2026-09-28 12:06:00,"['dom0', 'dom1']",['QQQ738']
13655,2026-09-28 12:01:00,2026-09-28,147,30618.41,piso,sostenido,False,giro de 15 pts,2026-09-28 12:04:00,3,7.91,7.91,7.91,1,True,140.84,148.75,140.84,2026-09-28 13:32:00,91.00,re-rotura,False,2026-09-28 13:44:00,30701.39,82.98,True,2026-09-28 12:06:00,"['dom0', 'dom1']",['QQQ738']
13660,2026-09-28 12:06:00,2026-09-28,156,30701.39,techo,rota,False,cierre mas alla de +5 con cuerpo 16.25,2026-09-28 12:06:00,0,10.86,10.86,10.86,1,False,,,,,,,,,,,,,"['dom0', 'dom1']",['QQQ740']
13668,2026-09-28 12:14:00,2026-09-28,156,30701.39,techo,rota,False,cierre mas alla de +5 con cuerpo 4.00,2026-09-28 12:16:00,2,10.86,10.86,10.86,3,False,,,,,,,,,,,,,"['dom0', 'dom1']",['QQQ740']
13676,2026-09-28 12:22:00,2026-09-28,156,30701.39,piso,rota,False,cierre mas alla de +5 con cuerpo 26.50,2026-09-28 12:22:00,0,6.64,6.64,6.64,1,False,,,,,,,,,,,,,"['dom0', 'dom1']",['QQQ740']
13679,2026-09-28 12:25:00,2026-09-28,156,30701.39,piso,sostenido,False,giro de 15 pts,2026-09-28 12:26:00,1,5.89,5.89,5.89,0,True,28.11,34.00,28.11,2026-09-28 12:26:00,1.00,re-rotura,False,2026-09-28 12:29:00,,,,,"['dom0', 'dom1']",['QQQ740']
13682,2026-09-28 12:28:00,2026-09-28,156,30701.39,piso,rota,False,cierre mas alla de +5 con cuerpo 4.25,2026-09-28 12:29:00,1,9.39,9.39,9.39,2,False,,,,,,,,,,,,,"['dom0', 'dom1']",['QQQ740']
13691,2026-09-28 12:37:00,2026-09-28,156,30701.39,piso,sostenido,False,giro de 15 pts,2026-09-28 12:42:00,5,7.14,7.14,7.14,1,True,52.36,59.50,52.36,2026-09-28 12:57:00,20.00,re-rotura,False,2026-09-28 13:24:00,,,,,"['dom0', 'dom1']",['QQQ740']
13699,2026-09-28 12:46:00,2026-09-28,157,30742.88,techo,sostenido,False,giro de 15 pts,2026-09-28 12:47:00,1,0.62,0.62,0.62,0,False,22.38,23.00,22.38,2026-09-28 12:48:00,2.00,re-rotura,False,2026-09-28 12:56:00,30701.39,41.49,False,,['dom1'],['QQQ741']
13707,2026-09-28 12:54:00,2026-09-28,157,30742.88,techo,sostenido,False,giro de 15 pts,2026-09-28 12:55:00,1,4.12,4.12,4.12,0,True,20.38,24.50,20.38,2026-09-28 12:55:00,1.00,re-rotura,False,2026-09-28 12:56:00,30701.39,41.49,False,,['dom1'],['QQQ741']
13716,2026-09-28 13:03:00,2026-09-28,156,30701.43,piso,sostenido,False,giro de 15 pts,2026-09-28 13:11:00,8,5.43,5.43,5.43,1,True,16.32,21.75,16.32,2026-09-28 13:11:00,8.00,re-rotura,False,2026-09-28 13:24:00,,,,,"['dom0', 'dom1']",['QQQ740']
13726,2026-09-28 13:13:00,2026-09-28,156,30701.43,piso,sostenido,False,giro de 15 pts,2026-09-28 13:16:00,3,-0.32,-0.32,0.32,0,False,15.32,15.32,15.32,2026-09-28 13:17:00,4.00,re-rotura,False,2026-09-28 13:24:00,,,,,"['dom0', 'dom1']",['QQQ740']
13731,2026-09-28 13:18:00,2026-09-28,156,30701.63,piso,rota,False,cierre mas alla de +5 con cuerpo 9.00,2026-09-28 13:22:00,4,11.13,11.13,11.13,3,False,,,,,,,,,,,,,"['dom0', 'dom1']",['QQQ740']
13741,2026-09-28 13:28:00,2026-09-28,156,30701.36,piso,sostenido,False,giro de 15 pts,2026-09-28 13:28:00,0,-0.89,-0.89,0.89,0,False,23.64,23.64,23.64,2026-09-28 13:28:00,0.00,re-rotura,False,2026-09-28 13:30:00,30742.85,41.49,False,,"['dom0', 'dom1']",['QQQ740']
14194,2026-09-28 22:01:00,2026-09-29,159,30543.20,piso,sostenido,False,giro de 15 pts,2026-09-28 22:04:00,3,6.20,6.20,6.20,1,True,72.05,78.25,15.30,2026-09-28 22:14:00,13.00,re-rotura,False,2026-09-29 00:23:00,,,,,['dom1'],['QQQ736']
14330,2026-09-29 00:17:00,2026-09-29,163,30540.47,piso,rota,False,cierre mas alla de +5 con cuerpo 18.25,2026-09-29 00:23:00,6,18.97,18.97,18.97,2,False,,,,,,,,,,,,,['dom1'],['QQQ736']
14341,2026-09-29 00:28:00,2026-09-29,163,30540.98,techo,sostenido,False,giro de 15 pts,2026-09-29 00:31:00,3,3.02,3.02,3.02,1,True,28.23,31.25,28.23,2026-09-29 00:31:00,3.00,re-rotura,False,2026-09-29 00:33:00,30499.48,41.50,False,,['dom1'],['QQQ736']
14345,2026-09-29 00:32:00,2026-09-29,163,30540.98,techo,rota,False,cierre mas alla de +5 con cuerpo 7.25,2026-09-29 00:33:00,1,11.52,11.52,11.52,2,False,,,,,,,,,,,,,['dom1'],['QQQ736']
14353,2026-09-29 00:40:00,2026-09-29,163,30540.98,piso,sostenido,False,giro de 15 pts,2026-09-29 00:42:00,2,0.48,0.48,0.48,0,False,17.52,18.00,17.52,2026-09-29 00:42:00,2.00,re-rotura,False,2026-09-29 00:45:00,,,,,['dom1'],['QQQ736']
14358,2026-09-29 00:45:00,2026-09-29,163,30540.98,piso,rota,False,cierre mas alla de +5 con cuerpo 19.25,2026-09-29 00:45:00,0,14.48,14.48,14.48,1,False,,,,,,,,,,,,,['dom1'],['QQQ736']
14362,2026-09-29 00:49:00,2026-09-29,158,30499.48,piso,sostenido,False,giro de 15 pts,2026-09-29 00:55:00,6,4.23,4.23,4.23,0,True,19.52,23.75,19.52,2026-09-29 00:55:00,6.00,re-rotura,False,2026-09-29 00:59:00,30540.98,41.50,False,,['dom0'],['QQQ735']
14370,2026-09-29 00:57:00,2026-09-29,158,30499.48,piso,rota,False,cierre mas alla de +5 con cuerpo 14.50,2026-09-29 00:59:00,2,5.73,5.73,5.73,1,False,,,,,,,,,,,,,['dom0'],['QQQ735']
14378,2026-09-29 01:05:00,2026-09-29,158,30499.48,piso,sostenido,False,giro de 15 pts,2026-09-29 01:06:00,1,1.23,1.23,1.23,0,False,15.27,16.50,15.27,2026-09-29 01:06:00,1.00,re-rotura,False,2026-09-29 01:10:00,30540.98,41.50,False,,['dom0'],['QQQ735']
14380,2026-09-29 01:07:00,2026-09-29,158,30499.48,piso,rota,False,cierre mas alla de +5 con cuerpo 8.25,2026-09-29 01:10:00,3,6.48,6.48,6.48,2,False,,,,,,,,,,,,,['dom0'],['QQQ735']
14403,2026-09-29 01:30:00,2026-09-29,158,30499.48,techo,sostenido,False,giro de 15 pts,2026-09-29 01:32:00,2,8.77,8.77,8.77,0,True,24.23,33.00,24.23,2026-09-29 01:32:00,2.00,re-rotura,False,2026-09-29 01:40:00,,,,,['dom0'],['QQQ735']
14410,2026-09-29 01:37:00,2026-09-29,158,30499.48,techo,rota,False,cierre mas alla de +5 con cuerpo 9.00,2026-09-29 01:40:00,3,16.02,16.02,16.02,3,False,,,,,,,,,,,,,['dom0'],['QQQ735']
14416,2026-09-29 01:43:00,2026-09-29,158,30499.48,piso,sostenido,False,giro de 15 pts,2026-09-29 01:44:00,1,3.98,3.98,3.98,0,True,18.52,22.50,17.52,2026-09-29 01:46:00,3.00,re-rotura,False,2026-09-29 01:49:00,30540.98,41.50,False,,['dom0'],['QQQ735']
14419,2026-09-29 01:46:00,2026-09-29,158,30499.48,piso,rota,False,3 cierres seguidos mas alla,2026-09-29 01:49:00,3,5.73,5.73,5.73,3,False,,,,,,,,,,,,,['dom0'],['QQQ735']
14427,2026-09-29 01:54:00,2026-09-29,158,30499.48,piso,rota,False,3 cierres seguidos mas alla,2026-09-29 02:04:00,10,6.23,6.23,6.23,4,False,,,,,,,,,,,,,['dom0'],['QQQ735']
14445,2026-09-29 02:12:00,2026-09-29,158,30499.48,techo,rota,False,cierre mas alla de +5 con cuerpo 17.75,2026-09-29 02:12:00,0,11.52,11.52,11.52,1,False,,,,,,,,,,,,,['dom0'],['QQQ735']
14448,2026-09-29 02:15:00,2026-09-29,158,30499.48,piso,sostenido,False,giro de 15 pts,2026-09-29 02:18:00,3,0.98,0.98,0.98,0,False,38.27,39.25,38.27,2026-09-29 02:19:00,4.00,re-rotura,False,2026-09-29 02:31:00,30540.98,41.50,False,,['dom0'],['QQQ735']
14464,2026-09-29 02:31:00,2026-09-29,158,30499.48,piso,rota,False,cierre mas alla de +5 con cuerpo 13.00,2026-09-29 02:31:00,0,9.98,9.98,9.98,1,False,,,,,,,,,,,,,['dom0'],['QQQ735']
14535,2026-09-29 03:42:00,2026-09-29,158,30499.48,techo,sostenido,False,giro de 15 pts,2026-09-29 03:44:00,2,0.52,0.52,0.52,0,False,127.73,128.25,127.73,2026-09-29 05:35:00,113.00,re-rotura,False,2026-09-29 06:22:00,,,,,['dom0'],['QQQ735']
14648,2026-09-29 05:35:00,2026-09-29,167,30375.00,piso,sostenido,False,giro de 15 pts,2026-09-29 05:39:00,4,3.25,3.25,3.25,0,True,260.00,263.25,260.00,2026-09-29 08:22:00,167.00,tope,False,,,,,,"['dom0', 'dom1']",['QQQ732']
14683,2026-09-29 06:10:00,2026-09-29,158,30499.48,techo,sostenido,False,giro de 15 pts,2026-09-29 06:16:00,6,6.27,6.27,6.27,1,True,30.48,36.75,30.48,2026-09-29 06:18:00,8.00,re-rotura,False,2026-09-29 06:22:00,,,,,['dom0'],['QQQ735']
14694,2026-09-29 06:21:00,2026-09-29,158,30499.48,techo,rota,False,cierre mas alla de +5 con cuerpo 9.00,2026-09-29 06:22:00,1,10.27,10.27,10.27,1,False,,,,,,,,,,,,,['dom0'],['QQQ735']
14697,2026-09-29 06:24:00,2026-09-29,158,30499.48,piso,sostenido,False,giro de 15 pts,2026-09-29 06:28:00,4,4.73,4.73,4.73,0,True,135.52,140.25,135.52,2026-09-29 08:22:00,118.00,tope,False,,30540.98,41.50,True,2026-09-29 06:30:00,['dom0'],['QQQ735']
14703,2026-09-29 06:30:00,2026-09-29,171,30540.98,techo,rota,False,3 cierres seguidos mas alla,2026-09-29 06:33:00,3,7.02,7.02,7.02,3,False,,,,,,,,,,,,,['dom1'],['QQQ736']
14708,2026-09-29 06:35:00,2026-09-29,171,30540.98,piso,sostenido,False,giro de 15 pts,2026-09-29 06:40:00,5,2.23,2.23,2.23,1,True,17.02,19.25,17.02,2026-09-29 06:54:00,19.00,re-rotura,False,2026-09-29 07:01:00,,,,,['dom1'],['QQQ736']
14729,2026-09-29 06:56:00,2026-09-29,171,30540.98,piso,rota,False,cierre mas alla de +5 con cuerpo 9.50,2026-09-29 07:01:00,5,12.23,12.23,12.23,2,False,,,,,,,,,,,,,['dom1'],['QQQ736']
14736,2026-09-29 07:03:00,2026-09-29,171,30540.98,techo,rota,False,cierre mas alla de +5 con cuerpo 7.00,2026-09-29 07:04:00,1,13.02,13.02,13.02,2,False,,,,,,,,,,,,,['dom1'],['QQQ736']
14883,2026-09-29 09:30:00,2026-09-29,171,30539.46,piso,sostenido,False,giro de 15 pts,2026-09-29 09:35:00,5,1.71,1.71,1.71,0,False,185.79,187.50,185.79,2026-09-29 13:30:00,240.00,tope,False,,,,,,['dom1'],['QQQ736']
14976,2026-09-29 11:03:00,2026-09-29,175,30662.56,techo,sostenido,False,giro de 15 pts,2026-09-29 11:04:00,1,5.19,5.19,5.19,0,True,34.06,39.25,18.31,2026-09-29 11:14:00,11.00,re-rotura,False,2026-09-29 11:49:00,,,,,"['dom0', 'dom1']",['QQQ739']
14978,2026-09-29 11:05:00,2026-09-29,175,30662.32,techo,sostenido,False,giro de 15 pts,2026-09-29 11:09:00,4,6.68,6.68,6.68,1,True,33.82,40.50,33.82,2026-09-29 11:14:00,9.00,re-rotura,False,2026-09-29 11:49:00,,,,,"['dom0', 'dom1']",['QQQ739']
15008,2026-09-29 11:35:00,2026-09-29,175,30661.11,techo,rota,False,3 cierres seguidos mas alla,2026-09-29 11:39:00,4,5.64,5.64,5.64,3,False,,,,,,,,,,,,,"['dom0', 'dom1']",['QQQ739']
15016,2026-09-29 11:43:00,2026-09-29,175,30661.11,techo,sostenido,False,giro de 15 pts,2026-09-29 11:47:00,4,0.89,0.89,0.89,0,False,17.61,18.50,17.61,2026-09-29 11:47:00,4.00,re-rotura,False,2026-09-29 11:49:00,,,,,"['dom0', 'dom1']",['QQQ739']
15022,2026-09-29 11:49:00,2026-09-29,175,30661.03,techo,rota,False,cierre mas alla de +5 con cuerpo 47.50,2026-09-29 11:49:00,0,41.72,41.72,41.72,1,False,,,,,,,,,,,,,"['dom0', 'dom1']",['QQQ739']
15022,2026-09-29 11:49:00,2026-09-29,176,30702.52,techo,sostenido,False,giro de 15 pts,2026-09-29 11:50:00,1,4.98,4.98,4.98,0,True,36.27,41.25,36.27,2026-09-29 11:51:00,2.00,re-rotura,False,2026-09-29 12:15:00,30661.03,41.49,False,,['dom0'],['QQQ740']
15034,2026-09-29 12:01:00,2026-09-29,176,30702.23,techo,sostenido,False,giro de 15 pts,2026-09-29 12:03:00,2,1.52,1.52,1.52,0,False,17.73,19.25,15.48,2026-09-29 12:06:00,5.00,re-rotura,False,2026-09-29 12:15:00,30660.74,41.49,False,,['dom0'],['QQQ740']
15046,2026-09-29 12:13:00,2026-09-29,176,30702.23,techo,rota,False,cierre mas alla de +5 con cuerpo 14.00,2026-09-29 12:15:00,2,15.27,15.27,15.27,1,False,,,,,,,,,,,,,['dom0'],['QQQ740']
15050,2026-09-29 12:17:00,2026-09-29,176,30702.23,piso,rota,False,cierre mas alla de +5 con cuerpo 6.25,2026-09-29 12:18:00,1,11.98,11.98,11.98,2,False,,,,,,,,,,,,,['dom0'],['QQQ740']
15053,2026-09-29 12:20:00,2026-09-29,176,30702.23,techo,sostenido,False,giro de 15 pts,2026-09-29 12:20:00,0,1.02,1.02,1.02,0,False,73.73,74.75,73.73,2026-09-29 12:59:00,39.00,re-rotura,False,2026-09-29 13:29:00,30660.74,41.49,True,2026-09-29 12:26:00,['dom0'],['QQQ740']
15059,2026-09-29 12:26:00,2026-09-29,175,30660.74,piso,sostenido,False,giro de 15 pts,2026-09-29 12:29:00,3,5.74,5.74,5.74,1,True,20.26,26.00,20.26,2026-09-29 12:30:00,4.00,re-rotura,False,2026-09-29 12:39:00,30702.23,41.49,False,,"['dom0', 'dom1']",['QQQ739']
15064,2026-09-29 12:31:00,2026-09-29,175,30660.74,piso,sostenido,False,giro de 15 pts,2026-09-29 12:32:00,1,-1.51,-1.51,1.51,0,False,20.01,20.01,20.01,2026-09-29 12:32:00,1.00,re-rotura,False,2026-09-29 12:39:00,30702.23,41.49,False,,"['dom0', 'dom1']",['QQQ739']
15067,2026-09-29 12:34:00,2026-09-29,175,30660.74,piso,rota,False,cierre mas alla de +5 con cuerpo 13.50,2026-09-29 12:39:00,5,9.74,9.74,9.74,1,False,,,,,,,,,,,,,"['dom0', 'dom1']",['QQQ739']
15077,2026-09-29 12:44:00,2026-09-29,175,30660.74,techo,sostenido,False,giro de 15 pts,2026-09-29 12:44:00,0,-1.24,-1.24,1.24,0,False,32.24,32.24,32.24,2026-09-29 12:59:00,15.00,re-rotura,False,2026-09-29 13:21:00,,,,,"['dom0', 'dom1']",['QQQ739']
15102,2026-09-29 13:09:00,2026-09-29,175,30660.47,techo,rota,False,cierre mas alla de +5 con cuerpo 7.75,2026-09-29 13:14:00,5,6.03,6.03,6.03,4,False,,,,,,,,,,,,,"['dom0', 'dom1']",['QQQ739']
15121,2026-09-29 13:28:00,2026-09-29,176,30701.29,techo,rota,False,cierre mas alla de +5 con cuerpo 13.00,2026-09-29 13:29:00,1,7.96,7.96,7.96,1,False,,,,,,,,,,,,,['dom0'],['QQQ740']
15583,2026-09-29 22:10:00,2026-09-30,177,30701.95,techo,sostenido,False,giro de 15 pts,2026-09-29 22:15:00,5,1.80,1.80,1.80,0,False,15.20,17.00,15.20,2026-09-29 22:15:00,5.00,re-rotura,False,2026-09-29 22:21:00,,,,,"['dom0', 'dom1']",['QQQ740']
15592,2026-09-29 22:19:00,2026-09-30,177,30701.89,techo,rota,False,3 cierres seguidos mas alla,2026-09-29 22:21:00,2,6.86,6.86,6.86,3,False,,,,,,,,,,,,,"['dom0', 'dom1']",['QQQ740']
15671,2026-09-29 23:38:00,2026-09-30,177,30700.42,techo,rota,False,3 cierres seguidos mas alla,2026-09-29 23:54:00,16,6.58,6.58,6.58,7,False,,,,,,,,,,,,,"['dom0', 'dom1']",['QQQ740']
15691,2026-09-29 23:58:00,2026-09-30,177,30700.77,piso,sostenido,False,giro de 15 pts,2026-09-30 00:00:00,2,-0.48,-0.48,0.48,0,False,36.48,36.48,36.48,2026-09-30 00:06:00,8.00,re-rotura,False,2026-09-30 00:22:00,30742.26,41.49,False,,"['dom0', 'dom1']",['QQQ740']
15711,2026-09-30 00:18:00,2026-09-30,177,30700.59,piso,rota,False,cierre mas alla de +5 con cuerpo 10.00,2026-09-30 00:36:00,18,13.84,13.84,13.84,7,False,,,,,,,,,,,,,"['dom0', 'dom1']",['QQQ740']
16174,2026-09-30 08:01:00,2026-09-30,177,30701.94,techo,sostenido,False,giro de 15 pts,2026-09-30 08:04:00,3,5.56,5.56,5.56,1,True,190.19,195.75,190.19,2026-09-30 11:20:00,199.00,tope,False,,,,,,"['dom0', 'dom1']",['QQQ740']
16363,2026-09-30 11:10:00,2026-09-30,190,30534.20,piso,sostenido,False,giro de 15 pts,2026-09-30 11:12:00,2,4.70,4.70,4.70,0,True,19.30,24.00,19.30,2026-09-30 11:13:00,3.00,re-rotura,False,2026-09-30 11:15:00,,,,,['dom0'],['QQQ736']
16367,2026-09-30 11:14:00,2026-09-30,190,30534.20,piso,rota,False,cierre mas alla de +5 con cuerpo 19.00,2026-09-30 11:15:00,1,14.95,14.95,14.95,1,False,,,,,,,,,,,,,['dom0'],['QQQ736']
16375,2026-09-30 11:22:00,2026-09-30,190,30534.40,techo,rota,False,cierre mas alla de +5 con cuerpo 21.00,2026-09-30 11:22:00,0,15.85,15.85,15.85,1,False,,,,,,,,,,,,,['dom0'],['QQQ736']
16428,2026-09-30 12:15:00,2026-09-30,190,30533.99,piso,sostenido,False,giro de 15 pts,2026-09-30 12:15:00,0,2.49,2.49,2.49,0,True,372.01,374.50,372.01,2026-09-30 15:50:00,215.00,tope,False,,,,,,['dom0'],['QQQ736']
16443,2026-09-30 12:30:00,2026-09-30,196,30699.94,techo,rota,False,cierre mas alla de +5 con cuerpo 84.50,2026-09-30 12:31:00,1,77.56,77.56,77.56,1,False,,,,,,,,,,,,,"['dom0', 'dom1']",['QQQ740']
16444,2026-09-30 12:31:00,2026-09-30,197,30741.42,techo,rota,False,cierre mas alla de +5 con cuerpo 84.50,2026-09-30 12:31:00,0,36.08,36.08,36.08,1,False,,,,,,,,,,,,,['dom1'],['QQQ741']
16446,2026-09-30 12:33:00,2026-09-30,197,30741.42,piso,rota,False,cierre mas alla de +5 con cuerpo 23.75,2026-09-30 12:33:00,0,21.42,21.42,21.42,1,False,,,,,,,,,,,,,['dom1'],['QQQ741']
16450,2026-09-30 12:37:00,2026-09-30,196,30699.94,piso,sostenido,False,giro de 15 pts,2026-09-30 12:40:00,3,17.69,17.69,17.69,2,True,37.56,55.25,37.56,2026-09-30 12:43:00,6.00,re-rotura,False,2026-09-30 12:46:00,30741.42,41.49,False,,"['dom0', 'dom1']",['QQQ740']
16459,2026-09-30 12:46:00,2026-09-30,196,30699.94,piso,rota,False,cierre mas alla de +5 con cuerpo 34.75,2026-09-30 12:46:00,0,8.94,8.94,8.94,1,False,,,,,,,,,,,,,"['dom0', 'dom1']",['QQQ740']
16461,2026-09-30 12:48:00,2026-09-30,196,30699.94,techo,sostenido,False,giro de 15 pts,2026-09-30 12:51:00,3,4.81,4.81,4.81,0,True,15.19,20.00,15.19,2026-09-30 12:51:00,3.00,re-rotura,False,2026-09-30 12:53:00,,,,,"['dom0', 'dom1']",['QQQ740']
16467,2026-09-30 12:54:00,2026-09-30,197,30741.42,techo,sostenido,False,giro de 15 pts,2026-09-30 12:55:00,1,-0.92,-0.92,0.92,0,False,32.42,32.42,18.17,2026-09-30 12:59:00,5.00,re-rotura,False,2026-09-30 13:04:00,30699.94,41.49,False,,['dom1'],['QQQ741']
16470,2026-09-30 12:57:00,2026-09-30,197,30741.42,techo,sostenido,False,giro de 15 pts,2026-09-30 12:57:00,0,2.58,2.58,2.58,0,True,32.42,35.00,32.42,2026-09-30 12:59:00,2.00,re-rotura,False,2026-09-30 13:04:00,30699.94,41.49,False,,['dom1'],['QQQ741']
16473,2026-09-30 13:00:00,2026-09-30,197,30741.42,techo,rota,False,cierre mas alla de +5 con cuerpo 5.50,2026-09-30 13:04:00,4,8.58,8.58,8.58,4,False,,,,,,,,,,,,,['dom1'],['QQQ741']
16481,2026-09-30 13:08:00,2026-09-30,197,30741.84,piso,sostenido,False,giro de 15 pts,2026-09-30 13:11:00,3,5.34,5.34,5.34,1,True,19.41,24.75,16.91,2026-09-30 13:12:00,4.00,re-rotura,False,2026-09-30 13:15:00,,,,,['dom1'],['QQQ741']
16493,2026-09-30 13:20:00,2026-09-30,196,30700.37,piso,rota,False,3 cierres seguidos mas alla,2026-09-30 13:22:00,2,6.87,6.87,6.87,3,False,,,,,,,,,,,,,"['dom0', 'dom1']",['QQQ740']
16501,2026-09-30 13:28:00,2026-09-30,196,30700.37,piso,sostenido,False,giro de 15 pts,2026-09-30 13:30:00,2,18.12,18.12,18.12,1,True,205.63,223.75,205.63,2026-09-30 15:50:00,142.00,tope,False,,30741.85,41.49,True,2026-09-30 13:31:00,"['dom0', 'dom1']",['QQQ740']
17228,2026-10-01 02:35:00,2026-10-01,201,30866.49,techo,sostenido,False,giro de 15 pts,2026-10-01 02:50:00,15,3.26,3.26,3.26,1,True,16.74,20.00,16.74,2026-10-01 02:51:00,16.00,re-rotura,False,2026-10-01 03:00:00,,,,,"['dom0', 'dom1']",['QQQ744']
17245,2026-10-01 02:52:00,2026-10-01,201,30866.49,techo,rota,False,cierre mas alla de +5 con cuerpo 12.50,2026-10-01 03:00:00,8,12.76,12.76,12.76,1,False,,,,,,,,,,,,,"['dom0', 'dom1']",['QQQ744']
17257,2026-10-01 03:04:00,2026-10-01,201,30866.49,piso,sostenido,False,giro de 15 pts,2026-10-01 03:15:00,11,-1.51,-1.51,1.51,0,False,283.76,283.76,19.51,2026-10-01 06:11:00,187.00,tope,False,,30907.98,41.49,True,2026-10-01 03:54:00,"['dom0', 'dom1']",['QQQ744']
17275,2026-10-01 03:22:00,2026-10-01,201,30866.49,piso,sostenido,False,giro de 15 pts,2026-10-01 03:43:00,21,6.24,6.24,6.24,3,True,283.76,290.00,283.76,2026-10-01 06:11:00,169.00,tope,False,,30907.98,41.49,True,2026-10-01 03:54:00,"['dom0', 'dom1']",['QQQ744']
17307,2026-10-01 03:54:00,2026-10-01,207,30907.98,techo,rota,False,3 cierres seguidos mas alla,2026-10-01 03:56:00,2,11.02,11.02,11.02,3,False,,,,,,,,,,,,,['dom0'],['QQQ745']
17373,2026-10-01 05:00:00,2026-10-01,208,30990.95,techo,rota,False,cierre mas alla de +5 con cuerpo 5.50,2026-10-01 05:04:00,4,11.55,11.55,11.55,2,False,,,,,,,,,,,,,"['dom0', 'dom1']",['QQQ747']
17433,2026-10-01 06:00:00,2026-10-01,210,31115.41,techo,rota,False,cierre mas alla de +5 con cuerpo 25.25,2026-10-01 06:00:00,0,6.84,6.84,6.84,1,False,,,,,,,,,,,,,['dom0'],['QQQ750']
17439,2026-10-01 06:06:00,2026-10-01,210,31115.41,piso,sostenido,False,giro de 15 pts,2026-10-01 06:07:00,1,-1.59,-1.59,1.59,0,False,34.84,34.84,15.59,2026-10-01 06:11:00,5.00,re-rotura,False,2026-10-01 06:32:00,,,,,['dom0'],['QQQ750']
17441,2026-10-01 06:08:00,2026-10-01,210,31115.41,piso,sostenido,False,giro de 15 pts,2026-10-01 06:09:00,1,-0.59,-0.59,0.59,0,False,34.84,34.84,34.84,2026-10-01 06:11:00,3.00,re-rotura,False,2026-10-01 06:32:00,,,,,['dom0'],['QQQ750']
17451,2026-10-01 06:18:00,2026-10-01,210,31115.41,piso,sostenido,False,giro de 15 pts,2026-10-01 06:21:00,3,4.16,4.16,4.16,0,True,26.34,30.50,24.09,2026-10-01 06:30:00,12.00,re-rotura,False,2026-10-01 06:32:00,,,,,['dom0'],['QQQ750']
17458,2026-10-01 06:25:00,2026-10-01,210,31115.41,piso,sostenido,False,giro de 15 pts,2026-10-01 06:29:00,4,6.16,6.16,6.16,1,True,26.34,32.50,26.34,2026-10-01 06:30:00,5.00,re-rotura,False,2026-10-01 06:32:00,,,,,['dom0'],['QQQ750']
17464,2026-10-01 06:31:00,2026-10-01,210,31115.41,piso,rota,False,cierre mas alla de +5 con cuerpo 10.00,2026-10-01 06:32:00,1,8.66,8.66,8.66,1,False,,,,,,,,,,,,,['dom0'],['QQQ750']
17468,2026-10-01 06:35:00,2026-10-01,210,31115.41,techo,sostenido,False,giro de 15 pts,2026-10-01 06:36:00,1,2.84,2.84,2.84,0,True,358.41,361.25,358.41,2026-10-01 08:33:00,118.00,tope,False,,31032.44,82.97,True,2026-10-01 06:45:00,['dom0'],['QQQ750']
17505,2026-10-01 07:12:00,2026-10-01,213,30990.95,piso,rota,False,cierre mas alla de +5 con cuerpo 20.25,2026-10-01 07:13:00,1,21.20,21.20,21.20,1,False,,,,,,,,,,,,,"['dom0', 'dom1']",['QQQ747']
17515,2026-10-01 07:22:00,2026-10-01,214,30907.98,piso,sostenido,False,giro de 15 pts,2026-10-01 07:22:00,0,1.98,1.98,1.98,0,False,17.02,19.00,16.52,2026-10-01 07:23:00,1.00,re-rotura,False,2026-10-01 07:24:00,30990.95,82.97,False,,['dom0'],['QQQ745']
17519,2026-10-01 07:26:00,2026-10-01,215,30866.49,piso,rota,False,cierre mas alla de +5 con cuerpo 34.00,2026-10-01 07:26:00,0,30.49,30.49,30.49,1,False,,,,,,,,,,,,,"['dom0', 'dom1']",['QQQ744']
17525,2026-10-01 07:32:00,2026-10-01,215,30866.49,techo,sostenido,False,giro de 15 pts,2026-10-01 07:32:00,0,1.01,1.01,1.01,0,False,53.24,54.25,15.74,2026-10-01 07:43:00,11.00,re-rotura,False,2026-10-01 07:53:00,,,,,"['dom0', 'dom1']",['QQQ744']
17531,2026-10-01 07:38:00,2026-10-01,215,30866.49,techo,sostenido,False,giro de 15 pts,2026-10-01 07:39:00,1,2.76,2.76,2.76,0,True,53.24,56.00,53.24,2026-10-01 07:43:00,5.00,re-rotura,False,2026-10-01 07:53:00,,,,,"['dom0', 'dom1']",['QQQ744']
17544,2026-10-01 07:51:00,2026-10-01,215,30866.49,techo,sostenido,False,giro de 15 pts,2026-10-01 07:52:00,1,11.01,11.01,11.01,0,True,15.99,27.00,15.99,2026-10-01 07:52:00,1.00,re-rotura,False,2026-10-01 07:53:00,,,,,"['dom0', 'dom1']",['QQQ744']
17550,2026-10-01 07:57:00,2026-10-01,215,30866.49,piso,rota,False,cierre mas alla de +5 con cuerpo 22.25,2026-10-01 07:57:00,0,10.74,10.74,10.74,1,False,,,,,,,,,,,,,"['dom0', 'dom1']",['QQQ744']
17552,2026-10-01 07:59:00,2026-10-01,215,30866.49,techo,sostenido,False,giro de 15 pts,2026-10-01 07:59:00,0,-0.74,-0.74,0.74,0,False,22.99,22.99,15.99,2026-10-01 08:02:00,3.00,re-rotura,False,2026-10-01 08:03:00,,,,,"['dom0', 'dom1']",['QQQ744']
17558,2026-10-01 08:05:00,2026-10-01,214,30907.98,techo,sostenido,False,giro de 15 pts,2026-10-01 08:05:00,0,-1.48,-1.48,1.48,0,False,150.98,150.98,150.98,2026-10-01 08:33:00,28.00,re-rotura,False,2026-10-01 10:42:00,,,,,['dom0'],['QQQ745']
17561,2026-10-01 08:08:00,2026-10-01,215,30866.49,piso,rota,False,cierre mas alla de +5 con cuerpo 36.25,2026-10-01 08:09:00,1,43.49,43.49,43.49,2,False,,,,,,,,,,,,,"['dom0', 'dom1']",['QQQ744']
17582,2026-10-01 08:29:00,2026-10-01,218,30783.51,piso,rota,False,cierre mas alla de +5 con cuerpo 18.50,2026-10-01 08:31:00,2,18.26,18.26,18.26,2,False,,,,,,,,,,,,,['dom1'],['QQQ742']
17617,2026-10-01 09:04:00,2026-10-01,215,30866.49,techo,rota,False,cierre mas alla de +5 con cuerpo 17.00,2026-10-01 09:04:00,0,13.51,13.51,13.51,1,False,,,,,,,,,,,,,"['dom0', 'dom1']",['QQQ744']
17619,2026-10-01 09:06:00,2026-10-01,215,30868.64,piso,sostenido,False,giro de 15 pts,2026-10-01 09:08:00,2,0.14,0.14,0.14,0,False,36.11,36.25,16.11,2026-10-01 09:35:00,29.00,re-rotura,False,2026-10-01 09:40:00,30910.13,41.49,False,,"['dom0', 'dom1']",['QQQ744']
17626,2026-10-01 09:13:00,2026-10-01,215,30868.64,piso,sostenido,False,giro de 15 pts,2026-10-01 09:14:00,1,-1.86,-1.86,1.86,0,False,36.11,36.11,18.36,2026-10-01 09:35:00,22.00,re-rotura,False,2026-10-01 09:40:00,30910.13,41.49,False,,"['dom0', 'dom1']",['QQQ744']
17629,2026-10-01 09:16:00,2026-10-01,215,30868.64,piso,sostenido,False,giro de 15 pts,2026-10-01 09:21:00,5,4.89,4.89,4.89,2,True,36.11,41.00,36.11,2026-10-01 09:35:00,19.00,re-rotura,False,2026-10-01 09:40:00,30910.13,41.49,False,,"['dom0', 'dom1']",['QQQ744']
17650,2026-10-01 09:37:00,2026-10-01,215,30868.64,piso,rota,False,cierre mas alla de +5 con cuerpo 8.00,2026-10-01 09:40:00,3,6.89,6.89,6.89,1,False,,,,,,,,,,,,,"['dom0', 'dom1']",['QQQ744']
17660,2026-10-01 09:47:00,2026-10-01,215,30868.41,techo,rota,False,cierre mas alla de +5 con cuerpo 13.00,2026-10-01 09:47:00,0,9.84,9.84,9.84,1,False,,,,,,,,,,,,,"['dom0', 'dom1']",['QQQ744']
17662,2026-10-01 09:49:00,2026-10-01,215,30868.41,piso,rota,False,cierre mas alla de +5 con cuerpo 16.00,2026-10-01 09:54:00,5,22.41,22.41,22.41,2,False,,,,,,,,,,,,,"['dom0', 'dom1']",['QQQ744']
17673,2026-10-01 10:00:00,2026-10-01,215,30868.39,techo,sostenido,False,giro de 15 pts,2026-10-01 10:00:00,0,0.61,0.61,0.61,0,False,86.14,86.75,86.14,2026-10-01 10:06:00,6.00,re-rotura,False,2026-10-01 10:20:00,,,,,"['dom0', 'dom1']",['QQQ744']
17691,2026-10-01 10:18:00,2026-10-01,215,30868.39,techo,rota,False,cierre mas alla de +5 con cuerpo 14.25,2026-10-01 10:20:00,2,5.61,5.61,5.61,1,False,,,,,,,,,,,,,"['dom0', 'dom1']",['QQQ744']
17715,2026-10-01 10:42:00,2026-10-01,214,30909.89,techo,rota,False,cierre mas alla de +5 con cuerpo 41.00,2026-10-01 10:42:00,0,17.11,17.11,17.11,1,False,,,,,,,,,,,,,['dom0'],['QQQ745']
17734,2026-10-01 11:01:00,2026-10-01,214,30909.73,piso,rota,False,cierre mas alla de +5 con cuerpo 11.25,2026-10-01 11:04:00,3,8.98,8.98,8.98,1,False,,,,,,,,,,,,,['dom0'],['QQQ745']
17743,2026-10-01 11:10:00,2026-10-01,215,30867.79,piso,sostenido,False,giro de 15 pts,2026-10-01 11:10:00,0,-0.71,-0.71,0.71,0,False,20.71,20.71,20.71,2026-10-01 11:11:00,1.00,re-rotura,False,2026-10-01 11:15:00,30909.28,41.49,False,,"['dom0', 'dom1']",['QQQ744']
17747,2026-10-01 11:14:00,2026-10-01,215,30866.67,piso,rota,False,cierre mas alla de +5 con cuerpo 8.75,2026-10-01 11:15:00,1,23.17,23.17,23.17,2,False,,,,,,,,,,,,,"['dom0', 'dom1']",['QQQ744']
17768,2026-10-01 11:35:00,2026-10-01,215,30862.49,techo,sostenido,False,giro de 15 pts,2026-10-01 11:36:00,1,0.01,0.01,0.01,0,False,19.49,19.50,19.49,2026-10-01 11:36:00,1.00,re-rotura,False,2026-10-01 11:37:00,,,,,"['dom0', 'dom1']",['QQQ744']
17781,2026-10-01 11:48:00,2026-10-01,214,30902.91,techo,sostenido,False,giro de 15 pts,2026-10-01 11:52:00,4,6.09,6.09,6.09,1,True,371.41,377.50,23.66,2026-10-01 15:11:00,203.00,tope,False,,,,,,['dom0'],['QQQ745']
17790,2026-10-01 11:57:00,2026-10-01,214,30902.91,techo,sostenido,False,giro de 15 pts,2026-10-01 11:58:00,1,-0.66,-0.66,0.66,0,False,371.41,371.41,371.41,2026-10-01 15:11:00,194.00,tope,False,,,,,,['dom0'],['QQQ745']
17796,2026-10-01 12:03:00,2026-10-01,215,30861.11,piso,rota,False,cierre mas alla de +5 con cuerpo 9.50,2026-10-01 12:04:00,1,9.11,9.11,9.11,1,False,,,,,,,,,,,,,"['dom0', 'dom1']",['QQQ744']
17799,2026-10-01 12:06:00,2026-10-01,215,30861.11,techo,rota,False,cierre mas alla de +5 con cuerpo 12.00,2026-10-01 12:06:00,0,6.89,6.89,6.89,1,False,,,,,,,,,,,,,"['dom0', 'dom1']",['QQQ744']
17806,2026-10-01 12:13:00,2026-10-01,215,30860.67,piso,rota,False,cierre mas alla de +5 con cuerpo 12.50,2026-10-01 12:14:00,1,8.42,8.42,8.42,1,False,,,,,,,,,,,,,"['dom0', 'dom1']",['QQQ744']
17818,2026-10-01 12:25:00,2026-10-01,215,30859.92,techo,sostenido,False,giro de 15 pts,2026-10-01 12:26:00,1,-0.67,-0.67,0.67,0,False,30.17,30.17,30.17,2026-10-01 12:26:00,1.00,re-rotura,False,2026-10-01 12:34:00,,,,,"['dom0', 'dom1']",['QQQ744']
17822,2026-10-01 12:29:00,2026-10-01,215,30859.40,techo,rota,False,cierre mas alla de +5 con cuerpo 9.00,2026-10-01 12:34:00,5,10.60,10.60,10.60,2,False,,,,,,,,,,,,,"['dom0', 'dom1']",['QQQ744']
17830,2026-10-01 12:37:00,2026-10-01,215,30859.92,piso,sostenido,False,giro de 15 pts,2026-10-01 12:40:00,3,4.92,4.92,4.92,2,True,18.58,23.50,18.58,2026-10-01 12:41:00,4.00,re-rotura,False,2026-10-01 12:44:00,30901.40,41.48,False,,"['dom0', 'dom1']",['QQQ744']
17835,2026-10-01 12:42:00,2026-10-01,215,30860.52,piso,rota,False,cierre mas alla de +5 con cuerpo 18.00,2026-10-01 12:44:00,2,15.52,15.52,15.52,1,False,,,,,,,,,,,,,"['dom0', 'dom1']",['QQQ744']
17840,2026-10-01 12:47:00,2026-10-01,215,30860.52,techo,sostenido,False,giro de 15 pts,2026-10-01 12:47:00,0,-1.27,-1.27,1.27,0,False,329.02,329.02,329.02,2026-10-01 15:11:00,144.00,tope,False,,,,,,"['dom0', 'dom1']",['QQQ744']
17861,2026-10-01 13:08:00,2026-10-01,215,30858.36,techo,sostenido,False,giro de 15 pts,2026-10-01 13:09:00,1,-0.36,-0.36,0.36,0,False,326.86,326.86,20.36,2026-10-01 15:11:00,123.00,tope,False,,,,,,"['dom0', 'dom1']",['QQQ744']
17865,2026-10-01 13:12:00,2026-10-01,215,30858.42,techo,sostenido,False,giro de 15 pts,2026-10-01 13:14:00,2,-0.67,-0.67,0.67,0,False,326.92,326.92,326.92,2026-10-01 15:11:00,119.00,tope,False,,,,,,"['dom0', 'dom1']",['QQQ744']
18473,2026-10-02 00:20:00,2026-10-02,229,30897.44,techo,rota,False,cierre mas alla de +5 con cuerpo 4.25,2026-10-02 00:21:00,1,10.56,10.56,10.56,2,False,,,,,,,,,,,,,['dom0'],['QQQ745']
18478,2026-10-02 00:25:00,2026-10-02,229,30897.44,piso,rota,False,cierre mas alla de +5 con cuerpo 17.50,2026-10-02 00:25:00,0,6.44,6.44,6.44,1,False,,,,,,,,,,,,,['dom0'],['QQQ745']
18484,2026-10-02 00:31:00,2026-10-02,227,30855.97,techo,sostenido,False,giro de 15 pts,2026-10-02 00:34:00,3,-0.97,-0.97,0.97,0,False,15.97,15.97,15.97,2026-10-02 00:34:00,3.00,re-rotura,False,2026-10-02 00:37:00,,,,,"['dom0', 'dom1']",['QQQ744']
18505,2026-10-02 00:52:00,2026-10-02,227,30855.97,techo,sostenido,False,giro de 15 pts,2026-10-02 00:59:00,7,6.78,6.78,6.78,3,True,65.22,72.00,15.97,2026-10-02 01:37:00,45.00,re-rotura,False,2026-10-02 01:58:00,,,,,"['dom0', 'dom1']",['QQQ744']
18514,2026-10-02 01:01:00,2026-10-02,227,30855.97,techo,sostenido,False,giro de 15 pts,2026-10-02 01:02:00,1,-1.47,-1.47,1.47,0,False,65.22,65.22,65.22,2026-10-02 01:37:00,36.00,re-rotura,False,2026-10-02 01:58:00,,,,,"['dom0', 'dom1']",['QQQ744']
18565,2026-10-02 01:52:00,2026-10-02,227,30855.97,techo,sostenido,False,giro de 15 pts,2026-10-02 01:55:00,3,5.78,5.78,5.78,0,True,22.47,28.25,22.47,2026-10-02 01:55:00,3.00,re-rotura,False,2026-10-02 01:58:00,,,,,"['dom0', 'dom1']",['QQQ744']
18586,2026-10-02 02:13:00,2026-10-02,227,30855.97,techo,rota,False,cierre mas alla de +5 con cuerpo 16.75,2026-10-02 02:13:00,0,9.53,9.53,9.53,1,False,,,,,,,,,,,,,"['dom0', 'dom1']",['QQQ744']
18633,2026-10-02 03:00:00,2026-10-02,229,30897.44,techo,sostenido,False,giro de 15 pts,2026-10-02 03:08:00,8,2.56,2.56,2.56,1,True,35.44,38.00,35.44,2026-10-02 03:49:00,49.00,re-rotura,False,2026-10-02 04:01:00,,,,,['dom0'],['QQQ745']
18694,2026-10-02 04:01:00,2026-10-02,229,30897.44,techo,rota,False,cierre mas alla de +5 con cuerpo 13.00,2026-10-02 04:01:00,0,5.81,5.81,5.81,1,False,,,,,,,,,,,,,['dom0'],['QQQ745']
18697,2026-10-02 04:04:00,2026-10-02,229,30897.44,techo,rota,False,cierre mas alla de +5 con cuerpo 5.50,2026-10-02 04:25:00,21,9.81,9.81,9.81,5,False,,,,,,,,,,,,,['dom0'],['QQQ745']
18720,2026-10-02 04:27:00,2026-10-02,229,30897.44,piso,rota,False,cierre mas alla de +5 con cuerpo 9.00,2026-10-02 04:32:00,5,6.94,6.94,6.94,1,False,,,,,,,,,,,,,['dom0'],['QQQ745']
18730,2026-10-02 04:37:00,2026-10-02,229,30897.44,techo,rota,False,3 cierres seguidos mas alla,2026-10-02 04:51:00,14,11.81,11.81,11.81,3,False,,,,,,,,,,,,,['dom0'],['QQQ745']
18758,2026-10-02 05:05:00,2026-10-02,229,30897.44,piso,sostenido,False,giro de 15 pts,2026-10-02 05:07:00,2,1.44,1.44,1.44,0,False,29.06,30.50,29.06,2026-10-02 05:08:00,3.00,re-rotura,False,2026-10-02 05:27:00,30938.92,41.47,False,,['dom0'],['QQQ745']
18768,2026-10-02 05:15:00,2026-10-02,229,30897.44,piso,rota,False,cierre mas alla de +5 con cuerpo 6.25,2026-10-02 05:27:00,12,12.44,12.44,12.44,4,False,,,,,,,,,,,,,['dom0'],['QQQ745']
18818,2026-10-02 06:05:00,2026-10-02,229,30897.44,techo,sostenido,False,giro de 15 pts,2026-10-02 06:06:00,1,1.06,1.06,1.06,0,False,56.94,58.00,16.69,2026-10-02 06:48:00,43.00,re-rotura,False,2026-10-02 07:10:00,,,,,['dom0'],['QQQ745']
18821,2026-10-02 06:08:00,2026-10-02,229,30897.44,techo,sostenido,False,giro de 15 pts,2026-10-02 06:14:00,6,6.31,6.31,6.31,1,True,56.94,63.25,56.94,2026-10-02 06:48:00,40.00,re-rotura,False,2026-10-02 07:10:00,,,,,['dom0'],['QQQ745']
18867,2026-10-02 06:54:00,2026-10-02,234,30855.97,techo,rota,False,cierre mas alla de +5 con cuerpo 15.50,2026-10-02 06:54:00,0,13.78,13.78,13.78,1,False,,,,,,,,,,,,,['dom1'],['QQQ744']
18878,2026-10-02 07:05:00,2026-10-02,229,30897.44,techo,rota,False,cierre mas alla de +5 con cuerpo 15.00,2026-10-02 07:10:00,5,12.56,12.56,12.56,2,False,,,,,,,,,,,,,['dom0'],['QQQ745']
18888,2026-10-02 07:15:00,2026-10-02,233,30938.92,techo,sostenido,False,giro de 15 pts,2026-10-02 07:16:00,1,-0.92,-0.92,0.92,0,False,64.92,64.92,64.92,2026-10-02 07:28:00,13.00,re-rotura,False,2026-10-02 07:50:00,30897.44,41.47,True,2026-10-02 07:19:00,['dom1'],['QQQ746']
18892,2026-10-02 07:19:00,2026-10-02,229,30897.44,piso,rota,False,cierre mas alla de +5 con cuerpo 9.25,2026-10-02 07:23:00,4,11.69,11.69,11.69,2,False,,,,,,,,,,,,,['dom0'],['QQQ745']
18898,2026-10-02 07:25:00,2026-10-02,229,30897.44,techo,sostenido,False,giro de 15 pts,2026-10-02 07:27:00,2,3.06,3.06,3.06,0,True,23.44,26.50,23.44,2026-10-02 07:28:00,3.00,re-rotura,False,2026-10-02 07:35:00,,,,,['dom0'],['QQQ745']
18906,2026-10-02 07:33:00,2026-10-02,229,30897.44,techo,rota,False,cierre mas alla de +5 con cuerpo 8.25,2026-10-02 07:35:00,2,12.06,12.06,12.06,1,False,,,,,,,,,,,,,['dom0'],['QQQ745']
18923,2026-10-02 07:50:00,2026-10-02,233,30938.92,techo,rota,False,cierre mas alla de +5 con cuerpo 12.00,2026-10-02 07:50:00,0,10.58,10.58,10.58,1,False,,,,,,,,,,,,,['dom1'],['QQQ746']
18925,2026-10-02 07:52:00,2026-10-02,233,30938.92,piso,sostenido,False,giro de 15 pts,2026-10-02 07:54:00,2,0.42,0.42,0.42,0,False,96.83,97.25,96.83,2026-10-02 09:49:00,117.00,re-rotura,False,2026-10-02 11:49:00,,,,,['dom1'],['QQQ746']
18930,2026-10-02 07:57:00,2026-10-02,235,30980.39,techo,rota,False,cierre mas alla de +5 con cuerpo 19.50,2026-10-02 07:57:00,0,7.36,7.36,7.36,1,False,,,,,,,,,,,,,"['dom0', 'dom1']",['QQQ747']
18938,2026-10-02 08:05:00,2026-10-02,235,30980.39,techo,rota,False,cierre mas alla de +5 con cuerpo 9.75,2026-10-02 08:06:00,1,6.61,6.61,6.61,1,False,,,,,,,,,,,,,"['dom0', 'dom1']",['QQQ747']
18953,2026-10-02 08:20:00,2026-10-02,235,30980.39,piso,sostenido,False,giro de 15 pts,2026-10-02 08:21:00,1,4.14,4.14,4.14,0,True,55.36,59.50,28.61,2026-10-02 09:49:00,89.00,re-rotura,False,2026-10-02 10:10:00,,,,,"['dom0', 'dom1']",['QQQ747']
18966,2026-10-02 08:33:00,2026-10-02,235,30980.39,piso,sostenido,False,giro de 15 pts,2026-10-02 08:35:00,2,1.39,1.39,1.39,0,False,55.36,56.75,55.36,2026-10-02 09:49:00,76.00,re-rotura,False,2026-10-02 10:10:00,,,,,"['dom0', 'dom1']",['QQQ747']
19058,2026-10-02 10:05:00,2026-10-02,235,30980.16,piso,rota,False,cierre mas alla de +5 con cuerpo 4.75,2026-10-02 10:10:00,5,10.16,10.16,10.16,3,False,,,,,,,,,,,,,"['dom0', 'dom1']",['QQQ747']
19077,2026-10-02 10:24:00,2026-10-02,233,30938.04,piso,sostenido,False,giro de 15 pts,2026-10-02 10:25:00,1,-1.71,-1.71,1.71,0,False,61.96,61.96,61.96,2026-10-02 11:00:00,36.00,re-rotura,False,2026-10-02 11:50:00,,,,,['dom1'],['QQQ746']
19081,2026-10-02 10:28:00,2026-10-02,235,30979.51,techo,rota,False,cierre mas alla de +5 con cuerpo 15.75,2026-10-02 10:34:00,6,15.24,15.24,15.24,1,False,,,,,,,,,,,,,"['dom0', 'dom1']",['QQQ747']
19099,2026-10-02 10:46:00,2026-10-02,235,30978.47,piso,sostenido,False,giro de 15 pts,2026-10-02 10:48:00,2,-1.53,-1.53,1.53,0,False,21.53,21.53,15.28,2026-10-02 11:00:00,14.00,re-rotura,False,2026-10-02 11:10:00,,,,,"['dom0', 'dom1']",['QQQ747']
19102,2026-10-02 10:49:00,2026-10-02,235,30978.47,piso,sostenido,False,giro de 15 pts,2026-10-02 10:52:00,3,-0.78,-0.78,0.78,0,False,21.53,21.53,17.78,2026-10-02 11:00:00,11.00,re-rotura,False,2026-10-02 11:10:00,,,,,"['dom0', 'dom1']",['QQQ747']
19107,2026-10-02 10:54:00,2026-10-02,235,30977.00,piso,sostenido,False,giro de 15 pts,2026-10-02 11:00:00,6,-1.75,-1.75,1.75,0,False,23.00,23.00,23.00,2026-10-02 11:00:00,6.00,re-rotura,False,2026-10-02 11:10:00,,,,,"['dom0', 'dom1']",['QQQ747']
19114,2026-10-02 11:01:00,2026-10-02,235,30977.00,piso,sostenido,False,giro de 15 pts,2026-10-02 11:05:00,4,4.00,4.00,4.00,0,True,20.75,24.75,20.75,2026-10-02 11:07:00,6.00,re-rotura,False,2026-10-02 11:10:00,,,,,"['dom0', 'dom1']",['QQQ747']
19121,2026-10-02 11:08:00,2026-10-02,235,30975.38,piso,sostenido,False,giro de 15 pts,2026-10-02 11:09:00,1,3.88,3.88,3.88,0,True,16.62,20.50,16.62,2026-10-02 11:09:00,1.00,re-rotura,False,2026-10-02 11:10:00,,,,,"['dom0', 'dom1']",['QQQ747']
19123,2026-10-02 11:10:00,2026-10-02,235,30975.38,piso,rota,False,cierre mas alla de +5 con cuerpo 16.50,2026-10-02 11:10:00,0,14.38,14.38,14.38,1,False,,,,,,,,,,,,,"['dom0', 'dom1']",['QQQ747']
19132,2026-10-02 11:19:00,2026-10-02,235,30974.76,techo,rota,False,cierre mas alla de +5 con cuerpo 10.00,2026-10-02 11:20:00,1,16.74,16.74,16.74,2,False,,,,,,,,,,,,,"['dom0', 'dom1']",['QQQ747']
19143,2026-10-02 11:30:00,2026-10-02,235,30974.25,piso,rota,False,cierre mas alla de +5 con cuerpo 9.25,2026-10-02 11:34:00,4,6.00,6.00,6.00,1,False,,,,,,,,,,,,,"['dom0', 'dom1']",['QQQ747']
19163,2026-10-02 11:50:00,2026-10-02,238,30928.77,piso,rota,False,cierre mas alla de +5 con cuerpo 16.25,2026-10-02 11:55:00,5,14.52,14.52,14.52,2,False,,,,,,,,,,,,,['dom1'],['QQQ746']
19170,2026-10-02 11:57:00,2026-10-02,238,30928.47,techo,rota,False,cierre mas alla de +5 con cuerpo 12.25,2026-10-02 11:57:00,0,8.28,8.28,8.28,1,False,,,,,,,,,,,,,['dom1'],['QQQ746']
19173,2026-10-02 12:00:00,2026-10-02,238,30928.47,piso,rota,False,3 cierres seguidos mas alla,2026-10-02 12:02:00,2,8.72,8.72,8.72,3,False,,,,,,,,,,,,,['dom1'],['QQQ746']
19195,2026-10-02 12:22:00,2026-10-02,235,30968.78,techo,sostenido,False,giro de 15 pts,2026-10-02 12:23:00,1,-0.28,-0.28,0.28,0,False,23.28,23.28,23.28,2026-10-02 12:23:00,1.00,re-rotura,False,2026-10-02 12:29:00,30885.87,82.92,False,,"['dom0', 'dom1']",['QQQ747']
19198,2026-10-02 12:25:00,2026-10-02,235,30968.78,techo,rota,False,cierre mas alla de +5 con cuerpo 16.25,2026-10-02 12:29:00,4,31.22,31.22,31.22,3,False,,,,,,,,,,,,,"['dom0', 'dom1']",['QQQ747']
19210,2026-10-02 12:37:00,2026-10-02,241,31134.25,techo,sostenido,False,giro de 15 pts,2026-10-02 12:40:00,3,12.50,12.50,12.50,1,True,45.50,58.00,45.50,2026-10-02 12:45:00,8.00,re-rotura,False,2026-10-02 12:54:00,31092.79,41.46,True,2026-10-02 12:41:00,['dom1'],['QQQ751']
19214,2026-10-02 12:41:00,2026-10-02,239,31092.79,piso,sostenido,False,giro de 15 pts,2026-10-02 12:42:00,1,2.04,2.04,2.04,0,True,130.71,132.75,28.71,2026-10-02 13:05:00,24.00,re-rotura,False,2026-10-02 13:31:00,31134.25,41.46,True,2026-10-02 12:49:00,['dom0'],['QQQ750']
19218,2026-10-02 12:45:00,2026-10-02,239,31093.16,piso,sostenido,False,giro de 15 pts,2026-10-02 12:46:00,1,4.41,4.41,4.41,0,True,130.34,134.75,130.34,2026-10-02 13:05:00,20.00,re-rotura,False,2026-10-02 13:31:00,31134.61,41.46,True,2026-10-02 12:49:00,['dom0'],['QQQ750']
19222,2026-10-02 12:49:00,2026-10-02,241,31134.18,techo,sostenido,False,giro de 15 pts,2026-10-02 12:50:00,1,4.32,4.32,4.32,0,True,19.68,24.00,19.68,2026-10-02 12:51:00,2.00,re-rotura,False,2026-10-02 12:54:00,31092.72,41.46,False,,['dom1'],['QQQ751']
19227,2026-10-02 12:54:00,2026-10-02,241,31134.11,techo,rota,False,cierre mas alla de +5 con cuerpo 19.25,2026-10-02 12:54:00,0,10.14,10.14,10.14,1,False,,,,,,,,,,,,,['dom1'],['QQQ751']
19240,2026-10-02 13:07:00,2026-10-02,242,31176.41,piso,sostenido,False,giro de 15 pts,2026-10-02 13:09:00,2,2.16,2.16,2.16,0,True,17.59,19.75,17.59,2026-10-02 13:09:00,2.00,re-rotura,False,2026-10-02 13:11:00,,,,,"['dom0', 'dom1']",['QQQ752']
19244,2026-10-02 13:11:00,2026-10-02,242,31176.41,piso,rota,False,cierre mas alla de +5 con cuerpo 18.75,2026-10-02 13:11:00,0,9.16,9.16,9.16,1,False,,,,,,,,,,,,,"['dom0', 'dom1']",['QQQ752']
19744,2026-10-04 22:43:00,2026-10-05,245,31171.77,techo,sostenido,False,giro de 15 pts,2026-10-04 23:01:00,18,-1.77,-1.77,1.77,0,False,51.77,51.77,51.77,2026-10-04 23:50:00,67.00,re-rotura,False,2026-10-05 00:10:00,,,,,['dom1'],['QQQ752']
19831,2026-10-05 00:10:00,2026-10-05,245,31171.77,techo,rota,False,cierre mas alla de +5 con cuerpo 12.50,2026-10-05 00:10:00,0,8.23,8.23,8.23,1,False,,,,,,,,,,,,,['dom1'],['QQQ752']
19833,2026-10-05 00:12:00,2026-10-05,245,31171.77,piso,rota,False,cierre mas alla de +5 con cuerpo 15.00,2026-10-05 00:12:00,0,6.02,6.02,6.02,1,False,,,,,,,,,,,,,['dom1'],['QQQ752']
19836,2026-10-05 00:15:00,2026-10-05,245,31171.77,techo,rota,False,cierre mas alla de +5 con cuerpo 14.50,2026-10-05 00:15:00,0,8.23,8.23,8.23,1,False,,,,,,,,,,,,,['dom1'],['QQQ752']
19844,2026-10-05 00:23:00,2026-10-05,245,31171.77,piso,rota,False,cierre mas alla de +5 con cuerpo 20.75,2026-10-05 00:25:00,2,16.77,16.77,16.77,1,False,,,,,,,,,,,,,['dom1'],['QQQ752']
19857,2026-10-05 00:36:00,2026-10-05,245,31171.77,techo,rota,False,3 cierres seguidos mas alla,2026-10-05 00:44:00,8,12.48,12.48,12.48,3,False,,,,,,,,,,,,,['dom1'],['QQQ752']
19867,2026-10-05 00:46:00,2026-10-05,245,31171.77,piso,sostenido,False,giro de 15 pts,2026-10-05 00:53:00,7,2.27,2.27,2.27,1,True,52.23,54.50,52.23,2026-10-05 01:40:00,54.00,re-rotura,False,2026-10-05 02:33:00,31213.22,41.45,True,2026-10-05 01:24:00,['dom1'],['QQQ752']
19905,2026-10-05 01:24:00,2026-10-05,244,31213.22,techo,rota,False,cierre mas alla de +5 con cuerpo 4.00,2026-10-05 01:41:00,17,10.78,10.78,10.78,3,False,,,,,,,,,,,,,"['dom0', 'dom1']",['QQQ753']
19934,2026-10-05 01:53:00,2026-10-05,244,31213.22,techo,sostenido,False,giro de 15 pts,2026-10-05 01:55:00,2,-1.97,-1.97,1.97,0,False,192.97,192.97,192.97,2026-10-05 05:39:00,226.00,tope,False,,,,,,"['dom0', 'dom1']",['QQQ753']
19971,2026-10-05 02:30:00,2026-10-05,247,31171.77,piso,rota,False,cierre mas alla de +5 con cuerpo 9.25,2026-10-05 02:33:00,3,6.77,6.77,6.77,1,False,,,,,,,,,,,,,"['dom0', 'dom1']",['QQQ752']
20207,2026-10-05 06:26:00,2026-10-05,254,31047.42,piso,rota,False,cierre mas alla de +5 con cuerpo 6.25,2026-10-05 06:28:00,2,6.67,6.67,6.67,1,False,,,,,,,,,,,,,['dom1'],['QQQ749']
20221,2026-10-05 06:40:00,2026-10-05,251,31005.97,piso,sostenido,False,giro de 15 pts,2026-10-05 06:42:00,2,2.22,2.22,2.22,0,True,93.28,95.50,24.03,2026-10-05 08:16:00,96.00,re-rotura,False,2026-10-05 08:45:00,,,,,['dom0'],['QQQ748']
20233,2026-10-05 06:52:00,2026-10-05,251,31005.97,piso,sostenido,False,giro de 15 pts,2026-10-05 06:53:00,1,0.22,0.22,0.22,0,False,93.28,93.50,93.28,2026-10-05 08:16:00,84.00,re-rotura,False,2026-10-05 08:45:00,,,,,['dom0'],['QQQ748']
20345,2026-10-05 08:44:00,2026-10-05,251,31005.97,piso,rota,False,cierre mas alla de +5 con cuerpo 16.00,2026-10-05 08:45:00,1,19.72,19.72,19.72,2,False,,,,,,,,,,,,,['dom0'],['QQQ748']
20349,2026-10-05 08:48:00,2026-10-05,251,31005.97,techo,rota,False,cierre mas alla de +5 con cuerpo 18.00,2026-10-05 08:49:00,1,22.28,22.28,22.28,1,False,,,,,,,,,,,,,['dom0'],['QQQ748']
20387,2026-10-05 09:26:00,2026-10-05,251,31006.18,piso,rota,False,3 cierres seguidos mas alla,2026-10-05 09:28:00,2,10.93,10.93,10.93,3,False,,,,,,,,,,,,,['dom0'],['QQQ748']
20475,2026-10-05 10:54:00,2026-10-05,251,31004.65,techo,rota,False,cierre mas alla de +5 con cuerpo 21.25,2026-10-05 10:54:00,0,14.85,14.85,14.85,1,False,,,,,,,,,,,,,['dom0'],['QQQ748']
20481,2026-10-05 11:00:00,2026-10-05,251,31004.65,piso,rota,False,cierre mas alla de +5 con cuerpo 19.00,2026-10-05 11:02:00,2,19.65,19.65,19.65,1,False,,,,,,,,,,,,,['dom0'],['QQQ748']
20485,2026-10-05 11:04:00,2026-10-05,251,31004.65,techo,sostenido,False,giro de 15 pts,2026-10-05 11:05:00,1,-1.90,-1.90,1.90,0,False,17.65,17.65,16.65,2026-10-05 11:12:00,8.00,re-rotura,False,2026-10-05 11:17:00,30963.20,41.45,False,,['dom0'],['QQQ748']
20494,2026-10-05 11:13:00,2026-10-05,251,31003.23,techo,rota,False,3 cierres seguidos mas alla,2026-10-05 11:15:00,2,6.77,6.77,6.77,3,False,,,,,,,,,,,,,['dom0'],['QQQ748']
20526,2026-10-05 11:45:00,2026-10-05,251,31002.58,piso,sostenido,False,giro de 15 pts,2026-10-05 11:51:00,6,4.58,4.58,4.58,1,True,34.67,39.25,34.67,2026-10-05 12:06:00,21.00,re-rotura,False,2026-10-05 12:23:00,,,,,['dom0'],['QQQ748']
20561,2026-10-05 12:20:00,2026-10-05,251,31002.40,piso,rota,False,cierre mas alla de +5 con cuerpo 14.50,2026-10-05 12:23:00,3,10.40,10.40,10.40,1,False,,,,,,,,,,,,,['dom0'],['QQQ748']
20571,2026-10-05 12:30:00,2026-10-05,251,31002.40,techo,sostenido,False,giro de 15 pts,2026-10-05 12:31:00,1,-0.90,-0.90,0.90,0,False,36.90,36.90,36.90,2026-10-05 12:49:00,19.00,re-rotura,False,2026-10-05 13:10:00,30960.95,41.45,False,,['dom0'],['QQQ748']
20598,2026-10-05 12:57:00,2026-10-05,251,31002.18,techo,rota,False,cierre mas alla de +5 con cuerpo 8.25,2026-10-05 13:10:00,13,11.07,11.07,11.07,6,False,,,,,,,,,,,,,['dom0'],['QQQ748']
21082,2026-10-05 22:01:00,2026-10-06,261,31373.35,techo,sostenido,False,giro de 15 pts,2026-10-05 22:01:00,0,2.15,2.15,2.15,0,True,48.10,50.25,28.35,2026-10-05 22:46:00,45.00,re-rotura,False,2026-10-06 00:32:00,,,,,"['dom0', 'dom1']",['QQQ757']
21085,2026-10-05 22:04:00,2026-10-06,261,31373.35,techo,sostenido,False,giro de 15 pts,2026-10-05 22:09:00,5,8.65,8.65,8.65,0,True,48.10,56.75,48.10,2026-10-05 22:46:00,42.00,re-rotura,False,2026-10-06 00:32:00,,,,,"['dom0', 'dom1']",['QQQ757']
21213,2026-10-06 00:12:00,2026-10-06,261,31371.29,techo,sostenido,False,giro de 15 pts,2026-10-06 00:13:00,1,-1.79,-1.79,1.79,0,False,18.54,18.54,18.54,2026-10-06 00:13:00,1.00,re-rotura,False,2026-10-06 00:23:00,,,,,"['dom0', 'dom1']",['QQQ757']
21217,2026-10-06 00:16:00,2026-10-06,261,31371.29,techo,rota,False,3 cierres seguidos mas alla,2026-10-06 00:23:00,7,7.71,7.71,7.71,3,False,,,,,,,,,,,,,"['dom0', 'dom1']",['QQQ757']
21232,2026-10-06 00:31:00,2026-10-06,261,31371.38,techo,rota,False,cierre mas alla de +5 con cuerpo 17.00,2026-10-06 00:32:00,1,18.87,18.87,18.87,2,False,,,,,,,,,,,,,"['dom0', 'dom1']",['QQQ757']
21246,2026-10-06 00:45:00,2026-10-06,261,31371.38,piso,sostenido,False,giro de 15 pts,2026-10-06 00:46:00,1,-1.37,-1.37,1.37,0,False,41.12,41.12,41.12,2026-10-06 01:10:00,25.00,re-rotura,False,2026-10-06 01:19:00,31412.83,41.44,True,2026-10-06 01:10:00,"['dom0', 'dom1']",['QQQ757']
21271,2026-10-06 01:10:00,2026-10-06,262,31412.83,techo,sostenido,False,giro de 15 pts,2026-10-06 01:13:00,3,-0.33,-0.33,0.33,0,False,104.08,104.08,104.08,2026-10-06 02:35:00,85.00,tope,False,,,,,,"['dom0', 'dom1']",['QQQ758']
21278,2026-10-06 01:17:00,2026-10-06,261,31371.38,piso,rota,False,cierre mas alla de +5 con cuerpo 7.50,2026-10-06 01:19:00,2,21.38,21.38,21.38,3,False,,,,,,,,,,,,,"['dom0', 'dom1']",['QQQ757']
21282,2026-10-06 01:21:00,2026-10-06,261,31371.38,techo,sostenido,False,giro de 15 pts,2026-10-06 01:34:00,13,0.12,0.12,0.12,0,False,62.63,62.75,62.63,2026-10-06 02:35:00,74.00,tope,False,,,,,,"['dom0', 'dom1']",['QQQ757']
21448,2026-10-06 04:07:00,2026-10-06,261,31371.38,techo,sostenido,False,giro de 15 pts,2026-10-06 04:14:00,7,-0.38,-0.38,0.38,0,False,39.88,39.88,22.63,2026-10-06 04:48:00,41.00,re-rotura,False,2026-10-06 05:56:00,,,,,"['dom0', 'dom1']",['QQQ757']
21466,2026-10-06 04:25:00,2026-10-06,261,31371.38,techo,sostenido,False,giro de 15 pts,2026-10-06 04:31:00,6,-0.88,-0.88,0.88,0,False,39.88,39.88,39.88,2026-10-06 04:48:00,23.00,re-rotura,False,2026-10-06 05:56:00,,,,,"['dom0', 'dom1']",['QQQ757']
21526,2026-10-06 05:25:00,2026-10-06,261,31371.38,techo,sostenido,False,giro de 15 pts,2026-10-06 05:27:00,2,-0.38,-0.38,0.38,0,False,21.88,21.88,20.63,2026-10-06 05:44:00,19.00,re-rotura,False,2026-10-06 05:56:00,,,,,"['dom0', 'dom1']",['QQQ757']
21534,2026-10-06 05:33:00,2026-10-06,261,31371.38,techo,sostenido,False,giro de 15 pts,2026-10-06 05:40:00,7,3.37,3.37,3.37,0,True,21.88,25.25,21.88,2026-10-06 05:44:00,11.00,re-rotura,False,2026-10-06 05:56:00,,,,,"['dom0', 'dom1']",['QQQ757']
21555,2026-10-06 05:54:00,2026-10-06,261,31371.38,techo,rota,False,3 cierres seguidos mas alla,2026-10-06 05:56:00,2,8.12,8.12,8.12,3,False,,,,,,,,,,,,,"['dom0', 'dom1']",['QQQ757']
21558,2026-10-06 05:57:00,2026-10-06,261,31371.38,piso,rota,False,3 cierres seguidos mas alla,2026-10-06 06:10:00,13,6.63,6.63,6.63,5,False,,,,,,,,,,,,,"['dom0', 'dom1']",['QQQ757']
21575,2026-10-06 06:14:00,2026-10-06,261,31371.38,piso,sostenido,False,giro de 15 pts,2026-10-06 06:16:00,2,-1.12,-1.12,1.12,0,False,28.12,28.12,28.12,2026-10-06 06:46:00,32.00,re-rotura,False,2026-10-06 07:03:00,31412.83,41.44,False,,"['dom0', 'dom1']",['QQQ757']
21621,2026-10-06 07:00:00,2026-10-06,261,31371.38,piso,rota,False,cierre mas alla de +5 con cuerpo 10.00,2026-10-06 07:03:00,3,10.38,10.38,10.38,1,False,,,,,,,,,,,,,"['dom0', 'dom1']",['QQQ757']
21634,2026-10-06 07:13:00,2026-10-06,261,31371.38,techo,rota,False,cierre mas alla de +5 con cuerpo 10.25,2026-10-06 07:14:00,1,12.62,12.62,12.62,1,False,,,,,,,,,,,,,"['dom0', 'dom1']",['QQQ757']
21640,2026-10-06 07:19:00,2026-10-06,261,31371.38,piso,rota,False,3 cierres seguidos mas alla,2026-10-06 07:23:00,4,6.38,6.38,6.38,3,False,,,,,,,,,,,,,"['dom0', 'dom1']",['QQQ757']
21654,2026-10-06 07:33:00,2026-10-06,261,31371.38,techo,rota,False,3 cierres seguidos mas alla,2026-10-06 07:38:00,5,10.37,10.37,10.37,3,False,,,,,,,,,,,,,"['dom0', 'dom1']",['QQQ757']
21663,2026-10-06 07:42:00,2026-10-06,261,31371.38,piso,sostenido,False,giro de 15 pts,2026-10-06 07:44:00,2,-1.37,-1.37,1.37,0,False,36.87,36.87,20.12,2026-10-06 08:07:00,25.00,re-rotura,False,2026-10-06 08:31:00,31412.83,41.44,False,,"['dom0', 'dom1']",['QQQ757']
21670,2026-10-06 07:49:00,2026-10-06,261,31371.38,piso,sostenido,False,giro de 15 pts,2026-10-06 08:00:00,11,3.88,3.88,3.88,2,True,36.87,40.75,36.87,2026-10-06 08:07:00,18.00,re-rotura,False,2026-10-06 08:31:00,31412.83,41.44,False,,"['dom0', 'dom1']",['QQQ757']
21710,2026-10-06 08:29:00,2026-10-06,261,31371.38,piso,rota,False,3 cierres seguidos mas alla,2026-10-06 08:31:00,2,8.88,8.88,8.88,3,False,,,,,,,,,,,,,"['dom0', 'dom1']",['QQQ757']
21718,2026-10-06 08:37:00,2026-10-06,261,31371.38,techo,rota,False,cierre mas alla de +5 con cuerpo 4.25,2026-10-06 08:43:00,6,8.87,8.87,8.87,2,False,,,,,,,,,,,,,"['dom0', 'dom1']",['QQQ757']
21745,2026-10-06 09:04:00,2026-10-06,262,31412.83,techo,sostenido,False,giro de 15 pts,2026-10-06 09:10:00,6,4.92,4.92,4.92,0,True,25.83,30.75,16.83,2026-10-06 09:13:00,9.00,re-rotura,False,2026-10-06 09:18:00,31371.38,41.44,False,,"['dom0', 'dom1']",['QQQ758']
21752,2026-10-06 09:11:00,2026-10-06,262,31412.83,techo,sostenido,False,giro de 15 pts,2026-10-06 09:12:00,1,0.42,0.42,0.42,0,False,25.83,26.25,25.83,2026-10-06 09:13:00,2.00,re-rotura,False,2026-10-06 09:18:00,31371.38,41.44,False,,"['dom0', 'dom1']",['QQQ758']
21756,2026-10-06 09:15:00,2026-10-06,262,31412.83,techo,rota,False,3 cierres seguidos mas alla,2026-10-06 09:18:00,3,6.92,6.92,6.92,3,False,,,,,,,,,,,,,"['dom0', 'dom1']",['QQQ758']
21775,2026-10-06 09:34:00,2026-10-06,262,31412.73,techo,rota,False,cierre mas alla de +5 con cuerpo 11.25,2026-10-06 09:34:00,0,13.77,13.77,13.77,1,False,,,,,,,,,,,,,"['dom0', 'dom1']",['QQQ758']
21781,2026-10-06 09:40:00,2026-10-06,262,31412.75,piso,sostenido,False,giro de 15 pts,2026-10-06 09:51:00,11,6.50,6.50,6.50,2,True,15.25,21.75,15.25,2026-10-06 09:51:00,11.00,re-rotura,False,2026-10-06 09:56:00,31495.63,82.88,False,,"['dom0', 'dom1']",['QQQ758']
21793,2026-10-06 09:52:00,2026-10-06,262,31412.72,piso,rota,False,3 cierres seguidos mas alla,2026-10-06 09:56:00,4,5.22,5.22,5.22,3,False,,,,,,,,,,,,,"['dom0', 'dom1']",['QQQ758']
21807,2026-10-06 10:06:00,2026-10-06,262,31412.70,techo,rota,False,3 cierres seguidos mas alla,2026-10-06 10:09:00,3,9.05,9.05,9.05,3,False,,,,,,,,,,,,,"['dom0', 'dom1']",['QQQ758']
21876,2026-10-06 11:15:00,2026-10-06,264,31495.61,techo,rota,False,cierre mas alla de +5 con cuerpo 6.50,2026-10-06 11:21:00,6,13.64,13.64,13.64,3,False,,,,,,,,,,,,,"['dom0', 'dom1']",['QQQ760']
21887,2026-10-06 11:26:00,2026-10-06,265,31536.99,techo,sostenido,False,giro de 15 pts,2026-10-06 11:27:00,1,-0.99,-0.99,0.99,0,False,81.49,81.49,39.49,2026-10-06 12:49:00,83.00,re-rotura,False,2026-10-06 13:30:00,31495.55,41.44,True,2026-10-06 11:37:00,['dom1'],['QQQ761']
21936,2026-10-06 12:15:00,2026-10-06,265,31536.31,techo,sostenido,False,giro de 15 pts,2026-10-06 12:18:00,3,2.94,2.94,2.94,1,True,80.81,83.75,80.81,2026-10-06 12:49:00,34.00,re-rotura,False,2026-10-06 13:30:00,31494.87,41.44,True,2026-10-06 12:26:00,['dom1'],['QQQ761']
21947,2026-10-06 12:26:00,2026-10-06,264,31494.50,piso,sostenido,False,giro de 15 pts,2026-10-06 12:26:00,0,-1.50,-1.50,1.50,0,False,17.25,17.25,17.25,2026-10-06 12:27:00,1.00,re-rotura,False,2026-10-06 12:30:00,31535.94,41.44,False,,"['dom0', 'dom1']",['QQQ760']
21949,2026-10-06 12:28:00,2026-10-06,264,31494.06,piso,rota,False,cierre mas alla de +5 con cuerpo 9.75,2026-10-06 12:30:00,2,8.56,8.56,8.56,1,False,,,,,,,,,,,,,"['dom0', 'dom1']",['QQQ760']
21971,2026-10-06 12:50:00,2026-10-06,264,31493.89,techo,sostenido,False,giro de 15 pts,2026-10-06 12:51:00,1,-1.64,-1.64,1.64,0,False,19.64,19.64,19.64,2026-10-06 12:51:00,1.00,re-rotura,False,2026-10-06 13:02:00,31411.01,82.88,False,,"['dom0', 'dom1']",['QQQ760']
21979,2026-10-06 12:58:00,2026-10-06,264,31493.84,techo,rota,False,3 cierres seguidos mas alla,2026-10-06 13:02:00,4,9.41,9.41,9.41,3,False,,,,,,,,,,,,,"['dom0', 'dom1']",['QQQ760']
21998,2026-10-06 13:17:00,2026-10-06,264,31493.86,piso,sostenido,False,giro de 15 pts,2026-10-06 13:20:00,3,0.61,0.61,0.61,0,False,73.39,74.00,15.89,2026-10-06 13:31:00,14.00,re-rotura,False,2026-10-06 13:34:00,31535.30,41.44,True,2026-10-06 13:30:00,"['dom0', 'dom1']",['QQQ760']
22003,2026-10-06 13:22:00,2026-10-06,264,31493.78,piso,sostenido,False,giro de 15 pts,2026-10-06 13:24:00,2,6.03,6.03,6.03,2,True,73.47,79.50,73.47,2026-10-06 13:31:00,9.00,re-rotura,False,2026-10-06 13:34:00,31535.22,41.44,True,2026-10-06 13:30:00,"['dom0', 'dom1']",['QQQ760']
22487,2026-10-06 22:26:00,2026-10-07,267,31494.74,piso,sostenido,False,giro de 15 pts,2026-10-06 22:32:00,6,4.49,4.49,4.49,0,True,19.01,23.50,19.01,2026-10-06 22:32:00,6.00,re-rotura,False,2026-10-06 22:40:00,31577.62,82.88,False,,['dom0'],['QQQ760']
22494,2026-10-06 22:33:00,2026-10-07,267,31494.74,piso,rota,False,3 cierres seguidos mas alla,2026-10-06 22:40:00,7,8.99,8.99,8.99,5,False,,,,,,,,,,,,,['dom0'],['QQQ760']
22504,2026-10-06 22:43:00,2026-10-07,267,31494.74,techo,rota,False,3 cierres seguidos mas alla,2026-10-06 22:47:00,4,10.51,10.51,10.51,4,False,,,,,,,,,,,,,['dom0'],['QQQ760']
22528,2026-10-06 23:07:00,2026-10-07,267,31495.08,piso,sostenido,False,giro de 15 pts,2026-10-06 23:24:00,17,1.58,1.58,1.58,1,True,16.67,18.25,16.67,2026-10-06 23:24:00,17.00,re-rotura,False,2026-10-06 23:34:00,31577.96,82.88,False,,['dom0'],['QQQ760']
22553,2026-10-06 23:32:00,2026-10-07,267,31495.33,piso,rota,False,cierre mas alla de +5 con cuerpo 6.00,2026-10-06 23:34:00,2,6.33,6.33,6.33,2,False,,,,,,,,,,,,,['dom0'],['QQQ760']
22563,2026-10-06 23:42:00,2026-10-07,267,31495.52,techo,rota,False,3 cierres seguidos mas alla,2026-10-07 00:14:00,32,9.48,9.48,9.48,6,False,,,,,,,,,,,,,['dom0'],['QQQ760']
22596,2026-10-07 00:15:00,2026-10-07,267,31495.82,piso,sostenido,False,giro de 15 pts,2026-10-07 00:27:00,12,0.82,0.82,0.82,0,False,21.43,22.25,21.43,2026-10-07 00:45:00,30.00,re-rotura,False,2026-10-07 00:52:00,31578.71,82.88,False,,['dom0'],['QQQ760']
22630,2026-10-07 00:49:00,2026-10-07,267,31495.81,piso,rota,False,cierre mas alla de +5 con cuerpo 5.25,2026-10-07 00:52:00,3,17.81,17.81,17.81,3,False,,,,,,,,,,,,,['dom0'],['QQQ760']
22641,2026-10-07 01:00:00,2026-10-07,267,31495.81,techo,sostenido,False,giro de 15 pts,2026-10-07 01:05:00,5,-1.81,-1.81,1.81,0,False,26.31,26.31,26.31,2026-10-07 01:05:00,5.00,re-rotura,False,2026-10-07 01:30:00,,,,,['dom0'],['QQQ760']
22650,2026-10-07 01:09:00,2026-10-07,267,31495.81,techo,rota,False,cierre mas alla de +5 con cuerpo 14.50,2026-10-07 01:30:00,21,16.94,16.94,16.94,2,False,,,,,,,,,,,,,['dom0'],['QQQ760']
22675,2026-10-07 01:34:00,2026-10-07,267,31495.81,piso,rota,False,3 cierres seguidos mas alla,2026-10-07 01:45:00,11,4.56,4.56,4.56,4,False,,,,,,,,,,,,,['dom0'],['QQQ760']
22929,2026-10-07 05:48:00,2026-10-07,267,31495.81,techo,sostenido,False,giro de 15 pts,2026-10-07 05:48:00,0,0.19,0.19,0.19,0,False,159.56,159.75,159.56,2026-10-07 09:43:00,235.00,tope,False,,,,,,['dom0'],['QQQ760']
23053,2026-10-07 07:52:00,2026-10-07,269,31412.93,piso,rota,False,cierre mas alla de +5 con cuerpo 4.75,2026-10-07 07:54:00,2,8.93,8.93,8.93,2,False,,,,,,,,,,,,,"['dom0', 'dom1']",['QQQ758']
23058,2026-10-07 07:57:00,2026-10-07,269,31412.93,techo,rota,False,cierre mas alla de +5 con cuerpo 13.00,2026-10-07 07:58:00,1,12.57,12.57,12.57,2,False,,,,,,,,,,,,,"['dom0', 'dom1']",['QQQ758']
23068,2026-10-07 08:07:00,2026-10-07,269,31412.93,piso,sostenido,False,giro de 15 pts,2026-10-07 08:08:00,1,-1.32,-1.32,1.32,0,False,34.57,34.57,34.57,2026-10-07 08:21:00,14.00,re-rotura,False,2026-10-07 09:00:00,31495.81,82.88,False,,"['dom0', 'dom1']",['QQQ758']
23111,2026-10-07 08:50:00,2026-10-07,269,31412.94,piso,rota,False,3 cierres seguidos mas alla,2026-10-07 09:00:00,10,6.94,6.94,6.94,4,False,,,,,,,,,,,,,"['dom0', 'dom1']",['QQQ758']
23227,2026-10-07 10:46:00,2026-10-07,273,31286.57,piso,sostenido,False,giro de 15 pts,2026-10-07 10:50:00,4,5.57,5.57,5.57,2,True,26.18,31.75,26.18,2026-10-07 10:51:00,5.00,re-rotura,False,2026-10-07 11:00:00,31369.44,82.88,False,,"['dom0', 'dom1']",['QQQ755']
23241,2026-10-07 11:00:00,2026-10-07,273,31286.48,piso,rota,False,cierre mas alla de +5 con cuerpo 25.50,2026-10-07 11:00:00,0,20.98,20.98,20.98,1,False,,,,,,,,,,,,,"['dom0', 'dom1']",['QQQ755']
23873,2026-10-07 22:32:00,2026-10-08,281,31448.29,techo,sostenido,False,giro de 15 pts,2026-10-07 22:35:00,3,-1.79,-1.79,1.79,0,False,24.79,24.79,24.79,2026-10-07 22:56:00,24.00,re-rotura,False,2026-10-07 23:15:00,,,,,"['dom0', 'dom1']",['QQQ759']
23905,2026-10-07 23:04:00,2026-10-08,281,31448.05,techo,rota,False,cierre mas alla de +5 con cuerpo 7.50,2026-10-07 23:15:00,11,6.70,6.70,6.70,1,False,,,,,,,,,,,,,"['dom0', 'dom1']",['QQQ759']
23920,2026-10-07 23:19:00,2026-10-08,281,31448.16,piso,rota,False,cierre mas alla de +5 con cuerpo 15.50,2026-10-07 23:45:00,26,15.41,15.41,15.41,2,False,,,,,,,,,,,,,"['dom0', 'dom1']",['QQQ759']
24056,2026-10-08 01:35:00,2026-10-08,281,31448.42,techo,sostenido,False,giro de 15 pts,2026-10-08 01:46:00,11,0.33,0.33,0.33,0,False,18.67,19.00,15.17,2026-10-08 02:13:00,38.00,re-rotura,False,2026-10-08 02:32:00,,,,,"['dom0', 'dom1']",['QQQ759']
24070,2026-10-08 01:49:00,2026-10-08,281,31448.42,techo,sostenido,False,giro de 15 pts,2026-10-08 01:50:00,1,-1.42,-1.42,1.42,0,False,18.67,18.67,17.17,2026-10-08 02:13:00,24.00,re-rotura,False,2026-10-08 02:32:00,,,,,"['dom0', 'dom1']",['QQQ759']
24077,2026-10-08 01:56:00,2026-10-08,281,31448.42,techo,sostenido,False,giro de 15 pts,2026-10-08 02:10:00,14,1.58,1.58,1.58,0,False,18.67,20.25,18.67,2026-10-08 02:13:00,17.00,re-rotura,False,2026-10-08 02:32:00,,,,,"['dom0', 'dom1']",['QQQ759']
24097,2026-10-08 02:16:00,2026-10-08,281,31448.42,techo,sostenido,False,giro de 15 pts,2026-10-08 02:18:00,2,-1.67,-1.67,1.67,0,False,17.42,17.42,17.42,2026-10-08 02:20:00,4.00,re-rotura,False,2026-10-08 02:32:00,,,,,"['dom0', 'dom1']",['QQQ759']
24103,2026-10-08 02:22:00,2026-10-08,281,31448.42,techo,rota,False,cierre mas alla de +5 con cuerpo 8.25,2026-10-08 02:32:00,10,8.58,8.58,8.58,2,False,,,,,,,,,,,,,"['dom0', 'dom1']",['QQQ759']
24117,2026-10-08 02:36:00,2026-10-08,281,31448.42,piso,rota,False,cierre mas alla de +5 con cuerpo 4.25,2026-10-08 02:39:00,3,7.67,7.67,7.67,2,False,,,,,,,,,,,,,"['dom0', 'dom1']",['QQQ759']
24123,2026-10-08 02:42:00,2026-10-08,281,31448.42,techo,sostenido,False,giro de 15 pts,2026-10-08 02:50:00,8,4.58,4.58,4.58,1,True,186.67,191.25,186.67,2026-10-08 06:37:00,235.00,tope,False,,,,,,"['dom0', 'dom1']",['QQQ759']
24352,2026-10-08 06:31:00,2026-10-08,288,31282.68,piso,rota,False,3 cierres seguidos mas alla,2026-10-08 06:33:00,2,7.68,7.68,7.68,3,False,,,,,,,,,,,,,['dom0'],['QQQ755']
24359,2026-10-08 06:38:00,2026-10-08,288,31282.68,techo,sostenido,False,giro de 15 pts,2026-10-08 06:44:00,6,10.32,10.32,10.32,0,True,163.18,173.50,86.43,2026-10-08 10:34:00,236.00,tope,False,,31241.25,41.43,True,2026-10-08 07:00:00,['dom0'],['QQQ755']
24381,2026-10-08 07:00:00,2026-10-08,289,31241.25,piso,rota,False,cierre mas alla de +5 con cuerpo 17.75,2026-10-08 07:01:00,1,6.75,6.75,6.75,1,False,,,,,,,,,,,,,['dom1'],['QQQ754']
24397,2026-10-08 07:16:00,2026-10-08,289,31241.25,techo,rota,False,cierre mas alla de +5 con cuerpo 8.75,2026-10-08 07:19:00,3,6.75,6.75,6.75,3,False,,,,,,,,,,,,,['dom1'],['QQQ754']
24407,2026-10-08 07:26:00,2026-10-08,289,31241.25,piso,sostenido,False,giro de 15 pts,2026-10-08 07:29:00,3,0.75,0.75,0.75,0,False,31.25,32.00,21.75,2026-10-08 07:34:00,8.00,re-rotura,False,2026-10-08 07:58:00,31282.68,41.43,False,,['dom1'],['QQQ754']
24414,2026-10-08 07:33:00,2026-10-08,289,31241.25,piso,sostenido,False,giro de 15 pts,2026-10-08 07:34:00,1,-1.50,-1.50,1.50,0,False,31.25,31.25,31.25,2026-10-08 07:34:00,1.00,re-rotura,False,2026-10-08 07:58:00,31282.68,41.43,False,,['dom1'],['QQQ754']
24435,2026-10-08 07:54:00,2026-10-08,289,31241.25,piso,rota,False,cierre mas alla de +5 con cuerpo 9.00,2026-10-08 07:58:00,4,13.00,13.00,13.00,2,False,,,,,,,,,,,,,['dom1'],['QQQ754']
24444,2026-10-08 08:03:00,2026-10-08,289,31241.25,techo,sostenido,False,giro de 15 pts,2026-10-08 08:03:00,0,1.25,1.25,1.25,0,False,16.75,18.00,16.75,2026-10-08 08:03:00,0.00,re-rotura,False,2026-10-08 08:04:00,,,,,['dom1'],['QQQ754']
24459,2026-10-08 08:18:00,2026-10-08,288,31282.68,techo,sostenido,False,giro de 15 pts,2026-10-08 08:21:00,3,3.57,3.57,3.57,0,True,163.18,166.75,24.18,2026-10-08 10:34:00,136.00,tope,False,,31241.25,41.43,True,2026-10-08 08:37:00,['dom0'],['QQQ755']
24466,2026-10-08 08:25:00,2026-10-08,288,31282.68,techo,sostenido,False,giro de 15 pts,2026-10-08 08:28:00,3,0.32,0.32,0.32,0,False,163.18,163.50,17.43,2026-10-08 10:34:00,129.00,tope,False,,31241.25,41.43,True,2026-10-08 08:37:00,['dom0'],['QQQ755']
24471,2026-10-08 08:30:00,2026-10-08,288,31282.68,techo,sostenido,False,giro de 15 pts,2026-10-08 08:30:00,0,12.32,12.32,12.32,0,True,163.18,175.50,163.18,2026-10-08 10:34:00,124.00,tope,False,,31241.25,41.43,True,2026-10-08 08:37:00,['dom0'],['QQQ755']
24478,2026-10-08 08:37:00,2026-10-08,289,31241.25,piso,sostenido,False,giro de 15 pts,2026-10-08 08:38:00,1,-1.00,-1.00,1.00,0,False,21.25,21.25,17.50,2026-10-08 08:45:00,8.00,re-rotura,False,2026-10-08 08:54:00,31282.68,41.43,False,,['dom1'],['QQQ754']
24482,2026-10-08 08:41:00,2026-10-08,289,31241.25,piso,sostenido,False,giro de 15 pts,2026-10-08 08:44:00,3,5.50,5.50,5.50,0,True,21.25,26.75,21.25,2026-10-08 08:45:00,4.00,re-rotura,False,2026-10-08 08:54:00,31282.68,41.43,False,,['dom1'],['QQQ754']
24489,2026-10-08 08:48:00,2026-10-08,289,31241.25,piso,rota,False,cierre mas alla de +5 con cuerpo 13.50,2026-10-08 08:54:00,6,18.50,18.50,18.50,3,False,,,,,,,,,,,,,['dom1'],['QQQ754']
24501,2026-10-08 09:00:00,2026-10-08,289,31241.14,techo,rota,False,cierre mas alla de +5 con cuerpo 7.00,2026-10-08 09:08:00,8,12.36,12.36,12.36,5,False,,,,,,,,,,,,,['dom1'],['QQQ754']
24516,2026-10-08 09:15:00,2026-10-08,289,31241.41,piso,rota,False,cierre mas alla de +5 con cuerpo 8.25,2026-10-08 09:16:00,1,13.41,13.41,13.41,2,False,,,,,,,,,,,,,['dom1'],['QQQ754']
24520,2026-10-08 09:19:00,2026-10-08,289,31241.41,techo,sostenido,False,giro de 15 pts,2026-10-08 09:24:00,5,-1.66,-1.66,1.66,0,False,16.16,16.16,16.16,2026-10-08 09:24:00,5.00,re-rotura,False,2026-10-08 09:29:00,,,,,['dom1'],['QQQ754']
24529,2026-10-08 09:28:00,2026-10-08,289,31240.71,techo,rota,False,cierre mas alla de +5 con cuerpo 7.00,2026-10-08 09:29:00,1,11.79,11.79,11.79,1,False,,,,,,,,,,,,,['dom1'],['QQQ754']
24535,2026-10-08 09:34:00,2026-10-08,289,31240.71,piso,sostenido,False,giro de 15 pts,2026-10-08 09:35:00,1,11.46,11.46,11.46,0,True,28.04,39.50,28.04,2026-10-08 09:37:00,3.00,re-rotura,False,2026-10-08 09:46:00,31282.15,41.43,False,,['dom1'],['QQQ754']
24544,2026-10-08 09:43:00,2026-10-08,289,31240.47,piso,rota,False,cierre mas alla de +5 con cuerpo 9.25,2026-10-08 09:46:00,3,6.47,6.47,6.47,2,False,,,,,,,,,,,,,['dom1'],['QQQ754']
24760,2026-10-08 13:19:00,2026-10-08,293,31235.88,techo,rota,False,cierre mas alla de +5 con cuerpo 6.50,2026-10-08 13:20:00,1,7.62,7.62,7.62,1,False,,,,,,,,,,,,,['dom1'],['QQQ754']
24765,2026-10-08 13:24:00,2026-10-08,293,31236.10,piso,rota,False,cierre mas alla de +5 con cuerpo 5.50,2026-10-08 13:27:00,3,11.35,11.35,11.35,2,False,,,,,,,,,,,,,['dom1'],['QQQ754']
25230,2026-10-08 22:09:00,2026-10-09,297,31033.46,techo,sostenido,False,giro de 15 pts,2026-10-08 22:10:00,1,3.04,3.04,3.04,1,True,15.21,18.25,15.21,2026-10-08 22:10:00,1.00,re-rotura,False,2026-10-08 22:15:00,,,,,['dom1'],['QQQ749']
25234,2026-10-08 22:13:00,2026-10-09,297,31033.46,techo,rota,False,cierre mas alla de +5 con cuerpo 12.75,2026-10-08 22:15:00,2,21.54,21.54,21.54,2,False,,,,,,,,,,,,,['dom1'],['QQQ749']
25267,2026-10-08 22:46:00,2026-10-09,297,31033.41,piso,rota,False,3 cierres seguidos mas alla,2026-10-08 22:49:00,3,5.16,5.16,5.16,3,False,,,,,,,,,,,,,['dom1'],['QQQ749']
25290,2026-10-08 23:09:00,2026-10-09,297,31033.41,techo,sostenido,False,giro de 15 pts,2026-10-08 23:24:00,15,5.34,5.34,5.34,2,True,81.16,86.50,81.16,2026-10-09 00:03:00,54.00,re-rotura,False,2026-10-09 01:42:00,,,,,['dom1'],['QQQ749']
25386,2026-10-09 00:45:00,2026-10-09,302,31034.93,techo,sostenido,False,giro de 15 pts,2026-10-09 00:48:00,3,-0.93,-0.93,0.93,0,False,67.93,67.93,67.93,2026-10-09 01:18:00,33.00,re-rotura,False,2026-10-09 01:42:00,,,,,['dom1'],['QQQ749']
25442,2026-10-09 01:41:00,2026-10-09,305,31034.93,techo,rota,False,cierre mas alla de +5 con cuerpo 5.00,2026-10-09 01:42:00,1,13.07,13.07,13.07,2,False,,,,,,,,,,,,,['dom1'],['QQQ749']
25461,2026-10-09 02:00:00,2026-10-09,296,31076.37,techo,rota,False,cierre mas alla de +5 con cuerpo 13.25,2026-10-09 02:02:00,2,9.63,9.63,9.63,1,False,,,,,,,,,,,,,"['dom0', 'dom1']",['QQQ750']
25466,2026-10-09 02:05:00,2026-10-09,296,31076.37,piso,rota,False,3 cierres seguidos mas alla,2026-10-09 02:09:00,4,12.87,12.87,12.87,3,False,,,,,,,,,,,,,"['dom0', 'dom1']",['QQQ750']
25471,2026-10-09 02:10:00,2026-10-09,296,31076.37,techo,sostenido,False,giro de 15 pts,2026-10-09 02:14:00,4,6.38,6.38,6.38,1,True,30.37,36.75,30.37,2026-10-09 02:16:00,6.00,re-rotura,False,2026-10-09 02:28:00,31034.93,41.44,False,,"['dom0', 'dom1']",['QQQ750']
25480,2026-10-09 02:19:00,2026-10-09,296,31076.37,techo,sostenido,False,giro de 15 pts,2026-10-09 02:25:00,6,0.88,0.88,0.88,0,False,16.87,17.75,16.87,2026-10-09 02:25:00,6.00,re-rotura,False,2026-10-09 02:28:00,31034.93,41.44,False,,"['dom0', 'dom1']",['QQQ750']
25487,2026-10-09 02:26:00,2026-10-09,296,31076.37,techo,rota,False,cierre mas alla de +5 con cuerpo 5.50,2026-10-09 02:28:00,2,12.88,12.88,12.88,3,False,,,,,,,,,,,,,"['dom0', 'dom1']",['QQQ750']
25503,2026-10-09 02:42:00,2026-10-09,296,31076.37,techo,rota,False,3 cierres seguidos mas alla,2026-10-09 02:45:00,3,6.13,6.13,6.13,3,False,,,,,,,,,,,,,"['dom0', 'dom1']",['QQQ750']
25511,2026-10-09 02:50:00,2026-10-09,296,31076.37,piso,rota,False,3 cierres seguidos mas alla,2026-10-09 02:53:00,3,8.62,8.62,8.62,3,False,,,,,,,,,,,,,"['dom0', 'dom1']",['QQQ750']
25515,2026-10-09 02:54:00,2026-10-09,296,31076.37,techo,rota,False,3 cierres seguidos mas alla,2026-10-09 02:57:00,3,6.88,6.88,6.88,3,False,,,,,,,,,,,,,"['dom0', 'dom1']",['QQQ750']
25521,2026-10-09 03:00:00,2026-10-09,296,31076.37,piso,rota,False,cierre mas alla de +5 con cuerpo 8.50,2026-10-09 03:03:00,3,12.62,12.62,12.62,2,False,,,,,,,,,,,,,"['dom0', 'dom1']",['QQQ750']
25541,2026-10-09 03:20:00,2026-10-09,296,31076.37,techo,indefinida,True,fin de datos,2026-10-09 03:22:00,2,7.38,7.38,7.38,1,False,,,,,,,,,,,,,"['dom0', 'dom1']",['QQQ750']
