t,t_aprox,tipo,precio,izq,der,cubierto,raya_mas_cercana,noche
2026-09-13 22:37:00,2026-09-13 22:34:00,max,29391.25,108.75,37.25,False,29352.24,2026-09-14
2026-09-13 22:45:00,2026-09-13 22:45:00,min,29354.00,37.25,20.50,True,29352.24,2026-09-14
2026-09-13 22:46:00,2026-09-13 22:46:00,max,29374.50,20.50,29.75,False,29352.24,2026-09-14
2026-09-13 23:07:00,2026-09-13 23:04:00,min,29344.75,29.75,45.50,False,29352.24,2026-09-14
2026-09-13 23:30:00,2026-09-13 23:30:00,max,29390.25,45.50,59.50,False,29352.24,2026-09-14
2026-09-13 23:37:00,2026-09-13 23:37:00,min,29330.75,59.50,20.25,False,29310.72,2026-09-14
2026-09-13 23:39:00,2026-09-13 23:39:00,max,29351.00,20.25,50.50,True,29352.24,2026-09-14
2026-09-13 23:51:00,2026-09-13 23:50:00,min,29300.50,50.50,27.25,False,29310.72,2026-09-14
2026-09-13 23:54:00,2026-09-13 23:52:00,max,29327.75,27.25,28.00,False,29310.72,2026-09-14
2026-09-13 23:56:00,2026-09-13 23:56:00,min,29299.75,28.00,65.75,False,29310.72,2026-09-14
2026-09-14 00:08:00,2026-09-14 00:08:00,max,29365.50,65.75,26.75,False,29352.24,2026-09-14
2026-09-14 00:10:00,2026-09-14 00:10:00,min,29338.75,26.75,20.50,False,29352.24,2026-09-14
2026-09-14 00:12:00,2026-09-14 00:12:00,max,29359.25,20.50,31.25,False,29352.24,2026-09-14
2026-09-14 00:16:00,2026-09-14 00:16:00,min,29328.00,31.25,20.50,False,29310.72,2026-09-14
2026-09-14 00:18:00,2026-09-14 00:18:00,max,29348.50,20.50,55.25,False,29352.24,2026-09-14
2026-09-14 00:28:00,2026-09-14 00:27:00,min,29293.25,55.25,29.25,False,29310.72,2026-09-14
2026-09-14 00:35:00,2026-09-14 00:31:00,max,29322.50,29.25,24.75,False,29310.72,2026-09-14
2026-09-14 00:41:00,2026-09-14 00:41:00,min,29297.75,24.75,37.75,False,29310.72,2026-09-14
2026-09-14 00:45:00,2026-09-14 00:45:00,max,29335.50,37.75,25.00,False,29352.24,2026-09-14
2026-09-14 00:53:00,2026-09-14 00:53:00,min,29310.50,25.00,24.25,True,29310.72,2026-09-14
2026-09-14 00:56:00,2026-09-14 00:55:00,max,29334.75,24.25,48.00,False,29352.24,2026-09-14
2026-09-14 01:01:00,2026-09-14 01:01:00,min,29286.75,48.00,42.50,False,29310.72,2026-09-14
2026-09-14 01:11:00,2026-09-14 01:10:00,max,29329.25,42.50,40.25,False,29310.72,2026-09-14
2026-09-14 01:23:00,2026-09-14 01:20:00,min,29289.00,40.25,84.50,False,29310.72,2026-09-14
2026-09-14 02:01:00,2026-09-14 02:01:00,max,29373.50,84.50,24.50,False,29352.24,2026-09-14
2026-09-14 02:02:00,2026-09-14 02:02:00,min,29349.00,24.50,28.00,False,29352.24,2026-09-14
2026-09-14 02:08:00,2026-09-14 02:08:00,max,29377.00,28.00,42.75,False,29352.24,2026-09-14
2026-09-14 02:42:00,2026-09-14 02:42:00,min,29334.25,42.75,30.25,False,29352.24,2026-09-14
2026-09-14 02:51:00,2026-09-14 02:51:00,max,29364.50,30.25,61.00,False,29352.24,2026-09-14
2026-09-14 03:17:00,2026-09-14 03:17:00,min,29303.50,61.00,22.75,False,29310.72,2026-09-14
2026-09-14 03:29:00,2026-09-14 03:29:00,max,29326.25,22.75,21.25,False,29310.72,2026-09-14
2026-09-14 03:47:00,2026-09-14 03:31:00,min,29305.00,21.25,25.75,False,29310.72,2026-09-14
2026-09-14 04:07:00,2026-09-14 04:05:00,max,29330.75,25.75,33.50,False,29310.72,2026-09-14
2026-09-14 04:16:00,2026-09-14 04:16:00,min,29297.25,33.50,21.25,False,29310.72,2026-09-14
2026-09-14 04:27:00,2026-09-14 04:25:00,max,29318.50,21.25,22.25,False,29310.72,2026-09-14
2026-09-14 04:33:00,2026-09-14 04:33:00,min,29296.25,22.25,34.00,False,29310.72,2026-09-14
2026-09-14 04:50:00,2026-09-14 04:50:00,max,29330.25,34.00,34.75,False,29310.72,2026-09-14
2026-09-14 05:24:00,2026-09-14 05:21:00,min,29295.50,34.75,20.75,False,29310.72,2026-09-14
2026-09-14 05:39:00,2026-09-14 05:38:00,max,29316.25,20.75,35.50,False,29310.72,2026-09-14
2026-09-14 05:43:00,2026-09-14 05:42:00,min,29280.75,35.50,49.25,False,29310.72,2026-09-14
2026-09-14 06:11:00,2026-09-14 06:11:00,max,29330.00,49.25,23.00,False,29310.72,2026-09-14
2026-09-14 06:22:00,2026-09-14 06:22:00,min,29307.00,23.00,24.00,False,29310.72,2026-09-14
2026-09-14 06:27:00,2026-09-14 06:27:00,max,29331.00,24.00,39.00,False,29310.72,2026-09-14
2026-09-14 06:43:00,2026-09-14 06:43:00,min,29292.00,39.00,21.00,False,29310.72,2026-09-14
2026-09-14 06:47:00,2026-09-14 06:46:00,max,29313.00,21.00,80.00,False,29310.72,2026-09-14
2026-09-14 07:00:00,2026-09-14 07:00:00,min,29233.00,80.00,28.50,False,29310.72,2026-09-14
2026-09-14 07:05:00,2026-09-14 07:05:00,max,29261.50,28.50,23.75,False,29310.72,2026-09-14
2026-09-14 07:10:00,2026-09-14 07:10:00,min,29237.75,23.75,37.00,False,29269.20,2026-09-14
2026-09-14 07:17:00,2026-09-14 07:16:00,max,29274.75,37.00,21.00,False,29310.72,2026-09-14
2026-09-14 07:20:00,2026-09-14 07:20:00,min,29253.75,21.00,27.50,False,29310.72,2026-09-14
2026-09-14 07:24:00,2026-09-14 07:24:00,max,29281.25,27.50,72.75,False,29310.72,2026-09-14
2026-09-14 07:47:00,2026-09-14 07:47:00,min,29208.50,72.75,25.00,False,29269.20,2026-09-14
2026-09-14 07:48:00,2026-09-14 07:48:00,max,29233.50,25.00,35.75,False,29269.20,2026-09-14
2026-09-14 07:52:00,2026-09-14 07:52:00,min,29197.75,35.75,31.25,False,29227.69,2026-09-14
2026-09-14 08:04:00,2026-09-14 08:04:00,max,29229.00,31.25,24.00,False,29269.20,2026-09-14
2026-09-14 08:05:00,2026-09-14 08:05:00,min,29205.00,24.00,31.75,False,29269.20,2026-09-14
2026-09-14 08:06:00,2026-09-14 08:06:00,max,29236.75,31.75,72.50,False,29269.20,2026-09-14
2026-09-14 08:30:00,2026-09-14 08:30:00,min,29164.25,72.50,44.50,False,29186.17,2026-09-14
2026-09-14 08:42:00,2026-09-14 08:40:00,max,29208.75,44.50,60.25,False,29227.69,2026-09-14
2026-09-14 08:49:00,2026-09-14 08:49:00,min,29148.50,60.25,26.50,False,29227.69,2026-09-14
2026-09-14 08:52:00,2026-09-14 08:52:00,max,29175.00,26.50,33.25,False,29186.17,2026-09-14
2026-09-14 08:57:00,2026-09-14 08:56:00,min,29141.75,33.25,42.25,False,29061.62,2026-09-14
2026-09-14 09:09:00,2026-09-14 09:09:00,max,29184.00,42.25,77.50,False,29227.69,2026-09-14
2026-09-14 09:24:00,2026-09-14 09:24:00,min,29106.50,77.50,51.00,False,29061.62,2026-09-14
2026-09-14 09:33:00,2026-09-14 09:30:00,max,29157.50,51.00,24.75,False,29227.69,2026-09-14
2026-09-14 09:39:00,2026-09-14 09:39:00,min,29132.75,24.75,26.00,False,29061.62,2026-09-14
2026-09-14 09:40:00,2026-09-14 09:40:00,max,29158.75,26.00,30.75,False,29227.69,2026-09-14
2026-09-14 09:50:00,2026-09-14 09:50:00,min,29128.00,30.75,44.75,False,29061.72,2026-09-14
2026-09-14 10:12:00,2026-09-14 10:12:00,max,29172.75,44.75,22.25,False,29186.27,2026-09-14
2026-09-14 10:16:00,2026-09-14 10:16:00,min,29150.50,22.25,79.75,False,29186.07,2026-09-14
2026-09-14 10:48:00,2026-09-14 10:43:00,max,29230.25,79.75,26.25,False,29268.79,2026-09-14
2026-09-14 11:00:00,2026-09-14 11:00:00,min,29204.00,26.25,32.00,False,29268.69,2026-09-14
2026-09-14 11:06:00,2026-09-14 11:06:00,max,29236.00,32.00,21.50,False,29268.69,2026-09-14
2026-09-14 11:10:00,2026-09-14 11:10:00,min,29214.50,21.50,52.25,False,29268.69,2026-09-14
2026-09-14 11:29:00,2026-09-14 11:29:00,max,29266.75,52.25,44.75,False,29309.77,2026-09-14
2026-09-14 11:37:00,2026-09-14 11:37:00,min,29222.00,44.75,30.25,False,29268.25,2026-09-14
2026-09-14 11:49:00,2026-09-14 11:49:00,max,29252.25,30.25,71.50,False,29268.25,2026-09-14
2026-09-14 12:06:00,2026-09-14 12:05:00,min,29180.75,71.50,32.50,False,29226.73,2026-09-14
2026-09-14 12:11:00,2026-09-14 12:11:00,max,29213.25,32.50,22.50,False,29226.73,2026-09-14
2026-09-14 12:13:00,2026-09-14 12:13:00,min,29190.75,22.50,45.25,False,29226.73,2026-09-14
2026-09-14 12:17:00,2026-09-14 12:17:00,max,29236.00,45.25,39.75,False,29268.25,2026-09-14
2026-09-14 12:26:00,2026-09-14 12:26:00,min,29196.25,39.75,25.00,False,29226.73,2026-09-14
2026-09-14 12:31:00,2026-09-14 12:31:00,max,29221.25,25.00,79.75,False,29226.73,2026-09-14
2026-09-14 12:38:00,2026-09-14 12:38:00,min,29141.50,79.75,32.50,False,29060.67,2026-09-14
2026-09-14 12:40:00,2026-09-14 12:40:00,max,29174.00,32.50,27.00,False,29185.22,2026-09-14
2026-09-14 12:41:00,2026-09-14 12:41:00,min,29147.00,27.00,48.00,False,29226.73,2026-09-14
2026-09-14 12:45:00,2026-09-14 12:44:00,max,29195.00,48.00,48.00,False,29226.73,2026-09-14
2026-09-14 12:56:00,2026-09-14 12:56:00,min,29147.00,48.00,27.50,False,29226.73,2026-09-14
2026-09-14 12:59:00,2026-09-14 12:59:00,max,29174.50,27.50,56.00,False,29185.22,2026-09-14
2026-09-14 13:07:00,2026-09-14 13:07:00,min,29118.50,56.00,93.75,False,29060.53,2026-09-14
2026-09-14 13:29:00,2026-09-14 13:29:00,max,29212.25,93.75,43.25,False,29226.17,2026-09-14
2026-09-14 22:00:00,2026-09-14 22:00:00,max,29495.75,30.50,46.75,False,,2026-09-15
2026-09-14 22:28:00,2026-09-14 22:27:00,min,29449.00,46.75,24.50,False,29436.38,2026-09-15
2026-09-14 22:51:00,2026-09-14 22:51:00,max,29473.50,24.50,30.75,False,29478.15,2026-09-15
2026-09-14 23:53:00,2026-09-14 23:45:00,min,29442.75,30.75,26.75,False,29436.38,2026-09-15
2026-09-15 00:00:00,2026-09-15 00:00:00,max,29469.50,26.75,42.50,False,29477.90,2026-09-15
2026-09-15 00:06:00,2026-09-15 00:06:00,min,29427.00,42.50,39.00,False,29436.38,2026-09-15
2026-09-15 00:09:00,2026-09-15 00:09:00,max,29466.00,39.00,33.00,False,29477.90,2026-09-15
2026-09-15 00:18:00,2026-09-15 00:18:00,min,29433.00,33.00,57.00,False,29436.38,2026-09-15
2026-09-15 00:43:00,2026-09-15 00:43:00,max,29490.00,57.00,31.75,False,29477.70,2026-09-15
2026-09-15 01:00:00,2026-09-15 00:58:00,min,29458.25,31.75,36.75,False,29477.70,2026-09-15
2026-09-15 01:16:00,2026-09-15 01:12:00,max,29495.00,36.75,67.25,False,29477.70,2026-09-15
2026-09-15 01:42:00,2026-09-15 01:42:00,min,29427.75,67.25,48.25,False,29436.18,2026-09-15
2026-09-15 02:02:00,2026-09-15 02:01:00,max,29476.00,48.25,24.50,True,29477.70,2026-09-15
2026-09-15 02:15:00,2026-09-15 02:11:00,min,29451.50,24.50,21.00,False,29436.18,2026-09-15
2026-09-15 02:35:00,2026-09-15 02:35:00,max,29472.50,21.00,64.00,False,29477.70,2026-09-15
2026-09-15 04:02:00,2026-09-15 04:00:00,min,29408.50,64.00,25.00,False,29436.18,2026-09-15
2026-09-15 04:06:00,2026-09-15 04:06:00,max,29433.50,25.00,71.75,False,29436.18,2026-09-15
2026-09-15 04:37:00,2026-09-15 04:37:00,min,29361.75,71.75,37.25,False,29311.63,2026-09-15
2026-09-15 04:48:00,2026-09-15 04:48:00,max,29399.00,37.25,90.50,False,29436.18,2026-09-15
2026-09-15 05:19:00,2026-09-15 05:17:00,min,29308.50,90.50,46.75,False,29311.63,2026-09-15
2026-09-15 05:33:00,2026-09-15 05:33:00,max,29355.25,46.75,26.75,False,29436.18,2026-09-15
2026-09-15 05:38:00,2026-09-15 05:38:00,min,29328.50,26.75,75.75,False,29311.63,2026-09-15
2026-09-15 05:54:00,2026-09-15 05:53:00,max,29404.25,75.75,38.75,False,29436.18,2026-09-15
2026-09-15 06:06:00,2026-09-15 06:06:00,min,29365.50,38.75,30.50,False,29436.18,2026-09-15
2026-09-15 06:23:00,2026-09-15 06:23:00,max,29396.00,30.50,56.75,False,29436.18,2026-09-15
2026-09-15 06:56:00,2026-09-15 06:56:00,min,29339.25,56.75,37.25,False,29270.11,2026-09-15
2026-09-15 07:04:00,2026-09-15 07:04:00,max,29376.50,37.25,31.50,False,29436.18,2026-09-15
2026-09-15 07:07:00,2026-09-15 07:07:00,min,29345.00,31.50,22.25,False,29270.11,2026-09-15
2026-09-15 07:10:00,2026-09-15 07:10:00,max,29367.25,22.25,43.00,False,29436.18,2026-09-15
2026-09-15 07:14:00,2026-09-15 07:14:00,min,29324.25,43.00,58.50,False,29311.63,2026-09-15
2026-09-15 07:25:00,2026-09-15 07:25:00,max,29382.75,58.50,39.75,False,29436.18,2026-09-15
2026-09-15 07:28:00,2026-09-15 07:28:00,min,29343.00,39.75,22.00,False,29270.11,2026-09-15
2026-09-15 07:32:00,2026-09-15 07:31:00,max,29365.00,22.00,53.25,False,29436.18,2026-09-15
2026-09-15 07:45:00,2026-09-15 07:44:00,min,29311.75,53.25,25.75,True,29311.63,2026-09-15
2026-09-15 07:47:00,2026-09-15 07:47:00,max,29337.50,25.75,39.75,False,29311.63,2026-09-15
2026-09-15 07:55:00,2026-09-15 07:55:00,min,29297.75,39.75,23.75,False,29311.63,2026-09-15
2026-09-15 07:57:00,2026-09-15 07:57:00,max,29321.50,23.75,90.25,False,29311.63,2026-09-15
2026-09-15 08:10:00,2026-09-15 08:10:00,min,29231.25,90.25,78.75,False,29270.11,2026-09-15
2026-09-15 08:20:00,2026-09-15 08:20:00,max,29310.00,78.75,35.25,True,29311.63,2026-09-15
2026-09-15 08:29:00,2026-09-15 08:29:00,min,29274.75,35.25,21.25,False,29270.11,2026-09-15
2026-09-15 08:30:00,2026-09-15 08:30:00,max,29296.00,21.25,27.00,False,29311.63,2026-09-15
2026-09-15 08:35:00,2026-09-15 08:34:00,min,29269.00,27.00,23.00,True,29270.11,2026-09-15
2026-09-15 08:38:00,2026-09-15 08:38:00,max,29292.00,23.00,29.25,False,29270.11,2026-09-15
2026-09-15 08:55:00,2026-09-15 08:45:00,min,29262.75,29.25,24.00,False,29270.11,2026-09-15
2026-09-15 08:57:00,2026-09-15 08:57:00,max,29286.75,24.00,36.75,False,29270.11,2026-09-15
2026-09-15 09:03:00,2026-09-15 09:02:00,min,29250.00,36.75,35.00,False,29270.11,2026-09-15
2026-09-15 09:06:00,2026-09-15 09:06:00,max,29285.00,35.00,48.50,False,29270.11,2026-09-15
2026-09-15 09:18:00,2026-09-15 09:18:00,min,29236.50,48.50,37.50,False,29270.11,2026-09-15
2026-09-15 09:23:00,2026-09-15 09:23:00,max,29274.00,37.50,28.00,False,29270.31,2026-09-15
2026-09-15 09:24:00,2026-09-15 09:24:00,min,29246.00,28.00,121.50,False,29270.31,2026-09-15
2026-09-15 10:11:00,2026-09-15 10:11:00,max,29367.50,121.50,33.25,False,29435.88,2026-09-15
2026-09-15 10:17:00,2026-09-15 10:16:00,min,29334.25,33.25,84.50,False,29269.81,2026-09-15
2026-09-15 11:02:00,2026-09-15 11:02:00,max,29418.75,84.50,25.75,False,29434.23,2026-09-15
2026-09-15 11:05:00,2026-09-15 11:05:00,min,29393.00,25.75,34.50,False,29434.23,2026-09-15
2026-09-15 11:19:00,2026-09-15 11:19:00,max,29427.50,34.50,39.00,False,29434.23,2026-09-15
2026-09-15 11:32:00,2026-09-15 11:32:00,min,29388.50,39.00,44.00,False,29434.20,2026-09-15
2026-09-15 12:01:00,2026-09-15 12:01:00,max,29432.50,44.00,28.25,True,29433.87,2026-09-15
2026-09-15 12:03:00,2026-09-15 12:03:00,min,29404.25,28.25,37.25,False,29433.87,2026-09-15
2026-09-15 12:18:00,2026-09-15 12:11:00,max,29441.50,37.25,43.00,False,29433.87,2026-09-15
2026-09-15 12:24:00,2026-09-15 12:24:00,min,29398.50,43.00,31.75,False,29433.87,2026-09-15
2026-09-15 12:28:00,2026-09-15 12:27:00,max,29430.25,31.75,29.00,False,29433.87,2026-09-15
2026-09-15 12:33:00,2026-09-15 12:32:00,min,29401.25,29.00,31.00,False,29433.87,2026-09-15
2026-09-15 12:40:00,2026-09-15 12:36:00,max,29432.25,31.00,25.25,True,29433.87,2026-09-15
2026-09-15 12:42:00,2026-09-15 12:42:00,min,29407.00,25.25,61.00,False,29433.87,2026-09-15
2026-09-15 12:48:00,2026-09-15 12:48:00,max,29468.00,61.00,20.25,False,29475.39,2026-09-15
2026-09-15 12:51:00,2026-09-15 12:51:00,min,29447.75,20.25,36.50,False,29433.50,2026-09-15
2026-09-15 12:55:00,2026-09-15 12:55:00,max,29484.25,36.50,59.50,False,29475.01,2026-09-15
2026-09-15 13:02:00,2026-09-15 13:01:00,min,29424.75,59.50,22.25,False,29433.40,2026-09-15
2026-09-15 13:08:00,2026-09-15 13:05:00,max,29447.00,22.25,37.50,False,29433.40,2026-09-15
2026-09-15 13:22:00,2026-09-15 13:22:00,min,29409.50,37.50,29.50,False,29433.40,2026-09-15
2026-09-15 13:25:00,2026-09-15 13:25:00,max,29439.00,29.50,65.50,False,29433.40,2026-09-15
2026-09-15 22:08:00,2026-09-15 22:08:00,min,29256.75,21.25,32.25,False,29223.12,2026-09-16
2026-09-15 22:52:00,2026-09-15 22:52:00,max,29289.00,32.25,25.00,False,29306.26,2026-09-16
2026-09-15 23:37:00,2026-09-15 23:28:00,min,29264.00,25.00,23.75,False,29224.52,2026-09-16
2026-09-15 23:43:00,2026-09-15 23:43:00,max,29287.75,23.75,30.25,False,29307.60,2026-09-16
2026-09-16 00:02:00,2026-09-16 00:02:00,min,29257.50,30.25,27.50,False,29224.57,2026-09-16
2026-09-16 00:30:00,2026-09-16 00:12:00,max,29285.00,27.50,20.25,False,29307.60,2026-09-16
2026-09-16 00:35:00,2026-09-16 00:35:00,min,29264.75,20.25,21.25,False,29224.57,2026-09-16
2026-09-16 00:48:00,2026-09-16 00:48:00,max,29286.00,21.25,44.75,False,29307.01,2026-09-16
2026-09-16 01:10:00,2026-09-16 01:09:00,min,29241.25,44.75,48.75,False,29223.99,2026-09-16
2026-09-16 01:24:00,2026-09-16 01:24:00,max,29290.00,48.75,45.50,False,29307.01,2026-09-16
2026-09-16 01:38:00,2026-09-16 01:38:00,min,29244.50,45.50,22.50,False,29223.99,2026-09-16
2026-09-16 01:45:00,2026-09-16 01:45:00,max,29267.00,22.50,41.25,False,29307.01,2026-09-16
2026-09-16 01:59:00,2026-09-16 01:59:00,min,29225.75,41.25,35.00,True,29223.99,2026-09-16
2026-09-16 02:02:00,2026-09-16 02:02:00,max,29260.75,35.00,33.00,False,29223.99,2026-09-16
2026-09-16 02:12:00,2026-09-16 02:12:00,min,29227.75,33.00,56.25,False,29223.99,2026-09-16
2026-09-16 02:30:00,2026-09-16 02:30:00,max,29284.00,56.25,29.50,False,29307.01,2026-09-16
2026-09-16 02:44:00,2026-09-16 02:44:00,min,29254.50,29.50,102.75,False,29223.99,2026-09-16
2026-09-16 03:22:00,2026-09-16 03:22:00,max,29357.25,102.75,57.25,False,29390.03,2026-09-16
2026-09-16 03:37:00,2026-09-16 03:36:00,min,29300.00,57.25,42.25,False,29223.99,2026-09-16
2026-09-16 04:04:00,2026-09-16 04:04:00,max,29342.25,42.25,44.25,False,29390.03,2026-09-16
2026-09-16 04:35:00,2026-09-16 04:35:00,min,29298.00,44.25,22.00,False,29223.99,2026-09-16
2026-09-16 04:52:00,2026-09-16 04:48:00,max,29320.00,22.00,34.50,False,29390.03,2026-09-16
2026-09-16 05:03:00,2026-09-16 05:02:00,min,29285.50,34.50,63.00,False,29223.99,2026-09-16
2026-09-16 05:46:00,2026-09-16 05:45:00,max,29348.50,63.00,28.00,False,29390.03,2026-09-16
2026-09-16 05:52:00,2026-09-16 05:51:00,min,29320.50,28.00,37.25,False,29307.01,2026-09-16
2026-09-16 06:01:00,2026-09-16 06:00:00,max,29357.75,37.25,29.50,False,29390.03,2026-09-16
2026-09-16 06:03:00,2026-09-16 06:03:00,min,29328.25,29.50,44.25,False,29390.03,2026-09-16
2026-09-16 06:13:00,2026-09-16 06:13:00,max,29372.50,44.25,43.75,False,29390.03,2026-09-16
2026-09-16 06:27:00,2026-09-16 06:27:00,min,29328.75,43.75,66.75,False,29390.03,2026-09-16
2026-09-16 07:05:00,2026-09-16 07:04:00,max,29395.50,66.75,29.00,False,29390.03,2026-09-16
2026-09-16 07:19:00,2026-09-16 07:18:00,min,29366.50,29.00,31.75,False,29390.03,2026-09-16
2026-09-16 07:30:00,2026-09-16 07:30:00,max,29398.25,31.75,71.00,False,29390.03,2026-09-16
2026-09-16 08:11:00,2026-09-16 08:11:00,min,29327.25,71.00,47.00,False,29390.03,2026-09-16
2026-09-16 08:19:00,2026-09-16 08:19:00,max,29374.25,47.00,35.25,False,29390.03,2026-09-16
2026-09-16 08:21:00,2026-09-16 08:21:00,min,29339.00,35.25,25.50,False,29390.03,2026-09-16
2026-09-16 08:22:00,2026-09-16 08:22:00,max,29364.50,25.50,33.50,False,29390.03,2026-09-16
2026-09-16 08:26:00,2026-09-16 08:25:00,min,29331.00,33.50,34.75,False,29390.03,2026-09-16
2026-09-16 08:31:00,2026-09-16 08:31:00,max,29365.75,34.75,40.25,False,29390.03,2026-09-16
2026-09-16 08:40:00,2026-09-16 08:40:00,min,29325.50,40.25,56.50,False,29307.01,2026-09-16
2026-09-16 09:05:00,2026-09-16 09:05:00,max,29382.00,56.50,45.50,False,29390.03,2026-09-16
2026-09-16 09:20:00,2026-09-16 09:19:00,min,29336.50,45.50,36.00,False,29390.68,2026-09-16
2026-09-16 09:27:00,2026-09-16 09:27:00,max,29372.50,36.00,21.25,False,29391.13,2026-09-16
2026-09-16 09:28:00,2026-09-16 09:28:00,min,29351.25,21.25,38.75,False,29391.13,2026-09-16
2026-09-16 09:44:00,2026-09-16 09:43:00,max,29390.00,38.75,22.75,True,29390.56,2026-09-16
2026-09-16 09:46:00,2026-09-16 09:46:00,min,29367.25,22.75,24.50,False,29390.56,2026-09-16
2026-09-16 09:58:00,2026-09-16 09:57:00,max,29391.75,24.50,34.50,True,29390.62,2026-09-16
2026-09-16 10:06:00,2026-09-16 10:05:00,min,29357.25,34.50,21.50,False,29390.62,2026-09-16
2026-09-16 10:10:00,2026-09-16 10:09:00,max,29378.75,21.50,23.25,False,29390.62,2026-09-16
2026-09-16 10:13:00,2026-09-16 10:13:00,min,29355.50,23.25,63.50,False,29390.48,2026-09-16
2026-09-16 11:00:00,2026-09-16 11:00:00,max,29419.00,63.50,42.25,False,29390.00,2026-09-16
2026-09-16 11:08:00,2026-09-16 11:07:00,min,29376.75,42.25,22.25,False,29390.00,2026-09-16
2026-09-16 11:09:00,2026-09-16 11:09:00,max,29399.00,22.25,35.75,False,29390.00,2026-09-16
2026-09-16 11:15:00,2026-09-16 11:15:00,min,29363.25,35.75,37.50,False,29390.00,2026-09-16
2026-09-16 11:37:00,2026-09-16 11:37:00,max,29400.75,37.50,20.00,False,29389.21,2026-09-16
2026-09-16 11:40:00,2026-09-16 11:40:00,min,29380.75,20.00,58.25,False,29389.21,2026-09-16
2026-09-16 12:08:00,2026-09-16 12:08:00,max,29439.00,58.25,75.00,False,29471.32,2026-09-16
2026-09-16 12:45:00,2026-09-16 12:45:00,min,29364.00,75.00,41.25,False,29388.30,2026-09-16
2026-09-16 12:51:00,2026-09-16 12:51:00,max,29405.25,41.25,29.75,False,29388.30,2026-09-16
2026-09-16 12:55:00,2026-09-16 12:53:00,min,29375.50,29.75,36.50,False,29388.97,2026-09-16
2026-09-16 13:00:00,2026-09-16 13:00:00,max,29412.00,36.50,47.75,False,29388.97,2026-09-16
2026-09-16 13:04:00,2026-09-16 13:04:00,min,29364.25,47.75,41.00,False,29388.97,2026-09-16
2026-09-16 13:12:00,2026-09-16 13:12:00,max,29405.25,41.00,21.50,False,29388.97,2026-09-16
2026-09-16 13:20:00,2026-09-16 13:19:00,min,29383.75,21.50,31.00,False,29388.97,2026-09-16
2026-09-16 13:22:00,2026-09-16 13:22:00,max,29414.75,31.00,33.75,False,29388.97,2026-09-16
2026-09-16 22:04:00,2026-09-16 22:04:00,min,29247.50,38.00,121.75,False,29265.28,2026-09-17
2026-09-16 22:41:00,2026-09-16 22:41:00,max,29369.25,121.75,28.50,False,29389.37,2026-09-17
2026-09-16 22:56:00,2026-09-16 22:49:00,min,29340.75,28.50,76.25,False,29389.42,2026-09-17
2026-09-16 23:28:00,2026-09-16 23:28:00,max,29417.00,76.25,21.75,False,29389.95,2026-09-17
2026-09-16 23:29:00,2026-09-16 23:29:00,min,29395.25,21.75,48.75,False,29389.95,2026-09-17
2026-09-16 23:40:00,2026-09-16 23:40:00,max,29444.00,48.75,30.75,False,29473.49,2026-09-17
2026-09-16 23:41:00,2026-09-16 23:41:00,min,29413.25,30.75,43.75,False,29390.25,2026-09-17
2026-09-16 23:47:00,2026-09-16 23:47:00,max,29457.00,43.75,21.75,False,29514.50,2026-09-17
2026-09-16 23:56:00,2026-09-16 23:55:00,min,29435.25,21.75,29.25,False,29390.80,2026-09-17
2026-09-17 00:00:00,2026-09-17 00:00:00,max,29464.50,29.25,24.25,False,29515.46,2026-09-17
2026-09-17 00:02:00,2026-09-17 00:02:00,min,29440.25,24.25,21.75,False,29390.92,2026-09-17
2026-09-17 00:07:00,2026-09-17 00:07:00,max,29462.00,21.75,53.00,False,29515.55,2026-09-17
2026-09-17 00:15:00,2026-09-17 00:15:00,min,29409.00,53.00,40.25,False,29390.80,2026-09-17
2026-09-17 00:18:00,2026-09-17 00:18:00,max,29449.25,40.25,23.25,False,29390.80,2026-09-17
2026-09-17 00:22:00,2026-09-17 00:22:00,min,29426.00,23.25,53.50,False,29390.80,2026-09-17
2026-09-17 00:43:00,2026-09-17 00:43:00,max,29479.50,53.50,50.50,False,29555.32,2026-09-17
2026-09-17 00:53:00,2026-09-17 00:53:00,min,29429.00,50.50,37.50,False,29389.28,2026-09-17
2026-09-17 00:58:00,2026-09-17 00:58:00,max,29466.50,37.50,30.25,False,29389.28,2026-09-17
2026-09-17 01:02:00,2026-09-17 01:02:00,min,29436.25,30.25,38.50,False,29389.28,2026-09-17
2026-09-17 01:07:00,2026-09-17 01:07:00,max,29474.75,38.50,40.75,False,29555.32,2026-09-17
2026-09-17 01:13:00,2026-09-17 01:13:00,min,29434.00,40.75,36.00,False,29389.28,2026-09-17
2026-09-17 01:32:00,2026-09-17 01:32:00,max,29470.00,36.00,63.75,False,29513.81,2026-09-17
2026-09-17 01:56:00,2026-09-17 01:56:00,min,29406.25,63.75,33.00,False,29389.28,2026-09-17
2026-09-17 02:05:00,2026-09-17 02:04:00,max,29439.25,33.00,34.00,False,29389.28,2026-09-17
2026-09-17 02:12:00,2026-09-17 02:12:00,min,29405.25,34.00,49.00,False,29389.28,2026-09-17
2026-09-17 02:42:00,2026-09-17 02:42:00,max,29454.25,49.00,36.25,False,29513.81,2026-09-17
2026-09-17 02:58:00,2026-09-17 02:58:00,min,29418.00,36.25,45.50,False,29389.28,2026-09-17
2026-09-17 03:41:00,2026-09-17 03:41:00,max,29463.50,45.50,22.25,False,29513.81,2026-09-17
2026-09-17 03:47:00,2026-09-17 03:47:00,min,29441.25,22.25,28.25,False,29389.28,2026-09-17
2026-09-17 04:02:00,2026-09-17 04:01:00,max,29469.50,28.25,30.25,False,29389.28,2026-09-17
2026-09-17 04:30:00,2026-09-17 04:27:00,min,29439.25,30.25,32.50,False,29389.28,2026-09-17
2026-09-17 04:48:00,2026-09-17 04:48:00,max,29471.75,32.50,51.00,False,29389.28,2026-09-17
2026-09-17 05:21:00,2026-09-17 05:21:00,min,29420.75,51.00,21.00,False,29389.28,2026-09-17
2026-09-17 05:25:00,2026-09-17 05:25:00,max,29441.75,21.00,73.00,False,29472.30,2026-09-17
2026-09-17 06:00:00,2026-09-17 06:00:00,min,29368.75,73.00,45.00,False,29389.28,2026-09-17
2026-09-17 06:06:00,2026-09-17 06:06:00,max,29413.75,45.00,37.75,False,29389.28,2026-09-17
2026-09-17 06:16:00,2026-09-17 06:16:00,min,29376.00,37.75,160.75,False,29389.28,2026-09-17
2026-09-17 07:18:00,2026-09-17 07:18:00,max,29536.75,160.75,28.00,False,29555.32,2026-09-17
2026-09-17 07:22:00,2026-09-17 07:21:00,min,29508.75,28.00,58.00,False,29513.81,2026-09-17
2026-09-17 07:30:00,2026-09-17 07:30:00,max,29566.75,58.00,57.50,False,29555.32,2026-09-17
2026-09-17 07:56:00,2026-09-17 07:56:00,min,29509.25,57.50,24.50,False,29513.81,2026-09-17
2026-09-17 08:06:00,2026-09-17 08:05:00,max,29533.75,24.50,48.75,False,29513.81,2026-09-17
2026-09-17 08:18:00,2026-09-17 08:18:00,min,29485.00,48.75,107.50,False,29513.81,2026-09-17
2026-09-17 09:11:00,2026-09-17 09:10:00,max,29592.50,107.50,39.50,False,29555.32,2026-09-17
2026-09-17 09:26:00,2026-09-17 09:25:00,min,29553.00,39.50,20.75,False,29556.85,2026-09-17
2026-09-17 09:35:00,2026-09-17 09:34:00,max,29573.75,20.75,28.25,False,29556.85,2026-09-17
2026-09-17 09:49:00,2026-09-17 09:48:00,min,29545.50,28.25,34.50,False,29556.29,2026-09-17
2026-09-17 09:55:00,2026-09-17 09:55:00,max,29580.00,34.50,22.50,False,29556.15,2026-09-17
2026-09-17 09:58:00,2026-09-17 09:58:00,min,29557.50,22.50,25.25,True,29556.15,2026-09-17
2026-09-17 10:12:00,2026-09-17 10:11:00,max,29582.75,25.25,21.00,False,29556.29,2026-09-17
2026-09-17 10:19:00,2026-09-17 10:19:00,min,29561.75,21.00,28.75,False,29556.29,2026-09-17
2026-09-17 10:30:00,2026-09-17 10:28:00,max,29590.50,28.75,29.00,False,29556.52,2026-09-17
2026-09-17 10:43:00,2026-09-17 10:42:00,min,29561.50,29.00,51.50,False,29556.52,2026-09-17
2026-09-17 11:01:00,2026-09-17 11:01:00,max,29613.00,51.50,58.00,False,29556.29,2026-09-17
2026-09-17 11:50:00,2026-09-17 11:50:00,min,29555.00,58.00,69.00,True,29556.01,2026-09-17
2026-09-17 12:00:00,2026-09-17 11:59:00,max,29624.00,69.00,28.00,False,29680.54,2026-09-17
2026-09-17 12:03:00,2026-09-17 12:03:00,min,29596.00,28.00,153.25,False,29556.01,2026-09-17
2026-09-17 12:32:00,2026-09-17 12:32:00,max,29749.25,153.25,25.25,False,29680.54,2026-09-17
2026-09-17 12:33:00,2026-09-17 12:33:00,min,29724.00,25.25,29.25,False,29763.56,2026-09-17
2026-09-17 12:34:00,2026-09-17 12:34:00,max,29753.25,29.25,31.00,False,29763.56,2026-09-17
2026-09-17 12:37:00,2026-09-17 12:37:00,min,29722.25,31.00,23.75,False,29680.54,2026-09-17
2026-09-17 12:39:00,2026-09-17 12:39:00,max,29746.00,23.75,37.75,False,29680.54,2026-09-17
2026-09-17 12:48:00,2026-09-17 12:48:00,min,29708.25,37.75,41.75,False,29680.54,2026-09-17
2026-09-17 13:01:00,2026-09-17 13:00:00,max,29750.00,41.75,35.50,False,29680.58,2026-09-17
2026-09-17 13:11:00,2026-09-17 13:11:00,min,29714.50,35.50,27.75,False,29680.58,2026-09-17
2026-09-17 13:18:00,2026-09-17 13:18:00,max,29742.25,27.75,136.50,False,29680.38,2026-09-17
2026-09-17 22:33:00,2026-09-17 22:33:00,min,29672.50,57.25,40.00,False,29711.29,2026-09-18
2026-09-17 23:10:00,2026-09-17 23:10:00,max,29712.50,40.00,26.75,False,29709.74,2026-09-18
2026-09-17 23:16:00,2026-09-17 23:16:00,min,29685.75,26.75,22.75,False,29709.74,2026-09-18
2026-09-18 00:02:00,2026-09-18 00:01:00,max,29708.50,22.75,32.25,True,29707.85,2026-09-18
2026-09-18 00:12:00,2026-09-18 00:12:00,min,29676.25,32.25,25.50,False,29707.79,2026-09-18
2026-09-18 00:18:00,2026-09-18 00:15:00,max,29701.75,25.50,39.50,False,29707.79,2026-09-18
2026-09-18 00:42:00,2026-09-18 00:40:00,min,29662.25,39.50,22.75,False,29624.76,2026-09-18
2026-09-18 00:44:00,2026-09-18 00:44:00,max,29685.00,22.75,26.25,False,29707.75,2026-09-18
2026-09-18 00:50:00,2026-09-18 00:50:00,min,29658.75,26.25,23.50,False,29624.76,2026-09-18
2026-09-18 01:00:00,2026-09-18 01:00:00,max,29682.25,23.50,26.00,False,29707.75,2026-09-18
2026-09-18 01:01:00,2026-09-18 01:01:00,min,29656.25,26.00,20.00,False,29624.76,2026-09-18
2026-09-18 01:06:00,2026-09-18 01:06:00,max,29676.25,20.00,28.75,False,29707.75,2026-09-18
2026-09-18 01:16:00,2026-09-18 01:16:00,min,29647.50,28.75,37.00,False,29624.76,2026-09-18
2026-09-18 02:01:00,2026-09-18 01:49:00,max,29684.50,37.00,23.25,False,29707.75,2026-09-18
2026-09-18 02:10:00,2026-09-18 02:10:00,min,29661.25,23.25,198.75,False,29624.76,2026-09-18
2026-09-18 05:45:00,2026-09-18 05:45:00,max,29860.00,198.75,21.50,False,29873.71,2026-09-18
2026-09-18 05:47:00,2026-09-18 05:47:00,min,29838.50,21.50,80.75,False,29873.71,2026-09-18
2026-09-18 06:39:00,2026-09-18 06:38:00,max,29919.25,80.75,20.00,False,29915.20,2026-09-18
2026-09-18 06:44:00,2026-09-18 06:42:00,min,29899.25,20.00,68.00,False,29915.20,2026-09-18
2026-09-18 07:30:00,2026-09-18 07:30:00,max,29967.25,68.00,45.25,False,29956.70,2026-09-18
2026-09-18 08:01:00,2026-09-18 07:59:00,min,29922.00,45.25,23.00,False,29915.20,2026-09-18
2026-09-18 08:03:00,2026-09-18 08:03:00,max,29945.00,23.00,41.00,False,29915.20,2026-09-18
2026-09-18 08:10:00,2026-09-18 08:09:00,min,29904.00,41.00,27.50,False,29915.20,2026-09-18
2026-09-18 08:20:00,2026-09-18 08:20:00,max,29931.50,27.50,39.00,False,29915.20,2026-09-18
2026-09-18 08:30:00,2026-09-18 08:30:00,min,29892.50,39.00,26.25,False,29873.71,2026-09-18
2026-09-18 08:45:00,2026-09-18 08:35:00,max,29918.75,26.25,83.00,False,29915.20,2026-09-18
2026-09-18 09:45:00,2026-09-18 09:44:00,min,29835.75,83.00,67.75,False,29873.27,2026-09-18
2026-09-18 10:38:00,2026-09-18 10:37:00,max,29903.50,67.75,43.25,False,29912.24,2026-09-18
2026-09-18 11:00:00,2026-09-18 11:00:00,min,29860.25,43.25,38.75,False,29870.40,2026-09-18
2026-09-18 11:04:00,2026-09-18 11:04:00,max,29899.00,38.75,56.75,False,29911.89,2026-09-18
2026-09-18 11:06:00,2026-09-18 11:06:00,min,29842.25,56.75,30.50,False,29870.40,2026-09-18
2026-09-18 11:11:00,2026-09-18 11:10:00,max,29872.75,30.50,49.00,False,29870.40,2026-09-18
2026-09-18 11:20:00,2026-09-18 11:20:00,min,29823.75,49.00,35.25,False,29787.43,2026-09-18
2026-09-18 11:37:00,2026-09-18 11:36:00,max,29859.00,35.25,39.00,False,29870.26,2026-09-18
2026-09-18 11:46:00,2026-09-18 11:46:00,min,29820.00,39.00,26.50,False,29786.71,2026-09-18
2026-09-18 11:55:00,2026-09-18 11:54:00,max,29846.50,26.50,32.00,False,29869.68,2026-09-18
2026-09-18 12:02:00,2026-09-18 12:02:00,min,29814.50,32.00,38.50,False,29786.71,2026-09-18
2026-09-18 12:05:00,2026-09-18 12:05:00,max,29853.00,38.50,85.50,False,29869.68,2026-09-18
2026-09-18 12:20:00,2026-09-18 12:20:00,min,29767.50,85.50,24.00,False,29786.71,2026-09-18
2026-09-18 12:22:00,2026-09-18 12:22:00,max,29791.50,24.00,22.75,False,29786.71,2026-09-18
2026-09-18 12:24:00,2026-09-18 12:24:00,min,29768.75,22.75,27.75,False,29786.71,2026-09-18
2026-09-18 12:34:00,2026-09-18 12:33:00,max,29796.50,27.75,22.50,False,29786.71,2026-09-18
2026-09-18 12:37:00,2026-09-18 12:37:00,min,29774.00,22.50,21.75,False,29786.71,2026-09-18
2026-09-18 12:47:00,2026-09-18 12:43:00,max,29795.75,21.75,31.75,False,29786.71,2026-09-18
2026-09-18 13:02:00,2026-09-18 13:02:00,min,29764.00,31.75,32.75,False,29786.37,2026-09-18
2026-09-18 13:18:00,2026-09-18 13:18:00,max,29796.75,32.75,52.25,False,29785.58,2026-09-18
2026-09-18 13:27:00,2026-09-18 13:27:00,min,29744.50,52.25,97.50,False,29785.58,2026-09-18
2026-09-20 22:14:00,2026-09-20 22:14:00,max,30005.25,60.25,26.25,False,29947.70,2026-09-21
2026-09-20 22:15:00,2026-09-20 22:15:00,min,29979.00,26.25,29.00,False,29906.22,2026-09-21
2026-09-20 22:16:00,2026-09-20 22:16:00,max,30008.00,29.00,28.75,False,30072.13,2026-09-21
2026-09-20 22:24:00,2026-09-20 22:20:00,min,29979.25,28.75,47.00,False,29906.22,2026-09-21
2026-09-20 22:36:00,2026-09-20 22:36:00,max,30026.25,47.00,30.25,False,30072.13,2026-09-21
2026-09-20 22:49:00,2026-09-20 22:49:00,min,29996.00,30.25,37.75,False,29947.70,2026-09-21
2026-09-20 22:59:00,2026-09-20 22:58:00,max,30033.75,37.75,23.25,False,30072.13,2026-09-21
2026-09-20 23:21:00,2026-09-20 23:15:00,min,30010.50,23.25,29.75,False,30072.13,2026-09-21
2026-09-20 23:42:00,2026-09-20 23:39:00,max,30040.25,29.75,21.25,False,30072.13,2026-09-21
2026-09-20 23:54:00,2026-09-20 23:54:00,min,30019.00,21.25,46.50,False,30072.13,2026-09-21
2026-09-21 00:05:00,2026-09-21 00:05:00,max,30065.50,46.50,48.75,False,30072.13,2026-09-21
2026-09-21 00:18:00,2026-09-21 00:18:00,min,30016.75,48.75,75.00,False,30072.13,2026-09-21
2026-09-21 00:36:00,2026-09-21 00:34:00,max,30091.75,75.00,21.00,False,30072.13,2026-09-21
2026-09-21 00:44:00,2026-09-21 00:44:00,min,30070.75,21.00,58.00,True,30072.13,2026-09-21
2026-09-21 01:12:00,2026-09-21 01:12:00,max,30128.75,58.00,24.00,False,30113.61,2026-09-21
2026-09-21 01:23:00,2026-09-21 01:14:00,min,30104.75,24.00,22.75,False,30113.61,2026-09-21
2026-09-21 01:29:00,2026-09-21 01:28:00,max,30127.50,22.75,63.75,False,30113.61,2026-09-21
2026-09-21 02:01:00,2026-09-21 02:00:00,min,30063.75,63.75,25.75,False,30072.13,2026-09-21
2026-09-21 02:29:00,2026-09-21 02:26:00,max,30089.50,25.75,21.75,False,30072.13,2026-09-21
2026-09-21 02:32:00,2026-09-21 02:31:00,min,30067.75,21.75,37.00,False,30072.13,2026-09-21
2026-09-21 02:49:00,2026-09-21 02:49:00,max,30104.75,37.00,28.75,False,30072.13,2026-09-21
2026-09-21 02:56:00,2026-09-21 02:54:00,min,30076.00,28.75,30.00,False,30072.13,2026-09-21
2026-09-21 03:18:00,2026-09-21 03:18:00,max,30106.00,30.00,23.25,False,30072.13,2026-09-21
2026-09-21 03:32:00,2026-09-21 03:32:00,min,30082.75,23.25,24.75,False,30072.13,2026-09-21
2026-09-21 03:46:00,2026-09-21 03:45:00,max,30107.50,24.75,37.25,False,30072.13,2026-09-21
2026-09-21 04:07:00,2026-09-21 04:07:00,min,30070.25,37.25,31.25,True,30072.13,2026-09-21
2026-09-21 04:20:00,2026-09-21 04:19:00,max,30101.50,31.25,26.50,False,30072.13,2026-09-21
2026-09-21 05:18:00,2026-09-21 05:18:00,min,30075.00,26.50,37.00,False,30072.13,2026-09-21
2026-09-21 05:40:00,2026-09-21 05:40:00,max,30112.00,37.00,29.25,False,30072.13,2026-09-21
2026-09-21 05:50:00,2026-09-21 05:48:00,min,30082.75,29.25,41.25,False,30072.13,2026-09-21
2026-09-21 06:19:00,2026-09-21 06:17:00,max,30124.00,41.25,21.00,False,30113.61,2026-09-21
2026-09-21 06:28:00,2026-09-21 06:28:00,min,30103.00,21.00,35.00,False,30113.61,2026-09-21
2026-09-21 06:47:00,2026-09-21 06:47:00,max,30138.00,35.00,20.75,False,30113.61,2026-09-21
2026-09-21 06:54:00,2026-09-21 06:54:00,min,30117.25,20.75,45.50,False,30113.61,2026-09-21
2026-09-21 07:04:00,2026-09-21 07:04:00,max,30162.75,45.50,27.75,False,30113.61,2026-09-21
2026-09-21 07:12:00,2026-09-21 07:12:00,min,30135.00,27.75,20.75,False,30113.61,2026-09-21
2026-09-21 07:14:00,2026-09-21 07:14:00,max,30155.75,20.75,29.75,False,30113.61,2026-09-21
2026-09-21 07:26:00,2026-09-21 07:26:00,min,30126.00,29.75,90.25,False,30113.61,2026-09-21
2026-09-21 08:03:00,2026-09-21 08:03:00,max,30216.25,90.25,32.00,False,30279.53,2026-09-21
2026-09-21 08:05:00,2026-09-21 08:05:00,min,30184.25,32.00,30.50,False,30113.61,2026-09-21
2026-09-21 08:12:00,2026-09-21 08:12:00,max,30214.75,30.50,23.00,False,30279.53,2026-09-21
2026-09-21 08:20:00,2026-09-21 08:20:00,min,30191.75,23.00,70.00,False,30113.61,2026-09-21
2026-09-21 09:27:00,2026-09-21 09:27:00,max,30261.75,70.00,22.25,False,30281.03,2026-09-21
2026-09-21 09:32:00,2026-09-21 09:31:00,min,30239.50,22.25,24.50,True,30239.60,2026-09-21
2026-09-21 09:48:00,2026-09-21 09:48:00,max,30264.00,24.50,31.25,False,30281.70,2026-09-21
2026-09-21 09:59:00,2026-09-21 09:58:00,min,30232.75,31.25,40.25,False,30239.60,2026-09-21
2026-09-21 10:39:00,2026-09-21 10:39:00,max,30273.00,40.25,50.75,False,30263.76,2026-09-21
2026-09-21 11:08:00,2026-09-21 11:08:00,min,30222.25,50.75,20.25,False,30143.07,2026-09-21
2026-09-21 11:15:00,2026-09-21 11:15:00,max,30242.50,20.25,24.25,False,30309.05,2026-09-21
2026-09-21 11:26:00,2026-09-21 11:26:00,min,30218.25,24.25,43.25,False,30143.07,2026-09-21
2026-09-21 11:55:00,2026-09-21 11:55:00,max,30261.50,43.25,25.50,False,30267.67,2026-09-21
2026-09-21 12:02:00,2026-09-21 12:02:00,min,30236.00,25.50,41.25,False,30267.70,2026-09-21
2026-09-21 12:05:00,2026-09-21 12:05:00,max,30277.25,41.25,55.00,False,30267.70,2026-09-21
2026-09-21 12:38:00,2026-09-21 12:34:00,min,30222.25,55.00,36.50,False,30226.53,2026-09-21
2026-09-21 12:45:00,2026-09-21 12:44:00,max,30258.75,36.50,39.75,False,30226.99,2026-09-21
2026-09-21 13:00:00,2026-09-21 13:00:00,min,30219.00,39.75,20.25,False,30185.47,2026-09-21
2026-09-21 13:10:00,2026-09-21 13:04:00,max,30239.25,20.25,37.00,False,30226.76,2026-09-21
2026-09-21 13:24:00,2026-09-21 13:24:00,min,30202.25,37.00,30.75,False,30185.47,2026-09-21
2026-09-21 13:27:00,2026-09-21 13:27:00,max,30233.00,30.75,24.25,False,30185.09,2026-09-21
2026-09-21 13:29:00,2026-09-21 13:28:00,min,30208.75,24.25,52.00,False,30226.61,2026-09-21
2026-09-21 22:00:00,2026-09-21 22:00:00,max,30803.25,23.25,23.25,False,,2026-09-22
2026-09-21 22:00:00,2026-09-21 22:00:00,min,30780.00,23.25,41.00,False,,2026-09-22
2026-09-21 22:05:00,2026-09-21 22:05:00,max,30821.00,41.00,35.50,False,30852.91,2026-09-22
2026-09-21 22:11:00,2026-09-21 22:11:00,min,30785.50,35.50,44.00,False,30852.91,2026-09-22
2026-09-21 22:30:00,2026-09-21 22:30:00,max,30829.50,44.00,25.25,False,30852.91,2026-09-22
2026-09-21 22:41:00,2026-09-21 22:41:00,min,30804.25,25.25,84.75,False,30852.92,2026-09-22
2026-09-22 00:12:00,2026-09-22 00:10:00,max,30889.00,84.75,26.50,False,30895.32,2026-09-22
2026-09-22 00:15:00,2026-09-22 00:15:00,min,30862.50,26.50,55.00,False,30895.44,2026-09-22
2026-09-22 00:32:00,2026-09-22 00:32:00,max,30917.50,55.00,53.50,False,30936.64,2026-09-22
2026-09-22 00:34:00,2026-09-22 00:34:00,min,30864.00,53.50,43.25,False,30895.12,2026-09-22
2026-09-22 00:46:00,2026-09-22 00:46:00,max,30907.25,43.25,40.25,False,30895.12,2026-09-22
2026-09-22 01:22:00,2026-09-22 01:22:00,min,30867.00,40.25,24.50,False,30895.12,2026-09-22
2026-09-22 01:29:00,2026-09-22 01:29:00,max,30891.50,24.50,21.50,False,30895.12,2026-09-22
2026-09-22 01:30:00,2026-09-22 01:30:00,min,30870.00,21.50,35.50,False,30895.12,2026-09-22
2026-09-22 01:37:00,2026-09-22 01:37:00,max,30905.50,35.50,34.00,False,30895.12,2026-09-22
2026-09-22 01:59:00,2026-09-22 01:46:00,min,30871.50,34.00,23.25,False,30895.12,2026-09-22
2026-09-22 02:02:00,2026-09-22 02:02:00,max,30894.75,23.25,28.50,True,30895.12,2026-09-22
2026-09-22 02:33:00,2026-09-22 02:30:00,min,30866.25,28.50,33.00,False,30895.12,2026-09-22
2026-09-22 03:15:00,2026-09-22 02:59:00,max,30899.25,33.00,42.50,False,30895.12,2026-09-22
2026-09-22 03:56:00,2026-09-22 03:56:00,min,30856.75,42.50,22.25,False,30895.12,2026-09-22
2026-09-22 03:58:00,2026-09-22 03:57:00,max,30879.00,22.25,46.75,False,30895.12,2026-09-22
2026-09-22 04:10:00,2026-09-22 04:10:00,min,30832.25,46.75,35.50,False,30895.12,2026-09-22
2026-09-22 04:11:00,2026-09-22 04:11:00,max,30867.75,35.50,84.25,False,30895.12,2026-09-22
2026-09-22 05:19:00,2026-09-22 05:18:00,min,30783.50,84.25,26.50,False,30853.59,2026-09-22
2026-09-22 05:22:00,2026-09-22 05:21:00,max,30810.00,26.50,31.25,False,30853.59,2026-09-22
2026-09-22 05:32:00,2026-09-22 05:31:00,min,30778.75,31.25,66.00,False,30729.01,2026-09-22
2026-09-22 05:49:00,2026-09-22 05:49:00,max,30844.75,66.00,78.75,False,30853.59,2026-09-22
2026-09-22 06:21:00,2026-09-22 06:21:00,min,30766.00,78.75,29.25,False,30729.01,2026-09-22
2026-09-22 06:36:00,2026-09-22 06:36:00,max,30795.25,29.25,33.25,False,30853.59,2026-09-22
2026-09-22 07:03:00,2026-09-22 07:03:00,min,30762.00,33.25,24.75,False,30729.01,2026-09-22
2026-09-22 07:05:00,2026-09-22 07:05:00,max,30786.75,24.75,20.25,False,30729.01,2026-09-22
2026-09-22 07:06:00,2026-09-22 07:06:00,min,30766.50,20.25,21.75,False,30729.01,2026-09-22
2026-09-22 07:12:00,2026-09-22 07:10:00,max,30788.25,21.75,20.00,False,30729.01,2026-09-22
2026-09-22 07:14:00,2026-09-22 07:13:00,min,30768.25,20.00,24.25,False,30729.01,2026-09-22
2026-09-22 07:16:00,2026-09-22 07:16:00,max,30792.50,24.25,31.25,False,30853.59,2026-09-22
2026-09-22 07:30:00,2026-09-22 07:30:00,min,30761.25,31.25,24.75,False,30729.01,2026-09-22
2026-09-22 07:46:00,2026-09-22 07:46:00,max,30786.00,24.75,60.00,False,30729.01,2026-09-22
2026-09-22 08:05:00,2026-09-22 08:05:00,min,30726.00,60.00,21.50,False,30729.01,2026-09-22
2026-09-22 08:08:00,2026-09-22 08:07:00,max,30747.50,21.50,76.50,False,30729.01,2026-09-22
2026-09-22 08:31:00,2026-09-22 08:31:00,min,30671.00,76.50,29.25,False,30729.01,2026-09-22
2026-09-22 08:32:00,2026-09-22 08:32:00,max,30700.25,29.25,29.00,False,30729.01,2026-09-22
2026-09-22 08:33:00,2026-09-22 08:33:00,min,30671.25,29.00,94.00,False,30729.01,2026-09-22
2026-09-22 08:42:00,2026-09-22 08:42:00,max,30765.25,94.00,21.25,False,30729.01,2026-09-22
2026-09-22 08:46:00,2026-09-22 08:45:00,min,30744.00,21.25,46.50,False,30729.01,2026-09-22
2026-09-22 08:58:00,2026-09-22 08:58:00,max,30790.50,46.50,20.00,False,30729.01,2026-09-22
2026-09-22 09:01:00,2026-09-22 09:01:00,min,30770.50,20.00,32.00,False,30729.01,2026-09-22
2026-09-22 09:02:00,2026-09-22 09:02:00,max,30802.50,32.00,48.25,False,30853.92,2026-09-22
2026-09-22 09:05:00,2026-09-22 09:05:00,min,30754.25,48.25,26.50,False,30729.34,2026-09-22
2026-09-22 09:06:00,2026-09-22 09:06:00,max,30780.75,26.50,22.75,False,30729.34,2026-09-22
2026-09-22 09:09:00,2026-09-22 09:09:00,min,30758.00,22.75,23.25,False,30729.34,2026-09-22
2026-09-22 09:11:00,2026-09-22 09:11:00,max,30781.25,23.25,28.75,False,30729.34,2026-09-22
2026-09-22 09:12:00,2026-09-22 09:12:00,min,30752.50,28.75,35.50,False,30729.44,2026-09-22
2026-09-22 09:15:00,2026-09-22 09:15:00,max,30788.00,35.50,28.00,False,30729.44,2026-09-22
2026-09-22 09:22:00,2026-09-22 09:22:00,min,30760.00,28.00,27.00,False,30729.44,2026-09-22
2026-09-22 09:32:00,2026-09-22 09:31:00,max,30787.00,27.00,23.50,False,30729.44,2026-09-22
2026-09-22 09:38:00,2026-09-22 09:36:00,min,30763.50,23.50,91.75,False,30729.22,2026-09-22
2026-09-22 09:52:00,2026-09-22 09:52:00,max,30855.25,91.75,55.25,True,30853.51,2026-09-22
2026-09-22 09:53:00,2026-09-22 09:53:00,min,30800.00,55.25,27.00,False,30853.51,2026-09-22
2026-09-22 09:54:00,2026-09-22 09:54:00,max,30827.00,27.00,32.50,False,30853.51,2026-09-22
2026-09-22 09:56:00,2026-09-22 09:56:00,min,30794.50,32.50,47.75,False,30853.51,2026-09-22
2026-09-22 09:59:00,2026-09-22 09:59:00,max,30842.25,47.75,24.25,False,30894.98,2026-09-22
2026-09-22 10:00:00,2026-09-22 10:00:00,min,30818.00,24.25,30.00,False,30853.45,2026-09-22
2026-09-22 10:08:00,2026-09-22 10:08:00,max,30848.00,30.00,53.50,False,30894.98,2026-09-22
2026-09-22 10:25:00,2026-09-22 10:25:00,min,30794.50,53.50,36.25,False,30853.80,2026-09-22
2026-09-22 10:43:00,2026-09-22 10:43:00,max,30830.75,36.25,22.50,False,30853.45,2026-09-22
2026-09-22 10:46:00,2026-09-22 10:46:00,min,30808.25,22.50,26.50,False,30853.45,2026-09-22
2026-09-22 10:50:00,2026-09-22 10:50:00,max,30834.75,26.50,45.75,False,30853.31,2026-09-22
2026-09-22 11:06:00,2026-09-22 11:06:00,min,30789.00,45.75,21.25,False,30853.31,2026-09-22
2026-09-22 11:07:00,2026-09-22 11:07:00,max,30810.25,21.25,55.50,False,30853.31,2026-09-22
2026-09-22 11:09:00,2026-09-22 11:09:00,min,30754.75,55.50,50.25,False,30853.31,2026-09-22
2026-09-22 11:12:00,2026-09-22 11:12:00,max,30805.00,50.25,29.75,False,30853.27,2026-09-22
2026-09-22 11:13:00,2026-09-22 11:13:00,min,30775.25,29.75,27.25,False,30728.69,2026-09-22
2026-09-22 11:24:00,2026-09-22 11:24:00,max,30802.50,27.25,26.25,False,30853.18,2026-09-22
2026-09-22 11:30:00,2026-09-22 11:29:00,min,30776.25,26.25,37.50,False,30728.61,2026-09-22
2026-09-22 11:45:00,2026-09-22 11:45:00,max,30813.75,37.50,43.00,False,30852.77,2026-09-22
2026-09-22 12:00:00,2026-09-22 11:58:00,min,30770.75,43.00,21.00,False,30727.73,2026-09-22
2026-09-22 12:03:00,2026-09-22 12:03:00,max,30791.75,21.00,44.00,False,30852.31,2026-09-22
2026-09-22 12:09:00,2026-09-22 12:09:00,min,30747.75,44.00,23.00,False,30727.73,2026-09-22
2026-09-22 12:16:00,2026-09-22 12:12:00,max,30770.75,23.00,21.50,False,30727.33,2026-09-22
2026-09-22 12:17:00,2026-09-22 12:17:00,min,30749.25,21.50,39.00,False,30727.29,2026-09-22
2026-09-22 12:33:00,2026-09-22 12:32:00,max,30788.25,39.00,40.25,False,30726.88,2026-09-22
2026-09-22 12:59:00,2026-09-22 12:59:00,min,30748.00,40.25,33.00,False,30726.88,2026-09-22
2026-09-22 13:08:00,2026-09-22 13:08:00,max,30781.00,33.00,30.25,False,30726.88,2026-09-22
2026-09-22 13:20:00,2026-09-22 13:20:00,min,30750.75,30.25,27.00,False,30726.16,2026-09-22
2026-09-22 13:25:00,2026-09-22 13:25:00,max,30777.75,27.00,20.75,False,30725.26,2026-09-22
2026-09-22 13:28:00,2026-09-22 13:28:00,min,30757.00,20.75,111.25,False,30725.26,2026-09-22
2026-09-22 22:00:00,2026-09-22 22:00:00,min,31000.50,30.25,60.50,False,,2026-09-23
2026-09-22 22:41:00,2026-09-22 22:34:00,max,31061.00,60.50,35.50,False,31094.54,2026-09-23
2026-09-22 22:50:00,2026-09-22 22:49:00,min,31025.50,35.50,50.25,False,31094.57,2026-09-23
2026-09-22 23:59:00,2026-09-22 23:59:00,max,31075.75,50.25,40.25,False,31094.58,2026-09-23
2026-09-23 00:00:00,2026-09-23 00:00:00,min,31035.50,40.25,23.50,False,31094.58,2026-09-23
2026-09-23 00:02:00,2026-09-23 00:02:00,max,31059.00,23.50,27.50,False,31094.58,2026-09-23
2026-09-23 00:07:00,2026-09-23 00:07:00,min,31031.50,27.50,22.00,False,31094.58,2026-09-23
2026-09-23 00:17:00,2026-09-23 00:17:00,max,31053.50,22.00,21.50,False,31094.58,2026-09-23
2026-09-23 00:20:00,2026-09-23 00:20:00,min,31032.00,21.50,23.50,False,31094.58,2026-09-23
2026-09-23 00:26:00,2026-09-23 00:25:00,max,31055.50,23.50,43.00,False,31094.58,2026-09-23
2026-09-23 00:55:00,2026-09-23 00:54:00,min,31012.50,43.00,25.50,False,31052.66,2026-09-23
2026-09-23 01:07:00,2026-09-23 01:07:00,max,31038.00,25.50,21.50,False,31052.66,2026-09-23
2026-09-23 01:10:00,2026-09-23 01:10:00,min,31016.50,21.50,42.50,False,31052.66,2026-09-23
2026-09-23 01:30:00,2026-09-23 01:29:00,max,31059.00,42.50,75.75,False,31094.18,2026-09-23
2026-09-23 02:16:00,2026-09-23 02:16:00,min,30983.25,75.75,37.00,False,31052.66,2026-09-23
2026-09-23 02:27:00,2026-09-23 02:27:00,max,31020.25,37.00,28.25,False,31052.66,2026-09-23
2026-09-23 03:18:00,2026-09-23 03:06:00,min,30992.00,28.25,60.00,False,31052.66,2026-09-23
2026-09-23 04:36:00,2026-09-23 04:35:00,max,31052.00,60.00,30.50,False,31094.18,2026-09-23
2026-09-23 05:02:00,2026-09-23 05:02:00,min,31021.50,30.50,21.50,False,31052.66,2026-09-23
2026-09-23 05:17:00,2026-09-23 05:17:00,max,31043.00,21.50,24.75,False,31094.18,2026-09-23
2026-09-23 05:24:00,2026-09-23 05:22:00,min,31018.25,24.75,76.50,False,31052.66,2026-09-23
2026-09-23 06:39:00,2026-09-23 06:39:00,max,31094.75,76.50,37.50,True,31094.18,2026-09-23
2026-09-23 06:46:00,2026-09-23 06:46:00,min,31057.25,37.50,23.75,False,31094.18,2026-09-23
2026-09-23 06:48:00,2026-09-23 06:48:00,max,31081.00,23.75,53.00,False,31094.18,2026-09-23
2026-09-23 07:10:00,2026-09-23 07:09:00,min,31028.00,53.00,34.00,False,31094.18,2026-09-23
2026-09-23 07:31:00,2026-09-23 07:31:00,max,31062.00,34.00,50.75,False,31094.18,2026-09-23
2026-09-23 08:04:00,2026-09-23 08:04:00,min,31011.25,50.75,41.75,False,31052.66,2026-09-23
2026-09-23 08:24:00,2026-09-23 08:24:00,max,31053.00,41.75,50.00,False,31094.18,2026-09-23
2026-09-23 08:52:00,2026-09-23 08:46:00,min,31003.00,50.00,31.50,False,31052.66,2026-09-23
2026-09-23 09:27:00,2026-09-23 09:26:00,max,31034.50,31.50,37.00,False,31052.66,2026-09-23
2026-09-23 09:48:00,2026-09-23 09:48:00,min,30997.50,37.00,42.00,False,31052.66,2026-09-23
2026-09-23 10:19:00,2026-09-23 10:19:00,max,31039.50,42.00,27.00,False,31052.66,2026-09-23
2026-09-23 10:45:00,2026-09-23 10:45:00,min,31012.50,27.00,20.50,False,31052.66,2026-09-23
2026-09-23 10:56:00,2026-09-23 10:56:00,max,31033.00,20.50,121.75,False,31052.66,2026-09-23
2026-09-23 11:43:00,2026-09-23 11:42:00,min,30911.25,121.75,54.75,False,30845.09,2026-09-23
2026-09-23 12:00:00,2026-09-23 12:00:00,max,30966.00,54.75,46.75,False,31011.15,2026-09-23
2026-09-23 12:18:00,2026-09-23 12:17:00,min,30919.25,46.75,49.50,False,30845.09,2026-09-23
2026-09-23 12:47:00,2026-09-23 12:47:00,max,30968.75,49.50,21.00,False,31011.15,2026-09-23
2026-09-23 12:55:00,2026-09-23 12:55:00,min,30947.75,21.00,23.00,False,31011.15,2026-09-23
2026-09-23 13:00:00,2026-09-23 12:59:00,max,30970.75,23.00,27.25,False,31011.15,2026-09-23
2026-09-23 13:07:00,2026-09-23 13:07:00,min,30943.50,27.25,69.50,False,31011.15,2026-09-23
2026-09-24 22:00:00,2026-09-24 22:00:00,min,30715.75,24.50,44.00,False,,2026-09-25
2026-09-24 22:02:00,2026-09-24 22:02:00,max,30759.75,44.00,50.75,False,30797.68,2026-09-25
2026-09-24 22:06:00,2026-09-24 22:06:00,min,30709.00,50.75,26.50,False,30714.67,2026-09-25
2026-09-24 22:10:00,2026-09-24 22:07:00,max,30735.50,26.50,30.25,False,30714.67,2026-09-25
2026-09-24 22:28:00,2026-09-24 22:26:00,min,30705.25,30.25,32.00,False,30714.69,2026-09-25
2026-09-24 23:05:00,2026-09-24 22:43:00,max,30737.25,32.00,27.00,False,30713.94,2026-09-25
2026-09-24 23:13:00,2026-09-24 23:13:00,min,30710.25,27.00,23.50,False,30714.80,2026-09-25
2026-09-24 23:27:00,2026-09-24 23:27:00,max,30733.75,23.50,52.50,False,30714.80,2026-09-25
2026-09-24 23:57:00,2026-09-24 23:57:00,min,30681.25,52.50,36.75,False,30714.48,2026-09-25
2026-09-25 00:04:00,2026-09-25 00:04:00,max,30718.00,36.75,33.75,False,30714.48,2026-09-25
2026-09-25 00:07:00,2026-09-25 00:06:00,min,30684.25,33.75,20.25,False,30714.48,2026-09-25
2026-09-25 00:10:00,2026-09-25 00:10:00,max,30704.50,20.25,24.50,False,30713.73,2026-09-25
2026-09-25 00:15:00,2026-09-25 00:15:00,min,30680.00,24.50,47.75,False,30713.73,2026-09-25
2026-09-25 00:26:00,2026-09-25 00:25:00,max,30727.75,47.75,45.75,False,30713.73,2026-09-25
2026-09-25 00:38:00,2026-09-25 00:38:00,min,30682.00,45.75,26.00,False,30714.81,2026-09-25
2026-09-25 00:46:00,2026-09-25 00:43:00,max,30708.00,26.00,24.50,False,30714.81,2026-09-25
2026-09-25 01:00:00,2026-09-25 00:52:00,min,30683.50,24.50,106.75,False,30714.81,2026-09-25
2026-09-25 01:17:00,2026-09-25 01:17:00,max,30790.25,106.75,22.50,False,30797.83,2026-09-25
2026-09-25 01:19:00,2026-09-25 01:19:00,min,30767.75,22.50,21.50,False,30797.83,2026-09-25
2026-09-25 01:22:00,2026-09-25 01:21:00,max,30789.25,21.50,39.00,False,30797.83,2026-09-25
2026-09-25 01:35:00,2026-09-25 01:35:00,min,30750.25,39.00,59.25,False,30797.83,2026-09-25
2026-09-25 01:43:00,2026-09-25 01:43:00,max,30809.50,59.25,38.50,False,30797.83,2026-09-25
2026-09-25 01:56:00,2026-09-25 01:56:00,min,30771.00,38.50,43.50,False,30797.83,2026-09-25
2026-09-25 02:21:00,2026-09-25 02:21:00,max,30814.50,43.50,53.75,False,30797.83,2026-09-25
2026-09-25 02:38:00,2026-09-25 02:38:00,min,30760.75,53.75,34.25,False,30797.83,2026-09-25
2026-09-25 02:44:00,2026-09-25 02:44:00,max,30795.00,34.25,30.50,False,30797.83,2026-09-25
2026-09-25 02:50:00,2026-09-25 02:50:00,min,30764.50,30.50,47.00,False,30797.83,2026-09-25
2026-09-25 03:09:00,2026-09-25 03:08:00,max,30811.50,47.00,23.50,False,30797.83,2026-09-25
2026-09-25 03:18:00,2026-09-25 03:17:00,min,30788.00,23.50,26.25,False,30797.83,2026-09-25
2026-09-25 03:41:00,2026-09-25 03:41:00,max,30814.25,26.25,39.75,False,30797.83,2026-09-25
2026-09-25 03:46:00,2026-09-25 03:46:00,min,30774.50,39.75,20.25,False,30797.83,2026-09-25
2026-09-25 03:58:00,2026-09-25 03:52:00,max,30794.75,20.25,28.25,False,30797.83,2026-09-25
2026-09-25 04:22:00,2026-09-25 04:06:00,min,30766.50,28.25,25.75,False,30797.83,2026-09-25
2026-09-25 04:40:00,2026-09-25 04:38:00,max,30792.25,25.75,25.00,False,30797.83,2026-09-25
2026-09-25 04:57:00,2026-09-25 04:57:00,min,30767.25,25.00,46.50,False,30797.83,2026-09-25
2026-09-25 05:12:00,2026-09-25 05:11:00,max,30813.75,46.50,24.75,False,30797.83,2026-09-25
2026-09-25 05:25:00,2026-09-25 05:24:00,min,30789.00,24.75,80.00,False,30797.83,2026-09-25
2026-09-25 05:45:00,2026-09-25 05:45:00,max,30869.00,80.00,22.75,False,30922.35,2026-09-25
2026-09-25 05:57:00,2026-09-25 05:56:00,min,30846.25,22.75,59.00,False,30797.83,2026-09-25
2026-09-25 06:22:00,2026-09-25 06:20:00,max,30905.25,59.00,41.50,False,30922.35,2026-09-25
2026-09-25 06:53:00,2026-09-25 06:47:00,min,30863.75,41.50,24.75,False,30922.35,2026-09-25
2026-09-25 07:04:00,2026-09-25 07:04:00,max,30888.50,24.75,22.00,False,30922.35,2026-09-25
2026-09-25 07:05:00,2026-09-25 07:05:00,min,30866.50,22.00,36.50,False,30922.35,2026-09-25
2026-09-25 07:15:00,2026-09-25 07:15:00,max,30903.00,36.50,32.75,False,30922.35,2026-09-25
2026-09-25 07:27:00,2026-09-25 07:27:00,min,30870.25,32.75,34.75,False,30922.35,2026-09-25
2026-09-25 07:31:00,2026-09-25 07:30:00,max,30905.00,34.75,49.50,False,30922.35,2026-09-25
2026-09-25 07:41:00,2026-09-25 07:40:00,min,30855.50,49.50,25.25,False,30797.83,2026-09-25
2026-09-25 07:47:00,2026-09-25 07:47:00,max,30880.75,25.25,22.00,False,30922.35,2026-09-25
2026-09-25 07:50:00,2026-09-25 07:50:00,min,30858.75,22.00,20.25,False,30797.83,2026-09-25
2026-09-25 07:57:00,2026-09-25 07:57:00,max,30879.00,20.25,41.50,False,30922.35,2026-09-25
2026-09-25 08:07:00,2026-09-25 08:07:00,min,30837.50,41.50,96.50,False,30797.83,2026-09-25
2026-09-25 08:34:00,2026-09-25 08:33:00,max,30934.00,96.50,22.75,False,30922.35,2026-09-25
2026-09-25 08:39:00,2026-09-25 08:39:00,min,30911.25,22.75,51.75,False,30922.35,2026-09-25
2026-09-25 09:15:00,2026-09-25 09:15:00,max,30963.00,51.75,33.00,False,30922.35,2026-09-25
2026-09-25 09:30:00,2026-09-25 09:30:00,min,30930.00,33.00,22.00,False,30921.26,2026-09-25
2026-09-25 09:32:00,2026-09-25 09:32:00,max,30952.00,22.00,52.00,False,30921.26,2026-09-25
2026-09-25 10:07:00,2026-09-25 10:07:00,min,30900.00,52.00,42.50,False,30920.74,2026-09-25
2026-09-25 10:21:00,2026-09-25 10:20:00,max,30942.50,42.50,31.25,False,30921.26,2026-09-25
2026-09-25 10:39:00,2026-09-25 10:39:00,min,30911.25,31.25,83.50,False,30920.65,2026-09-25
2026-09-25 11:16:00,2026-09-25 11:16:00,max,30994.75,83.50,25.25,False,30961.40,2026-09-25
2026-09-25 11:31:00,2026-09-25 11:31:00,min,30969.50,25.25,29.00,False,30961.18,2026-09-25
2026-09-25 11:35:00,2026-09-25 11:35:00,max,30998.50,29.00,39.25,False,30960.99,2026-09-25
2026-09-25 11:39:00,2026-09-25 11:39:00,min,30959.25,39.25,22.75,True,30960.99,2026-09-25
2026-09-25 11:52:00,2026-09-25 11:52:00,max,30982.00,22.75,26.50,False,30958.02,2026-09-25
2026-09-25 12:00:00,2026-09-25 12:00:00,min,30955.50,26.50,23.00,False,30958.02,2026-09-25
2026-09-25 12:01:00,2026-09-25 12:01:00,max,30978.50,23.00,33.00,False,30954.14,2026-09-25
2026-09-25 12:11:00,2026-09-25 12:10:00,min,30945.50,33.00,23.00,False,30954.14,2026-09-25
2026-09-25 12:12:00,2026-09-25 12:12:00,max,30968.50,23.00,52.00,False,30954.14,2026-09-25
2026-09-25 12:19:00,2026-09-25 12:19:00,min,30916.50,52.00,28.50,False,30912.64,2026-09-25
2026-09-25 12:22:00,2026-09-25 12:22:00,max,30945.00,28.50,67.25,False,30912.64,2026-09-25
2026-09-25 12:44:00,2026-09-25 12:44:00,min,30877.75,67.25,43.75,False,30912.64,2026-09-25
2026-09-25 12:47:00,2026-09-25 12:46:00,max,30921.50,43.75,67.75,False,30912.64,2026-09-25
2026-09-25 13:01:00,2026-09-25 13:01:00,min,30853.75,67.75,55.25,False,30911.27,2026-09-25
2026-09-25 13:13:00,2026-09-25 13:13:00,max,30909.00,55.25,139.00,True,30910.72,2026-09-25
2026-09-27 22:20:00,2026-09-27 22:20:00,min,30797.25,55.75,45.25,False,30747.06,2026-09-28
2026-09-27 22:27:00,2026-09-27 22:27:00,max,30842.50,45.25,62.50,False,30913.04,2026-09-28
2026-09-27 22:52:00,2026-09-27 22:52:00,min,30780.00,62.50,48.25,False,30747.06,2026-09-28
2026-09-27 23:22:00,2026-09-27 23:22:00,max,30828.25,48.25,28.25,False,30747.06,2026-09-28
2026-09-27 23:42:00,2026-09-27 23:34:00,min,30800.00,28.25,49.50,False,30788.55,2026-09-28
2026-09-27 23:51:00,2026-09-27 23:50:00,max,30849.50,49.50,29.00,False,30913.04,2026-09-28
2026-09-27 23:54:00,2026-09-27 23:54:00,min,30820.50,29.00,65.00,False,30747.06,2026-09-28
2026-09-28 00:03:00,2026-09-28 00:02:00,max,30885.50,65.00,21.00,False,30913.04,2026-09-28
2026-09-28 00:04:00,2026-09-28 00:04:00,min,30864.50,21.00,32.75,False,30913.04,2026-09-28
2026-09-28 00:14:00,2026-09-28 00:13:00,max,30897.25,32.75,20.50,False,30913.04,2026-09-28
2026-09-28 00:17:00,2026-09-28 00:17:00,min,30876.75,20.50,23.75,False,30913.04,2026-09-28
2026-09-28 00:23:00,2026-09-28 00:23:00,max,30900.50,23.75,89.00,False,30913.04,2026-09-28
2026-09-28 00:41:00,2026-09-28 00:41:00,min,30811.50,89.00,45.50,False,30747.06,2026-09-28
2026-09-28 00:46:00,2026-09-28 00:46:00,max,30857.00,45.50,34.75,False,30913.04,2026-09-28
2026-09-28 00:50:00,2026-09-28 00:50:00,min,30822.25,34.75,33.00,False,30747.06,2026-09-28
2026-09-28 00:52:00,2026-09-28 00:52:00,max,30855.25,33.00,63.75,False,30913.04,2026-09-28
2026-09-28 00:59:00,2026-09-28 00:59:00,min,30791.50,63.75,30.25,False,30747.06,2026-09-28
2026-09-28 01:02:00,2026-09-28 01:02:00,max,30821.75,30.25,30.00,False,30747.06,2026-09-28
2026-09-28 01:03:00,2026-09-28 01:03:00,min,30791.75,30.00,33.50,False,30788.55,2026-09-28
2026-09-28 01:04:00,2026-09-28 01:04:00,max,30825.25,33.50,37.75,False,30788.55,2026-09-28
2026-09-28 01:06:00,2026-09-28 01:06:00,min,30787.50,37.75,31.00,False,30747.06,2026-09-28
2026-09-28 01:07:00,2026-09-28 01:07:00,max,30818.50,31.00,45.75,False,30747.06,2026-09-28
2026-09-28 01:19:00,2026-09-28 01:19:00,min,30772.75,45.75,39.25,False,30747.06,2026-09-28
2026-09-28 01:22:00,2026-09-28 01:21:00,max,30812.00,39.25,32.00,False,30747.06,2026-09-28
2026-09-28 01:24:00,2026-09-28 01:24:00,min,30780.00,32.00,43.50,False,30747.06,2026-09-28
2026-09-28 01:33:00,2026-09-28 01:30:00,max,30823.50,43.50,27.75,False,30788.55,2026-09-28
2026-09-28 01:41:00,2026-09-28 01:41:00,min,30795.75,27.75,20.25,False,30747.06,2026-09-28
2026-09-28 01:42:00,2026-09-28 01:42:00,max,30816.00,20.25,73.00,False,30788.55,2026-09-28
2026-09-28 01:54:00,2026-09-28 01:54:00,min,30743.00,73.00,24.25,False,30747.06,2026-09-28
2026-09-28 01:57:00,2026-09-28 01:57:00,max,30767.25,24.25,44.75,False,30747.06,2026-09-28
2026-09-28 02:01:00,2026-09-28 02:01:00,min,30722.50,44.75,20.50,False,30705.57,2026-09-28
2026-09-28 02:02:00,2026-09-28 02:02:00,max,30743.00,20.50,26.00,False,30747.06,2026-09-28
2026-09-28 02:08:00,2026-09-28 02:08:00,min,30717.00,26.00,43.00,False,30705.57,2026-09-28
2026-09-28 02:14:00,2026-09-28 02:14:00,max,30760.00,43.00,59.00,False,30747.06,2026-09-28
2026-09-28 02:24:00,2026-09-28 02:24:00,min,30701.00,59.00,34.25,False,30705.57,2026-09-28
2026-09-28 02:28:00,2026-09-28 02:27:00,max,30735.25,34.25,32.75,False,30705.57,2026-09-28
2026-09-28 02:30:00,2026-09-28 02:30:00,min,30702.50,32.75,26.25,False,30705.57,2026-09-28
2026-09-28 02:33:00,2026-09-28 02:33:00,max,30728.75,26.25,61.75,False,30705.57,2026-09-28
2026-09-28 02:57:00,2026-09-28 02:56:00,min,30667.00,61.75,32.75,False,30705.57,2026-09-28
2026-09-28 03:00:00,2026-09-28 03:00:00,max,30699.75,32.75,21.75,False,30705.57,2026-09-28
2026-09-28 03:02:00,2026-09-28 03:02:00,min,30678.00,21.75,26.75,False,30705.57,2026-09-28
2026-09-28 03:10:00,2026-09-28 03:07:00,max,30704.75,26.75,25.00,True,30705.57,2026-09-28
2026-09-28 03:12:00,2026-09-28 03:12:00,min,30679.75,25.00,21.25,False,30705.57,2026-09-28
2026-09-28 03:13:00,2026-09-28 03:13:00,max,30701.00,21.25,44.00,False,30705.57,2026-09-28
2026-09-28 03:22:00,2026-09-28 03:22:00,min,30657.00,44.00,28.75,False,30622.58,2026-09-28
2026-09-28 03:23:00,2026-09-28 03:23:00,max,30685.75,28.75,42.00,False,30705.57,2026-09-28
2026-09-28 03:36:00,2026-09-28 03:36:00,min,30643.75,42.00,38.00,False,30622.58,2026-09-28
2026-09-28 03:49:00,2026-09-28 03:49:00,max,30681.75,38.00,44.25,False,30705.57,2026-09-28
2026-09-28 04:00:00,2026-09-28 04:00:00,min,30637.50,44.25,60.00,False,30622.58,2026-09-28
2026-09-28 04:20:00,2026-09-28 04:20:00,max,30697.50,60.00,30.75,False,30705.57,2026-09-28
2026-09-28 04:47:00,2026-09-28 04:47:00,min,30666.75,30.75,38.75,False,30705.57,2026-09-28
2026-09-28 05:01:00,2026-09-28 05:01:00,max,30705.50,38.75,47.25,True,30705.57,2026-09-28
2026-09-28 05:13:00,2026-09-28 05:13:00,min,30658.25,47.25,20.50,False,30622.58,2026-09-28
2026-09-28 05:15:00,2026-09-28 05:15:00,max,30678.75,20.50,26.75,False,30705.57,2026-09-28
2026-09-28 05:22:00,2026-09-28 05:20:00,min,30652.00,26.75,25.00,False,30622.58,2026-09-28
2026-09-28 05:28:00,2026-09-28 05:28:00,max,30677.00,25.00,29.50,False,30705.57,2026-09-28
2026-09-28 05:31:00,2026-09-28 05:30:00,min,30647.50,29.50,24.00,False,30622.58,2026-09-28
2026-09-28 05:33:00,2026-09-28 05:33:00,max,30671.50,24.00,43.00,False,30705.57,2026-09-28
2026-09-28 05:43:00,2026-09-28 05:43:00,min,30628.50,43.00,33.25,False,30622.58,2026-09-28
2026-09-28 05:50:00,2026-09-28 05:50:00,max,30661.75,33.25,27.75,False,30622.58,2026-09-28
2026-09-28 05:53:00,2026-09-28 05:53:00,min,30634.00,27.75,38.00,False,30622.58,2026-09-28
2026-09-28 06:00:00,2026-09-28 06:00:00,max,30672.00,38.00,46.00,False,30705.57,2026-09-28
2026-09-28 06:05:00,2026-09-28 06:05:00,min,30626.00,46.00,53.25,False,30622.58,2026-09-28
2026-09-28 06:11:00,2026-09-28 06:11:00,max,30679.25,53.25,98.00,False,30705.57,2026-09-28
2026-09-28 06:30:00,2026-09-28 06:26:00,min,30581.25,98.00,35.00,False,30622.58,2026-09-28
2026-09-28 06:32:00,2026-09-28 06:31:00,max,30616.25,35.00,25.00,False,30622.58,2026-09-28
2026-09-28 06:34:00,2026-09-28 06:33:00,min,30591.25,25.00,46.50,False,30581.08,2026-09-28
2026-09-28 06:42:00,2026-09-28 06:42:00,max,30637.75,46.50,28.00,False,30622.58,2026-09-28
2026-09-28 06:45:00,2026-09-28 06:44:00,min,30609.75,28.00,31.50,False,30622.58,2026-09-28
2026-09-28 06:53:00,2026-09-28 06:53:00,max,30641.25,31.50,23.75,False,30622.58,2026-09-28
2026-09-28 06:57:00,2026-09-28 06:54:00,min,30617.50,23.75,31.75,False,30622.58,2026-09-28
2026-09-28 06:59:00,2026-09-28 06:59:00,max,30649.25,31.75,45.25,False,30622.58,2026-09-28
2026-09-28 07:04:00,2026-09-28 07:04:00,min,30604.00,45.25,24.00,False,30622.58,2026-09-28
2026-09-28 07:09:00,2026-09-28 07:09:00,max,30628.00,24.00,38.75,False,30622.58,2026-09-28
2026-09-28 07:15:00,2026-09-28 07:14:00,min,30589.25,38.75,24.75,False,30581.08,2026-09-28
2026-09-28 07:20:00,2026-09-28 07:20:00,max,30614.00,24.75,24.50,False,30622.58,2026-09-28
2026-09-28 07:22:00,2026-09-28 07:21:00,min,30589.50,24.50,28.25,False,30622.58,2026-09-28
2026-09-28 07:24:00,2026-09-28 07:24:00,max,30617.75,28.25,32.00,False,30622.58,2026-09-28
2026-09-28 07:33:00,2026-09-28 07:27:00,min,30585.75,32.00,20.25,False,30622.58,2026-09-28
2026-09-28 07:36:00,2026-09-28 07:36:00,max,30606.00,20.25,29.75,False,30622.58,2026-09-28
2026-09-28 07:38:00,2026-09-28 07:38:00,min,30576.25,29.75,37.50,False,30622.58,2026-09-28
2026-09-28 07:41:00,2026-09-28 07:41:00,max,30613.75,37.50,42.75,False,30622.58,2026-09-28
2026-09-28 07:44:00,2026-09-28 07:44:00,min,30571.00,42.75,46.25,False,30622.58,2026-09-28
2026-09-28 07:49:00,2026-09-28 07:49:00,max,30617.25,46.25,26.75,False,30622.58,2026-09-28
2026-09-28 07:53:00,2026-09-28 07:53:00,min,30590.50,26.75,39.00,False,30622.58,2026-09-28
2026-09-28 07:55:00,2026-09-28 07:55:00,max,30629.50,39.00,40.75,False,30622.58,2026-09-28
2026-09-28 08:00:00,2026-09-28 08:00:00,min,30588.75,40.75,30.75,False,30622.58,2026-09-28
2026-09-28 08:01:00,2026-09-28 08:01:00,max,30619.50,30.75,30.00,False,30622.58,2026-09-28
2026-09-28 08:03:00,2026-09-28 08:03:00,min,30589.50,30.00,26.25,False,30622.58,2026-09-28
2026-09-28 08:04:00,2026-09-28 08:04:00,max,30615.75,26.25,22.75,False,30622.58,2026-09-28
2026-09-28 08:06:00,2026-09-28 08:06:00,min,30593.00,22.75,47.00,False,30622.58,2026-09-28
2026-09-28 08:15:00,2026-09-28 08:15:00,max,30640.00,47.00,47.75,False,30622.58,2026-09-28
2026-09-28 08:24:00,2026-09-28 08:24:00,min,30592.25,47.75,38.00,False,30581.08,2026-09-28
2026-09-28 08:30:00,2026-09-28 08:30:00,max,30630.25,38.00,59.25,False,30622.58,2026-09-28
2026-09-28 08:39:00,2026-09-28 08:39:00,min,30571.00,59.25,28.00,False,30622.58,2026-09-28
2026-09-28 08:40:00,2026-09-28 08:40:00,max,30599.00,28.00,23.25,False,30622.58,2026-09-28
2026-09-28 08:46:00,2026-09-28 08:46:00,min,30575.75,23.25,29.25,False,30622.58,2026-09-28
2026-09-28 08:47:00,2026-09-28 08:47:00,max,30605.00,29.25,30.75,False,30622.58,2026-09-28
2026-09-28 09:00:00,2026-09-28 08:52:00,min,30574.25,30.75,31.75,False,30622.58,2026-09-28
2026-09-28 09:01:00,2026-09-28 09:01:00,max,30606.00,31.75,71.00,False,30622.58,2026-09-28
2026-09-28 09:17:00,2026-09-28 09:13:00,min,30535.00,71.00,56.00,False,30498.20,2026-09-28
2026-09-28 09:21:00,2026-09-28 09:21:00,max,30591.00,56.00,25.50,False,30622.68,2026-09-28
2026-09-28 09:27:00,2026-09-28 09:27:00,min,30565.50,25.50,26.75,False,30622.10,2026-09-28
2026-09-28 09:30:00,2026-09-28 09:30:00,max,30592.25,26.75,34.00,False,30621.91,2026-09-28
2026-09-28 09:35:00,2026-09-28 09:34:00,min,30558.25,34.00,50.75,False,30497.43,2026-09-28
2026-09-28 09:50:00,2026-09-28 09:50:00,max,30609.00,50.75,26.50,False,30622.10,2026-09-28
2026-09-28 09:58:00,2026-09-28 09:58:00,min,30582.50,26.50,24.50,False,30622.13,2026-09-28
2026-09-28 10:04:00,2026-09-28 10:00:00,max,30607.00,24.50,59.25,False,30621.89,2026-09-28
2026-09-28 10:11:00,2026-09-28 10:11:00,min,30547.75,59.25,35.75,False,30497.41,2026-09-28
2026-09-28 10:12:00,2026-09-28 10:12:00,max,30583.50,35.75,26.50,False,30621.89,2026-09-28
2026-09-28 10:13:00,2026-09-28 10:13:00,min,30557.00,26.50,22.75,False,30497.41,2026-09-28
2026-09-28 10:15:00,2026-09-28 10:15:00,max,30579.75,22.75,22.50,False,30621.89,2026-09-28
2026-09-28 10:27:00,2026-09-28 10:27:00,min,30557.25,22.50,59.00,False,30497.19,2026-09-28
2026-09-28 10:52:00,2026-09-28 10:52:00,max,30616.25,59.00,32.75,False,30622.04,2026-09-28
2026-09-28 10:59:00,2026-09-28 10:59:00,min,30583.50,32.75,60.50,False,30579.05,2026-09-28
2026-09-28 11:00:00,2026-09-28 11:00:00,max,30644.00,60.50,55.50,False,30620.54,2026-09-28
2026-09-28 11:08:00,2026-09-28 11:08:00,min,30588.50,55.50,22.75,False,30620.10,2026-09-28
2026-09-28 11:09:00,2026-09-28 11:09:00,max,30611.25,22.75,23.75,False,30620.10,2026-09-28
2026-09-28 11:12:00,2026-09-28 11:12:00,min,30587.50,23.75,41.75,False,30578.59,2026-09-28
2026-09-28 11:17:00,2026-09-28 11:16:00,max,30629.25,41.75,41.25,False,30620.08,2026-09-28
2026-09-28 11:19:00,2026-09-28 11:19:00,min,30588.00,41.25,56.50,False,30620.08,2026-09-28
2026-09-28 11:30:00,2026-09-28 11:29:00,max,30644.50,56.50,25.25,False,30619.36,2026-09-28
2026-09-28 11:33:00,2026-09-28 11:33:00,min,30619.25,25.25,27.75,True,30618.80,2026-09-28
2026-09-28 11:41:00,2026-09-28 11:41:00,max,30647.00,27.75,20.00,False,30618.80,2026-09-28
2026-09-28 11:43:00,2026-09-28 11:42:00,min,30627.00,20.00,22.00,False,30618.80,2026-09-28
2026-09-28 11:45:00,2026-09-28 11:45:00,max,30649.00,22.00,24.75,False,30618.80,2026-09-28
2026-09-28 11:54:00,2026-09-28 11:53:00,min,30624.25,24.75,20.75,False,30618.50,2026-09-28
2026-09-28 11:57:00,2026-09-28 11:56:00,max,30645.00,20.75,34.50,False,30618.50,2026-09-28
2026-09-28 12:01:00,2026-09-28 12:01:00,min,30610.50,34.50,101.75,False,30618.41,2026-09-28
2026-09-28 12:06:00,2026-09-28 12:06:00,max,30712.25,101.75,32.50,False,30701.39,2026-09-28
2026-09-28 12:08:00,2026-09-28 12:08:00,min,30679.75,32.50,39.50,False,30701.39,2026-09-28
2026-09-28 12:11:00,2026-09-28 12:11:00,max,30719.25,39.50,34.00,False,30701.39,2026-09-28
2026-09-28 12:13:00,2026-09-28 12:13:00,min,30685.25,34.00,50.75,False,30701.39,2026-09-28
2026-09-28 12:21:00,2026-09-28 12:20:00,max,30736.00,50.75,47.75,False,30742.88,2026-09-28
2026-09-28 12:23:00,2026-09-28 12:23:00,min,30688.25,47.75,41.25,False,30701.39,2026-09-28
2026-09-28 12:26:00,2026-09-28 12:26:00,max,30729.50,41.25,37.75,False,30701.39,2026-09-28
2026-09-28 12:30:00,2026-09-28 12:29:00,min,30691.75,37.75,26.00,False,30701.39,2026-09-28
2026-09-28 12:34:00,2026-09-28 12:34:00,max,30717.75,26.00,23.50,False,30701.39,2026-09-28
2026-09-28 12:40:00,2026-09-28 12:40:00,min,30694.25,23.50,49.25,False,30701.39,2026-09-28
2026-09-28 12:46:00,2026-09-28 12:46:00,max,30743.50,49.25,23.00,True,30742.88,2026-09-28
2026-09-28 12:48:00,2026-09-28 12:48:00,min,30720.50,23.00,26.50,False,30701.39,2026-09-28
2026-09-28 12:54:00,2026-09-28 12:54:00,max,30747.00,26.50,24.50,False,30742.88,2026-09-28
2026-09-28 12:55:00,2026-09-28 12:55:00,min,30722.50,24.50,31.25,False,30742.88,2026-09-28
2026-09-28 12:57:00,2026-09-28 12:57:00,max,30753.75,31.25,57.75,False,30742.88,2026-09-28
2026-09-28 13:05:00,2026-09-28 13:05:00,min,30696.00,57.75,21.75,False,30701.43,2026-09-28
2026-09-28 13:11:00,2026-09-28 13:10:00,max,30717.75,21.75,27.25,False,30701.43,2026-09-28
2026-09-28 13:18:00,2026-09-28 13:18:00,min,30690.50,27.25,39.50,False,30701.63,2026-09-28
2026-09-28 22:00:00,2026-09-28 22:00:00,max,30584.25,29.00,47.25,False,,2026-09-29
2026-09-28 22:04:00,2026-09-28 22:04:00,min,30537.00,47.25,78.25,False,30543.20,2026-09-29
2026-09-28 22:14:00,2026-09-28 22:14:00,max,30615.25,78.25,28.50,False,30667.69,2026-09-29
2026-09-28 22:32:00,2026-09-28 22:31:00,min,30586.75,28.50,26.50,False,30667.43,2026-09-29
2026-09-28 23:23:00,2026-09-28 23:23:00,max,30613.25,26.50,22.50,False,30666.03,2026-09-29
2026-09-28 23:36:00,2026-09-28 23:36:00,min,30590.75,22.50,21.50,False,30665.58,2026-09-29
2026-09-28 23:40:00,2026-09-28 23:40:00,max,30612.25,21.50,44.25,False,30665.58,2026-09-29
2026-09-28 23:49:00,2026-09-28 23:48:00,min,30568.00,44.25,36.50,False,30499.44,2026-09-29
2026-09-28 23:55:00,2026-09-28 23:54:00,max,30604.50,36.50,36.25,False,30541.08,2026-09-29
2026-09-29 00:00:00,2026-09-29 00:00:00,min,30568.25,36.25,30.25,False,30540.81,2026-09-29
2026-09-29 00:02:00,2026-09-29 00:01:00,max,30598.50,30.25,28.00,False,30540.81,2026-09-29
2026-09-29 00:03:00,2026-09-29 00:03:00,min,30570.50,28.00,36.50,False,30499.17,2026-09-29
2026-09-29 00:05:00,2026-09-29 00:05:00,max,30607.00,36.50,30.75,False,30665.15,2026-09-29
2026-09-29 00:06:00,2026-09-29 00:06:00,min,30576.25,30.75,30.25,False,30499.17,2026-09-29
2026-09-29 00:09:00,2026-09-29 00:08:00,max,30606.50,30.25,35.25,False,30665.15,2026-09-29
2026-09-29 00:12:00,2026-09-29 00:12:00,min,30571.25,35.25,26.25,False,30540.67,2026-09-29
2026-09-29 00:15:00,2026-09-29 00:13:00,max,30597.50,26.25,70.00,False,30540.47,2026-09-29
2026-09-29 00:18:00,2026-09-29 00:18:00,min,30527.50,70.00,27.25,False,30540.47,2026-09-29
2026-09-29 00:20:00,2026-09-29 00:19:00,max,30554.75,27.25,33.25,False,30540.47,2026-09-29
2026-09-29 00:23:00,2026-09-29 00:23:00,min,30521.50,33.25,22.50,False,30540.47,2026-09-29
2026-09-29 00:29:00,2026-09-29 00:28:00,max,30544.00,22.50,31.25,False,30540.98,2026-09-29
2026-09-29 00:31:00,2026-09-29 00:31:00,min,30512.75,31.25,50.00,False,30499.48,2026-09-29
2026-09-29 00:36:00,2026-09-29 00:36:00,max,30562.75,50.00,67.50,False,30540.98,2026-09-29
2026-09-29 00:52:00,2026-09-29 00:52:00,min,30495.25,67.50,23.75,False,30499.48,2026-09-29
2026-09-29 00:55:00,2026-09-29 00:55:00,max,30519.00,23.75,32.00,False,30499.48,2026-09-29
2026-09-29 01:00:00,2026-09-29 01:00:00,min,30487.00,32.00,42.75,False,30499.48,2026-09-29
2026-09-29 01:02:00,2026-09-29 01:02:00,max,30529.75,42.75,99.75,False,30540.98,2026-09-29
2026-09-29 01:19:00,2026-09-29 01:19:00,min,30430.00,99.75,78.25,False,30499.48,2026-09-29
2026-09-29 01:31:00,2026-09-29 01:31:00,max,30508.25,78.25,33.00,False,30499.48,2026-09-29
2026-09-29 01:32:00,2026-09-29 01:32:00,min,30475.25,33.00,40.25,False,30499.48,2026-09-29
2026-09-29 01:40:00,2026-09-29 01:40:00,max,30515.50,40.25,20.00,False,30499.48,2026-09-29
2026-09-29 01:43:00,2026-09-29 01:43:00,min,30495.50,20.00,22.50,False,30499.48,2026-09-29
2026-09-29 01:46:00,2026-09-29 01:44:00,max,30518.00,22.50,30.25,False,30499.48,2026-09-29
2026-09-29 01:50:00,2026-09-29 01:50:00,min,30487.75,30.25,25.75,False,30499.48,2026-09-29
2026-09-29 01:53:00,2026-09-29 01:52:00,max,30513.50,25.75,34.00,False,30499.48,2026-09-29
2026-09-29 02:06:00,2026-09-29 02:06:00,min,30479.50,34.00,42.75,False,30499.48,2026-09-29
2026-09-29 02:14:00,2026-09-29 02:14:00,max,30522.25,42.75,23.75,False,30540.98,2026-09-29
2026-09-29 02:17:00,2026-09-29 02:15:00,min,30498.50,23.75,39.25,True,30499.48,2026-09-29
2026-09-29 02:19:00,2026-09-29 02:19:00,max,30537.75,39.25,34.50,False,30540.98,2026-09-29
2026-09-29 02:22:00,2026-09-29 02:22:00,min,30503.25,34.50,20.25,False,30499.48,2026-09-29
2026-09-29 02:23:00,2026-09-29 02:23:00,max,30523.50,20.25,50.00,False,30540.98,2026-09-29
2026-09-29 02:36:00,2026-09-29 02:36:00,min,30473.50,50.00,23.75,False,30499.48,2026-09-29
2026-09-29 02:39:00,2026-09-29 02:39:00,max,30497.25,23.75,56.25,False,30499.48,2026-09-29
2026-09-29 02:54:00,2026-09-29 02:53:00,min,30441.00,56.25,38.25,False,30499.48,2026-09-29
2026-09-29 03:03:00,2026-09-29 03:01:00,max,30479.25,38.25,66.75,False,30499.48,2026-09-29
2026-09-29 03:14:00,2026-09-29 03:14:00,min,30412.50,66.75,87.50,False,30375.00,2026-09-29
2026-09-29 03:42:00,2026-09-29 03:42:00,max,30500.00,87.50,73.25,True,30499.48,2026-09-29
2026-09-29 04:03:00,2026-09-29 04:01:00,min,30426.75,73.25,23.75,False,30375.00,2026-09-29
2026-09-29 04:25:00,2026-09-29 04:20:00,max,30450.50,23.75,31.50,False,30499.48,2026-09-29
2026-09-29 04:42:00,2026-09-29 04:31:00,min,30419.00,31.50,34.25,False,30375.00,2026-09-29
2026-09-29 05:00:00,2026-09-29 05:00:00,max,30453.25,34.25,38.00,False,30499.48,2026-09-29
2026-09-29 05:10:00,2026-09-29 05:10:00,min,30415.25,38.00,42.25,False,30375.00,2026-09-29
2026-09-29 05:19:00,2026-09-29 05:19:00,max,30457.50,42.25,85.75,False,30499.48,2026-09-29
2026-09-29 05:35:00,2026-09-29 05:35:00,min,30371.75,85.75,44.25,False,30375.00,2026-09-29
2026-09-29 05:40:00,2026-09-29 05:40:00,max,30416.00,44.25,22.75,False,30375.00,2026-09-29
2026-09-29 05:42:00,2026-09-29 05:41:00,min,30393.25,22.75,32.50,False,30375.00,2026-09-29
2026-09-29 05:44:00,2026-09-29 05:44:00,max,30425.75,32.50,35.75,False,30375.00,2026-09-29
2026-09-29 05:47:00,2026-09-29 05:47:00,min,30390.00,35.75,115.75,False,30375.00,2026-09-29
2026-09-29 06:14:00,2026-09-29 06:13:00,max,30505.75,115.75,36.75,False,30499.48,2026-09-29
2026-09-29 06:18:00,2026-09-29 06:18:00,min,30469.00,36.75,89.00,False,30499.48,2026-09-29
2026-09-29 06:54:00,2026-09-29 06:40:00,max,30558.00,89.00,30.00,False,30540.98,2026-09-29
2026-09-29 07:02:00,2026-09-29 07:01:00,min,30528.00,30.00,68.00,False,30540.98,2026-09-29
2026-09-29 07:27:00,2026-09-29 07:27:00,max,30596.00,68.00,22.75,False,30540.98,2026-09-29
2026-09-29 07:28:00,2026-09-29 07:28:00,min,30573.25,22.75,56.75,False,30499.48,2026-09-29
2026-09-29 07:39:00,2026-09-29 07:39:00,max,30630.00,56.75,52.75,False,30665.47,2026-09-29
2026-09-29 08:00:00,2026-09-29 07:59:00,min,30577.25,52.75,34.25,False,30540.98,2026-09-29
2026-09-29 08:02:00,2026-09-29 08:02:00,max,30611.50,34.25,43.50,False,30665.47,2026-09-29
2026-09-29 08:07:00,2026-09-29 08:07:00,min,30568.00,43.50,67.00,False,30540.98,2026-09-29
2026-09-29 08:22:00,2026-09-29 08:21:00,max,30635.00,67.00,42.00,False,30665.47,2026-09-29
2026-09-29 08:30:00,2026-09-29 08:30:00,min,30593.00,42.00,35.75,False,30540.98,2026-09-29
2026-09-29 08:49:00,2026-09-29 08:44:00,max,30628.75,35.75,48.25,False,30664.96,2026-09-29
2026-09-29 08:57:00,2026-09-29 08:54:00,min,30580.50,48.25,27.50,False,30540.47,2026-09-29
2026-09-29 09:01:00,2026-09-29 09:00:00,max,30608.00,27.50,70.25,False,30664.96,2026-09-29
2026-09-29 09:31:00,2026-09-29 09:31:00,min,30537.75,70.25,56.75,True,30539.46,2026-09-29
2026-09-29 09:47:00,2026-09-29 09:47:00,max,30594.50,56.75,34.00,False,30539.49,2026-09-29
2026-09-29 09:52:00,2026-09-29 09:52:00,min,30560.50,34.00,36.25,False,30538.50,2026-09-29
2026-09-29 09:54:00,2026-09-29 09:54:00,max,30596.75,36.25,39.75,False,30538.50,2026-09-29
2026-09-29 09:58:00,2026-09-29 09:58:00,min,30557.00,39.75,59.25,False,30538.50,2026-09-29
2026-09-29 10:11:00,2026-09-29 10:10:00,max,30616.25,59.25,31.25,False,30662.98,2026-09-29
2026-09-29 10:20:00,2026-09-29 10:17:00,min,30585.00,31.25,30.75,False,30662.98,2026-09-29
2026-09-29 10:30:00,2026-09-29 10:30:00,max,30615.75,30.75,26.75,False,30662.98,2026-09-29
2026-09-29 10:33:00,2026-09-29 10:33:00,min,30589.00,26.75,78.75,False,30538.50,2026-09-29
2026-09-29 11:03:00,2026-09-29 11:03:00,max,30667.75,78.75,23.50,False,30662.56,2026-09-29
2026-09-29 11:04:00,2026-09-29 11:04:00,min,30644.25,23.50,24.75,False,30662.56,2026-09-29
2026-09-29 11:06:00,2026-09-29 11:06:00,max,30669.00,24.75,40.50,False,30662.32,2026-09-29
2026-09-29 11:14:00,2026-09-29 11:12:00,min,30628.50,40.50,38.25,False,30662.32,2026-09-29
2026-09-29 11:39:00,2026-09-29 11:37:00,max,30666.75,38.25,30.75,False,30661.11,2026-09-29
2026-09-29 11:49:00,2026-09-29 11:49:00,min,30636.00,30.75,71.50,False,30661.03,2026-09-29
2026-09-29 11:50:00,2026-09-29 11:50:00,max,30707.50,71.50,41.25,False,30702.52,2026-09-29
2026-09-29 11:51:00,2026-09-29 11:51:00,min,30666.25,41.25,39.50,False,30661.03,2026-09-29
2026-09-29 12:04:00,2026-09-29 12:01:00,max,30705.75,39.50,21.25,False,30702.23,2026-09-29
2026-09-29 12:06:00,2026-09-29 12:05:00,min,30684.50,21.25,33.25,False,30702.23,2026-09-29
2026-09-29 12:16:00,2026-09-29 12:15:00,max,30717.75,33.25,62.75,False,30702.23,2026-09-29
2026-09-29 12:27:00,2026-09-29 12:26:00,min,30655.00,62.75,26.00,False,30660.74,2026-09-29
2026-09-29 12:30:00,2026-09-29 12:30:00,max,30681.00,26.00,52.50,False,30660.74,2026-09-29
2026-09-29 12:59:00,2026-09-29 12:54:00,min,30628.50,52.50,96.75,False,30660.74,2026-09-29
2026-09-29 22:19:00,2026-09-29 22:19:00,max,30708.75,55.00,48.25,False,30701.89,2026-09-30
2026-09-29 22:47:00,2026-09-29 22:33:00,min,30660.50,48.25,76.75,False,30701.60,2026-09-30
2026-09-30 00:06:00,2026-09-30 00:06:00,max,30737.25,76.75,45.50,False,30741.91,2026-09-30
2026-09-30 00:27:00,2026-09-30 00:22:00,min,30691.75,45.50,21.50,False,30700.59,2026-09-30
2026-09-30 00:34:00,2026-09-30 00:33:00,max,30713.25,21.50,70.00,False,30701.94,2026-09-30
2026-09-30 01:00:00,2026-09-30 00:51:00,min,30643.25,70.00,26.25,False,30701.94,2026-09-30
2026-09-30 01:04:00,2026-09-30 01:02:00,max,30669.50,26.25,39.25,False,30701.94,2026-09-30
2026-09-30 01:21:00,2026-09-30 01:21:00,min,30630.25,39.25,21.75,False,30701.94,2026-09-30
2026-09-30 01:23:00,2026-09-30 01:23:00,max,30652.00,21.75,27.75,False,30660.45,2026-09-30
2026-09-30 01:30:00,2026-09-30 01:30:00,min,30624.25,27.75,30.50,False,30701.94,2026-09-30
2026-09-30 01:35:00,2026-09-30 01:34:00,max,30654.75,30.50,29.75,False,30701.94,2026-09-30
2026-09-30 01:38:00,2026-09-30 01:38:00,min,30625.00,29.75,33.00,False,30660.45,2026-09-30
2026-09-30 02:01:00,2026-09-30 02:01:00,max,30658.00,33.00,60.75,False,30701.94,2026-09-30
2026-09-30 02:12:00,2026-09-30 02:12:00,min,30597.25,60.75,33.75,False,30535.98,2026-09-30
2026-09-30 02:22:00,2026-09-30 02:22:00,max,30631.00,33.75,58.75,False,30701.94,2026-09-30
2026-09-30 02:38:00,2026-09-30 02:38:00,min,30572.25,58.75,49.25,False,30535.98,2026-09-30
2026-09-30 02:48:00,2026-09-30 02:47:00,max,30621.50,49.25,32.25,False,30701.94,2026-09-30
2026-09-30 02:59:00,2026-09-30 02:58:00,min,30589.25,32.25,23.75,False,30535.98,2026-09-30
2026-09-30 03:16:00,2026-09-30 03:04:00,max,30613.00,23.75,22.75,False,30535.98,2026-09-30
2026-09-30 03:20:00,2026-09-30 03:20:00,min,30590.25,22.75,48.25,False,30535.98,2026-09-30
2026-09-30 03:34:00,2026-09-30 03:33:00,max,30638.50,48.25,21.00,False,30701.94,2026-09-30
2026-09-30 03:35:00,2026-09-30 03:35:00,min,30617.50,21.00,59.50,False,30535.98,2026-09-30
2026-09-30 04:35:00,2026-09-30 04:35:00,max,30677.00,59.50,37.25,False,30701.94,2026-09-30
2026-09-30 04:56:00,2026-09-30 04:55:00,min,30639.75,37.25,22.25,False,30701.94,2026-09-30
2026-09-30 05:01:00,2026-09-30 05:00:00,max,30662.00,22.25,82.25,False,30701.94,2026-09-30
2026-09-30 05:16:00,2026-09-30 05:15:00,min,30579.75,82.25,38.25,False,30535.98,2026-09-30
2026-09-30 05:22:00,2026-09-30 05:20:00,max,30618.00,38.25,24.00,False,30535.98,2026-09-30
2026-09-30 05:27:00,2026-09-30 05:27:00,min,30594.00,24.00,54.75,False,30535.98,2026-09-30
2026-09-30 05:36:00,2026-09-30 05:35:00,max,30648.75,54.75,65.50,False,30701.94,2026-09-30
2026-09-30 05:56:00,2026-09-30 05:55:00,min,30583.25,65.50,55.75,False,30535.98,2026-09-30
2026-09-30 05:58:00,2026-09-30 05:58:00,max,30639.00,55.75,35.00,False,30535.98,2026-09-30
2026-09-30 06:00:00,2026-09-30 06:00:00,min,30604.00,35.00,27.00,False,30535.98,2026-09-30
2026-09-30 06:01:00,2026-09-30 06:01:00,max,30631.00,27.00,41.25,False,30701.94,2026-09-30
2026-09-30 06:15:00,2026-09-30 06:14:00,min,30589.75,41.25,22.75,False,30535.98,2026-09-30
2026-09-30 06:22:00,2026-09-30 06:22:00,max,30612.50,22.75,63.50,False,30535.98,2026-09-30
2026-09-30 06:41:00,2026-09-30 06:41:00,min,30549.00,63.50,26.75,False,30535.98,2026-09-30
2026-09-30 06:43:00,2026-09-30 06:42:00,max,30575.75,26.75,36.00,False,30535.98,2026-09-30
2026-09-30 06:47:00,2026-09-30 06:47:00,min,30539.75,36.00,69.75,False,30535.98,2026-09-30
2026-09-30 06:55:00,2026-09-30 06:55:00,max,30609.50,69.75,28.00,False,30535.98,2026-09-30
2026-09-30 07:00:00,2026-09-30 07:00:00,min,30581.50,28.00,54.00,False,30535.98,2026-09-30
2026-09-30 07:05:00,2026-09-30 07:05:00,max,30635.50,54.00,21.25,False,30701.94,2026-09-30
2026-09-30 07:06:00,2026-09-30 07:06:00,min,30614.25,21.25,21.25,False,30535.98,2026-09-30
2026-09-30 07:08:00,2026-09-30 07:07:00,max,30635.50,21.25,26.50,False,30701.94,2026-09-30
2026-09-30 07:11:00,2026-09-30 07:11:00,min,30609.00,26.50,76.00,False,30535.98,2026-09-30
2026-09-30 07:24:00,2026-09-30 07:23:00,max,30685.00,76.00,33.00,False,30701.94,2026-09-30
2026-09-30 07:29:00,2026-09-30 07:29:00,min,30652.00,33.00,55.50,False,30701.94,2026-09-30
2026-09-30 08:03:00,2026-09-30 08:01:00,max,30707.50,55.50,57.75,False,30701.94,2026-09-30
2026-09-30 08:15:00,2026-09-30 08:15:00,min,30649.75,57.75,24.50,False,30701.94,2026-09-30
2026-09-30 08:19:00,2026-09-30 08:19:00,max,30674.25,24.50,25.75,False,30701.94,2026-09-30
2026-09-30 08:31:00,2026-09-30 08:31:00,min,30648.50,25.75,23.00,False,30701.94,2026-09-30
2026-09-30 08:34:00,2026-09-30 08:34:00,max,30671.50,23.00,36.25,False,30701.94,2026-09-30
2026-09-30 08:44:00,2026-09-30 08:44:00,min,30635.25,36.25,21.50,False,30660.45,2026-09-30
2026-09-30 08:48:00,2026-09-30 08:48:00,max,30656.75,21.50,68.50,False,30660.45,2026-09-30
2026-09-30 09:09:00,2026-09-30 09:09:00,min,30588.25,68.50,46.75,False,30535.98,2026-09-30
2026-09-30 09:15:00,2026-09-30 09:15:00,max,30635.00,46.75,26.50,False,30701.94,2026-09-30
2026-09-30 09:26:00,2026-09-30 09:26:00,min,30608.50,26.50,34.25,False,30534.65,2026-09-30
2026-09-30 09:33:00,2026-09-30 09:33:00,max,30642.75,34.25,49.50,False,30659.11,2026-09-30
2026-09-30 09:43:00,2026-09-30 09:43:00,min,30593.25,49.50,24.25,False,30534.65,2026-09-30
2026-09-30 09:59:00,2026-09-30 09:55:00,max,30617.50,24.25,45.75,False,30534.86,2026-09-30
2026-09-30 10:16:00,2026-09-30 10:16:00,min,30571.75,45.75,22.50,False,30534.62,2026-09-30
2026-09-30 10:17:00,2026-09-30 10:17:00,max,30594.25,22.50,22.75,False,30534.62,2026-09-30
2026-09-30 10:18:00,2026-09-30 10:18:00,min,30571.50,22.75,34.25,False,30534.62,2026-09-30
2026-09-30 10:26:00,2026-09-30 10:25:00,max,30605.75,34.25,28.00,False,30659.08,2026-09-30
2026-09-30 10:35:00,2026-09-30 10:35:00,min,30577.75,28.00,30.00,False,30534.40,2026-09-30
2026-09-30 10:56:00,2026-09-30 10:56:00,max,30607.75,30.00,78.25,False,30658.87,2026-09-30
2026-09-30 11:11:00,2026-09-30 11:11:00,min,30529.50,78.25,24.00,False,30534.20,2026-09-30
2026-09-30 11:13:00,2026-09-30 11:12:00,max,30553.50,24.00,41.75,False,30534.20,2026-09-30
2026-09-30 11:20:00,2026-09-30 11:19:00,min,30511.75,41.75,95.00,False,30492.91,2026-09-30
2026-09-30 11:38:00,2026-09-30 11:38:00,max,30606.75,95.00,56.75,False,30534.40,2026-09-30
2026-09-30 11:50:00,2026-09-30 11:50:00,min,30550.00,56.75,50.50,False,30534.41,2026-09-30
2026-09-30 12:00:00,2026-09-30 12:00:00,max,30600.50,50.50,42.50,False,30534.41,2026-09-30
2026-09-30 12:02:00,2026-09-30 12:02:00,min,30558.00,42.50,22.00,False,30534.41,2026-09-30
2026-09-30 12:04:00,2026-09-30 12:04:00,max,30580.00,22.00,26.50,False,30534.41,2026-09-30
2026-09-30 12:09:00,2026-09-30 12:09:00,min,30553.50,26.50,36.50,False,30533.99,2026-09-30
2026-09-30 12:14:00,2026-09-30 12:14:00,max,30590.00,36.50,58.50,False,30533.99,2026-09-30
2026-09-30 12:15:00,2026-09-30 12:15:00,min,30531.50,58.50,43.25,False,30533.99,2026-09-30
2026-09-30 12:22:00,2026-09-30 12:22:00,max,30574.75,43.25,20.00,False,30533.99,2026-09-30
2026-09-30 12:23:00,2026-09-30 12:23:00,min,30554.75,20.00,224.50,False,30533.99,2026-09-30
2026-09-30 12:32:00,2026-09-30 12:31:00,max,30779.25,224.50,71.50,False,30741.42,2026-09-30
2026-09-30 12:34:00,2026-09-30 12:34:00,min,30707.75,71.50,43.00,False,30699.94,2026-09-30
2026-09-30 12:35:00,2026-09-30 12:35:00,max,30750.75,43.00,68.50,False,30741.42,2026-09-30
2026-09-30 12:37:00,2026-09-30 12:37:00,min,30682.25,68.50,27.25,False,30699.94,2026-09-30
2026-09-30 12:38:00,2026-09-30 12:38:00,max,30709.50,27.25,24.25,False,30699.94,2026-09-30
2026-09-30 12:39:00,2026-09-30 12:39:00,min,30685.25,24.25,52.25,False,30699.94,2026-09-30
2026-09-30 12:43:00,2026-09-30 12:42:00,max,30737.50,52.25,65.50,False,30741.42,2026-09-30
2026-09-30 12:47:00,2026-09-30 12:47:00,min,30672.00,65.50,72.00,False,30699.94,2026-09-30
2026-09-30 12:57:00,2026-09-30 12:57:00,max,30744.00,72.00,35.00,False,30741.42,2026-09-30
2026-09-30 12:59:00,2026-09-30 12:58:00,min,30709.00,35.00,59.25,False,30699.94,2026-09-30
2026-09-30 13:08:00,2026-09-30 13:08:00,max,30768.25,59.25,31.75,False,30741.84,2026-09-30
2026-09-30 13:11:00,2026-09-30 13:11:00,min,30736.50,31.75,24.75,False,30741.84,2026-09-30
2026-09-30 13:12:00,2026-09-30 13:12:00,max,30761.25,24.75,74.00,False,30741.84,2026-09-30
2026-09-30 13:23:00,2026-09-30 13:23:00,min,30687.25,74.00,46.75,False,30700.37,2026-09-30
2026-09-30 13:25:00,2026-09-30 13:25:00,max,30734.00,46.75,51.75,False,30741.85,2026-09-30
2026-09-30 22:01:00,2026-09-30 22:01:00,max,30721.50,36.50,36.50,False,30697.91,2026-10-01
2026-09-30 22:01:00,2026-09-30 22:01:00,min,30685.00,36.50,50.75,False,30697.91,2026-10-01
2026-09-30 22:02:00,2026-09-30 22:02:00,max,30735.75,50.75,24.50,False,30697.91,2026-10-01
2026-09-30 22:04:00,2026-09-30 22:04:00,min,30711.25,24.50,29.50,False,30697.91,2026-10-01
2026-09-30 22:09:00,2026-09-30 22:08:00,max,30740.75,29.50,28.50,False,30697.91,2026-10-01
2026-09-30 22:10:00,2026-09-30 22:10:00,min,30712.25,28.50,82.25,False,30697.91,2026-10-01
2026-09-30 22:42:00,2026-09-30 22:42:00,max,30794.50,82.25,39.50,False,30866.89,2026-10-01
2026-09-30 23:12:00,2026-09-30 23:12:00,min,30755.00,39.50,78.75,False,30784.45,2026-10-01
2026-09-30 23:41:00,2026-09-30 23:41:00,max,30833.75,78.75,57.75,False,30868.02,2026-10-01
2026-10-01 00:09:00,2026-10-01 00:09:00,min,30776.00,57.75,31.50,False,30702.68,2026-10-01
2026-10-01 00:12:00,2026-10-01 00:12:00,max,30807.50,31.50,55.25,False,30868.64,2026-10-01
2026-10-01 00:23:00,2026-10-01 00:23:00,min,30752.25,55.25,27.00,False,30785.66,2026-10-01
2026-10-01 00:27:00,2026-10-01 00:27:00,max,30779.25,27.00,54.75,False,30700.54,2026-10-01
2026-10-01 00:34:00,2026-10-01 00:31:00,min,30724.50,54.75,63.00,False,30700.54,2026-10-01
2026-10-01 00:44:00,2026-10-01 00:44:00,max,30787.50,63.00,37.25,False,30866.49,2026-10-01
2026-10-01 00:53:00,2026-10-01 00:53:00,min,30750.25,37.25,88.25,False,30700.54,2026-10-01
2026-10-01 01:13:00,2026-10-01 01:13:00,max,30838.50,88.25,34.50,False,30866.49,2026-10-01
2026-10-01 01:15:00,2026-10-01 01:15:00,min,30804.00,34.50,37.25,False,30866.49,2026-10-01
2026-10-01 01:25:00,2026-10-01 01:25:00,max,30841.25,37.25,23.75,False,30866.49,2026-10-01
2026-10-01 01:31:00,2026-10-01 01:31:00,min,30817.50,23.75,28.00,False,30866.49,2026-10-01
2026-10-01 01:34:00,2026-10-01 01:34:00,max,30845.50,28.00,38.75,False,30866.49,2026-10-01
2026-10-01 01:49:00,2026-10-01 01:49:00,min,30806.75,38.75,33.75,False,30866.49,2026-10-01
2026-10-01 02:06:00,2026-10-01 02:06:00,max,30840.50,33.75,22.25,False,30866.49,2026-10-01
2026-10-01 02:07:00,2026-10-01 02:07:00,min,30818.25,22.25,31.75,False,30866.49,2026-10-01
2026-10-01 02:12:00,2026-10-01 02:12:00,max,30850.00,31.75,25.75,False,30866.49,2026-10-01
2026-10-01 02:14:00,2026-10-01 02:14:00,min,30824.25,25.75,20.75,False,30866.49,2026-10-01
2026-10-01 02:16:00,2026-10-01 02:16:00,max,30845.00,20.75,25.00,False,30866.49,2026-10-01
2026-10-01 02:21:00,2026-10-01 02:20:00,min,30820.00,25.00,35.75,False,30866.49,2026-10-01
2026-10-01 02:24:00,2026-10-01 02:24:00,max,30855.75,35.75,22.75,False,30866.49,2026-10-01
2026-10-01 02:27:00,2026-10-01 02:27:00,min,30833.00,22.75,36.75,False,30866.49,2026-10-01
2026-10-01 02:44:00,2026-10-01 02:43:00,max,30869.75,36.75,20.00,False,30866.49,2026-10-01
2026-10-01 02:51:00,2026-10-01 02:50:00,min,30849.75,20.00,37.75,False,30866.49,2026-10-01
2026-10-01 03:03:00,2026-10-01 03:03:00,max,30887.50,37.75,27.25,False,30907.98,2026-10-01
2026-10-01 03:36:00,2026-10-01 03:32:00,min,30860.25,27.25,94.25,False,30866.49,2026-10-01
2026-10-01 04:05:00,2026-10-01 04:05:00,max,30954.50,94.25,33.50,False,30990.95,2026-10-01
2026-10-01 04:18:00,2026-10-01 04:16:00,min,30921.00,33.50,66.25,False,30907.98,2026-10-01
2026-10-01 04:55:00,2026-10-01 04:55:00,max,30987.25,66.25,20.75,False,30990.95,2026-10-01
2026-10-01 04:57:00,2026-10-01 04:56:00,min,30966.50,20.75,110.50,False,30990.95,2026-10-01
2026-10-01 05:35:00,2026-10-01 05:35:00,max,31077.00,110.50,35.50,False,31115.41,2026-10-01
2026-10-01 05:46:00,2026-10-01 05:46:00,min,31041.50,35.50,108.75,False,30990.95,2026-10-01
2026-10-01 06:11:00,2026-10-01 06:10:00,max,31150.25,108.75,39.00,False,31115.41,2026-10-01
2026-10-01 06:19:00,2026-10-01 06:19:00,min,31111.25,39.00,28.25,False,31115.41,2026-10-01
2026-10-01 06:23:00,2026-10-01 06:22:00,max,31139.50,28.25,30.25,False,31115.41,2026-10-01
2026-10-01 06:27:00,2026-10-01 06:27:00,min,31109.25,30.25,32.50,False,31115.41,2026-10-01
2026-10-01 06:30:00,2026-10-01 06:30:00,max,31141.75,32.50,108.25,False,31115.41,2026-10-01
2026-10-01 06:45:00,2026-10-01 06:45:00,min,31033.50,108.25,20.75,False,30990.95,2026-10-01
2026-10-01 06:46:00,2026-10-01 06:46:00,max,31054.25,20.75,22.75,False,31115.41,2026-10-01
2026-10-01 06:49:00,2026-10-01 06:49:00,min,31031.50,22.75,38.25,False,30990.95,2026-10-01
2026-10-01 06:52:00,2026-10-01 06:52:00,max,31069.75,38.25,58.50,False,31115.41,2026-10-01
2026-10-01 07:03:00,2026-10-01 07:03:00,min,31011.25,58.50,32.25,False,30990.95,2026-10-01
2026-10-01 07:09:00,2026-10-01 07:09:00,max,31043.50,32.25,247.00,False,30990.95,2026-10-01
2026-10-01 07:29:00,2026-10-01 07:29:00,min,30796.50,247.00,82.25,False,30866.49,2026-10-01
2026-10-01 07:35:00,2026-10-01 07:35:00,max,30878.75,82.25,33.25,False,30866.49,2026-10-01
2026-10-01 07:37:00,2026-10-01 07:36:00,min,30845.50,33.25,23.75,False,30866.49,2026-10-01
2026-10-01 07:38:00,2026-10-01 07:38:00,max,30869.25,23.75,56.00,False,30866.49,2026-10-01
2026-10-01 07:43:00,2026-10-01 07:42:00,min,30813.25,56.00,45.00,False,30866.49,2026-10-01
2026-10-01 07:44:00,2026-10-01 07:44:00,max,30858.25,45.00,32.75,False,30866.49,2026-10-01
2026-10-01 07:46:00,2026-10-01 07:46:00,min,30825.50,32.75,25.25,False,30866.49,2026-10-01
2026-10-01 07:48:00,2026-10-01 07:48:00,max,30850.75,25.25,25.25,False,30866.49,2026-10-01
2026-10-01 07:49:00,2026-10-01 07:49:00,min,30825.50,25.25,52.00,False,30866.49,2026-10-01
2026-10-01 07:51:00,2026-10-01 07:51:00,max,30877.50,52.00,27.00,False,30866.49,2026-10-01
2026-10-01 07:52:00,2026-10-01 07:52:00,min,30850.50,27.00,48.00,False,30866.49,2026-10-01
2026-10-01 07:56:00,2026-10-01 07:55:00,max,30898.50,48.00,50.50,False,30907.98,2026-10-01
2026-10-01 07:58:00,2026-10-01 07:58:00,min,30848.00,50.50,26.75,False,30866.49,2026-10-01
2026-10-01 08:00:00,2026-10-01 08:00:00,max,30874.75,26.75,31.25,False,30866.49,2026-10-01
2026-10-01 08:02:00,2026-10-01 08:01:00,min,30843.50,31.25,63.00,False,30866.49,2026-10-01
2026-10-01 08:05:00,2026-10-01 08:05:00,max,30906.50,63.00,38.25,True,30907.98,2026-10-01
2026-10-01 08:06:00,2026-10-01 08:06:00,min,30868.25,38.25,25.00,False,30907.98,2026-10-01
2026-10-01 08:07:00,2026-10-01 08:07:00,max,30893.25,25.00,76.75,False,30907.98,2026-10-01
2026-10-01 08:11:00,2026-10-01 08:11:00,min,30816.50,76.75,22.25,False,30866.49,2026-10-01
2026-10-01 08:12:00,2026-10-01 08:12:00,max,30838.75,22.25,23.75,False,30866.49,2026-10-01
2026-10-01 08:15:00,2026-10-01 08:15:00,min,30815.00,23.75,22.50,False,30866.49,2026-10-01
2026-10-01 08:18:00,2026-10-01 08:18:00,max,30837.50,22.50,45.00,False,30866.49,2026-10-01
2026-10-01 08:22:00,2026-10-01 08:22:00,min,30792.50,45.00,31.75,False,30783.51,2026-10-01
2026-10-01 08:23:00,2026-10-01 08:23:00,max,30824.25,31.75,28.25,False,30866.49,2026-10-01
2026-10-01 08:25:00,2026-10-01 08:24:00,min,30796.00,28.25,37.75,False,30866.49,2026-10-01
2026-10-01 08:27:00,2026-10-01 08:27:00,max,30833.75,37.75,76.75,False,30866.49,2026-10-01
2026-10-01 08:33:00,2026-10-01 08:32:00,min,30757.00,76.75,79.75,False,30783.51,2026-10-01
2026-10-01 08:40:00,2026-10-01 08:40:00,max,30836.75,79.75,50.25,False,30866.49,2026-10-01
2026-10-01 08:48:00,2026-10-01 08:48:00,min,30786.50,50.25,47.75,False,30866.49,2026-10-01
2026-10-01 08:52:00,2026-10-01 08:52:00,max,30834.25,47.75,31.50,False,30866.49,2026-10-01
2026-10-01 08:54:00,2026-10-01 08:54:00,min,30802.75,31.50,46.25,False,30866.49,2026-10-01
2026-10-01 08:57:00,2026-10-01 08:57:00,max,30849.00,46.25,35.25,False,30866.49,2026-10-01
2026-10-01 08:59:00,2026-10-01 08:59:00,min,30813.75,35.25,73.25,False,30866.49,2026-10-01
2026-10-01 09:14:00,2026-10-01 09:05:00,max,30887.00,73.25,23.25,False,30866.49,2026-10-01
2026-10-01 09:19:00,2026-10-01 09:18:00,min,30863.75,23.25,29.00,False,30868.64,2026-10-01
2026-10-01 09:21:00,2026-10-01 09:21:00,max,30892.75,29.00,20.75,False,30910.13,2026-10-01
2026-10-01 09:22:00,2026-10-01 09:22:00,min,30872.00,20.75,32.75,False,30868.48,2026-10-01
2026-10-01 09:35:00,2026-10-01 09:35:00,max,30904.75,32.75,56.25,False,30910.13,2026-10-01
2026-10-01 09:45:00,2026-10-01 09:45:00,min,30848.50,56.25,35.50,False,30868.61,2026-10-01
2026-10-01 09:48:00,2026-10-01 09:48:00,max,30884.00,35.50,46.50,False,30868.41,2026-10-01
2026-10-01 09:55:00,2026-10-01 09:55:00,min,30837.50,46.50,31.50,False,30868.41,2026-10-01
2026-10-01 10:00:00,2026-10-01 10:00:00,max,30869.00,31.50,86.75,True,30868.39,2026-10-01
2026-10-01 10:06:00,2026-10-01 10:06:00,min,30782.25,86.75,70.50,False,30702.43,2026-10-01
2026-10-01 10:14:00,2026-10-01 10:14:00,max,30852.75,70.50,21.25,False,30868.39,2026-10-01
2026-10-01 10:16:00,2026-10-01 10:16:00,min,30831.50,21.25,53.75,False,30868.39,2026-10-01
2026-10-01 10:21:00,2026-10-01 10:21:00,max,30885.25,53.75,26.75,False,30868.39,2026-10-01
2026-10-01 10:22:00,2026-10-01 10:22:00,min,30858.50,26.75,37.75,False,30868.39,2026-10-01
2026-10-01 10:35:00,2026-10-01 10:31:00,max,30896.25,37.75,20.00,False,30909.88,2026-10-01
2026-10-01 10:39:00,2026-10-01 10:39:00,min,30876.25,20.00,73.50,False,30868.40,2026-10-01
2026-10-01 10:52:00,2026-10-01 10:52:00,max,30949.75,73.50,46.00,False,30909.90,2026-10-01
2026-10-01 11:01:00,2026-10-01 11:01:00,min,30903.75,46.00,20.75,False,30909.73,2026-10-01
2026-10-01 11:03:00,2026-10-01 11:02:00,max,30924.50,20.75,38.50,False,30909.73,2026-10-01
2026-10-01 11:05:00,2026-10-01 11:05:00,min,30886.00,38.50,21.00,False,30909.73,2026-10-01
2026-10-01 11:06:00,2026-10-01 11:06:00,max,30907.00,21.00,38.50,False,30909.73,2026-10-01
2026-10-01 11:10:00,2026-10-01 11:10:00,min,30868.50,38.50,20.00,True,30867.79,2026-10-01
2026-10-01 11:11:00,2026-10-01 11:11:00,max,30888.50,20.00,58.50,False,30867.79,2026-10-01
2026-10-01 11:21:00,2026-10-01 11:21:00,min,30830.00,58.50,21.00,False,30865.39,2026-10-01
2026-10-01 11:22:00,2026-10-01 11:22:00,max,30851.00,21.00,36.25,False,30865.39,2026-10-01
2026-10-01 11:25:00,2026-10-01 11:24:00,min,30814.75,36.25,43.00,False,30865.39,2026-10-01
2026-10-01 11:31:00,2026-10-01 11:31:00,max,30857.75,43.00,23.50,False,30864.32,2026-10-01
2026-10-01 11:32:00,2026-10-01 11:32:00,min,30834.25,23.50,42.25,False,30864.32,2026-10-01
2026-10-01 11:37:00,2026-10-01 11:37:00,max,30876.50,42.25,24.50,False,30862.49,2026-10-01
2026-10-01 11:38:00,2026-10-01 11:38:00,min,30852.00,24.50,57.00,False,30862.49,2026-10-01
2026-10-01 11:51:00,2026-10-01 11:50:00,max,30909.00,57.00,29.75,False,30902.91,2026-10-01
2026-10-01 11:52:00,2026-10-01 11:52:00,min,30879.25,29.75,23.00,False,30902.91,2026-10-01
2026-10-01 11:57:00,2026-10-01 11:56:00,max,30902.25,23.00,51.50,True,30902.91,2026-10-01
2026-10-01 12:05:00,2026-10-01 12:04:00,min,30850.75,51.50,27.25,False,30861.11,2026-10-01
2026-10-01 12:10:00,2026-10-01 12:10:00,max,30878.00,27.25,38.75,False,30860.67,2026-10-01
2026-10-01 12:17:00,2026-10-01 12:17:00,min,30839.25,38.75,31.25,False,30860.52,2026-10-01
2026-10-01 12:18:00,2026-10-01 12:18:00,max,30870.50,31.25,35.50,False,30860.52,2026-10-01
2026-10-01 12:23:00,2026-10-01 12:23:00,min,30835.00,35.50,35.00,False,30859.92,2026-10-01
2026-10-01 12:30:00,2026-10-01 12:30:00,max,30870.00,35.00,22.75,False,30859.40,2026-10-01
2026-10-01 12:33:00,2026-10-01 12:31:00,min,30847.25,22.75,31.75,False,30859.40,2026-10-01
2026-10-01 12:36:00,2026-10-01 12:36:00,max,30879.00,31.75,24.00,False,30859.66,2026-10-01
2026-10-01 12:37:00,2026-10-01 12:37:00,min,30855.00,24.00,23.50,False,30859.92,2026-10-01
2026-10-01 12:41:00,2026-10-01 12:40:00,max,30878.50,23.50,71.25,False,30859.92,2026-10-01
2026-10-01 13:00:00,2026-10-01 13:00:00,min,30807.25,71.25,50.75,False,30860.52,2026-10-01
2026-10-01 13:08:00,2026-10-01 13:08:00,max,30858.00,50.75,53.00,True,30858.36,2026-10-01
2026-10-01 13:17:00,2026-10-01 13:17:00,min,30805.00,53.00,25.75,False,30858.23,2026-10-01
2026-10-01 13:22:00,2026-10-01 13:21:00,max,30830.75,25.75,24.50,False,30857.39,2026-10-01
2026-10-01 13:24:00,2026-10-01 13:24:00,min,30806.25,24.50,24.75,False,30857.39,2026-10-01
2026-10-01 13:25:00,2026-10-01 13:25:00,max,30831.00,24.75,96.75,False,30857.21,2026-10-01
2026-10-01 22:00:00,2026-10-01 22:00:00,max,30788.75,28.00,28.00,False,,2026-10-02
2026-10-01 22:00:00,2026-10-01 22:00:00,min,30760.75,28.00,51.50,False,,2026-10-02
2026-10-01 22:07:00,2026-10-01 22:07:00,max,30812.25,51.50,27.25,False,30853.96,2026-10-02
2026-10-01 22:09:00,2026-10-01 22:09:00,min,30785.00,27.25,20.00,False,30853.96,2026-10-02
2026-10-01 22:10:00,2026-10-01 22:10:00,max,30805.00,20.00,29.25,False,30853.96,2026-10-02
2026-10-01 22:23:00,2026-10-01 22:23:00,min,30775.75,29.25,76.50,False,30854.42,2026-10-02
2026-10-01 23:04:00,2026-10-01 23:04:00,max,30852.25,76.50,20.25,False,30896.21,2026-10-02
2026-10-01 23:06:00,2026-10-01 23:06:00,min,30832.00,20.25,23.00,False,30896.21,2026-10-02
2026-10-01 23:18:00,2026-10-01 23:18:00,max,30855.00,23.00,54.00,False,30896.77,2026-10-02
2026-10-01 23:40:00,2026-10-01 23:40:00,min,30801.00,54.00,44.00,False,30855.12,2026-10-02
2026-10-01 23:54:00,2026-10-01 23:53:00,max,30845.00,44.00,35.00,False,30855.53,2026-10-02
2026-10-02 00:09:00,2026-10-02 00:08:00,min,30810.00,35.00,110.00,False,30855.97,2026-10-02
2026-10-02 00:23:00,2026-10-02 00:23:00,max,30920.00,110.00,83.75,False,30938.92,2026-10-02
2026-10-02 00:30:00,2026-10-02 00:30:00,min,30836.25,83.75,30.75,False,30855.97,2026-10-02
2026-10-02 00:36:00,2026-10-02 00:36:00,max,30867.00,30.75,43.00,False,30897.44,2026-10-02
2026-10-02 00:42:00,2026-10-02 00:41:00,min,30824.00,43.00,38.75,False,30855.97,2026-10-02
2026-10-02 00:53:00,2026-10-02 00:53:00,max,30862.75,38.75,45.25,False,30897.44,2026-10-02
2026-10-02 01:11:00,2026-10-02 01:11:00,min,30817.50,45.25,26.50,False,30855.97,2026-10-02
2026-10-02 01:14:00,2026-10-02 01:14:00,max,30844.00,26.50,21.50,False,30855.97,2026-10-02
2026-10-02 01:15:00,2026-10-02 01:15:00,min,30822.50,21.50,26.00,False,30855.97,2026-10-02
2026-10-02 01:18:00,2026-10-02 01:18:00,max,30848.50,26.00,44.25,False,30855.97,2026-10-02
2026-10-02 01:22:00,2026-10-02 01:21:00,min,30804.25,44.25,33.25,False,30855.97,2026-10-02
2026-10-02 01:25:00,2026-10-02 01:23:00,max,30837.50,33.25,36.00,False,30855.97,2026-10-02
2026-10-02 01:32:00,2026-10-02 01:32:00,min,30801.50,36.00,24.00,False,30855.97,2026-10-02
2026-10-02 01:34:00,2026-10-02 01:34:00,max,30825.50,24.00,34.75,False,30855.97,2026-10-02
2026-10-02 01:37:00,2026-10-02 01:37:00,min,30790.75,34.75,71.00,False,30855.97,2026-10-02
2026-10-02 01:52:00,2026-10-02 01:52:00,max,30861.75,71.00,28.25,False,30855.97,2026-10-02
2026-10-02 01:55:00,2026-10-02 01:55:00,min,30833.50,28.25,35.50,False,30855.97,2026-10-02
2026-10-02 02:00:00,2026-10-02 02:00:00,max,30869.00,35.50,27.00,False,30897.44,2026-10-02
2026-10-02 02:11:00,2026-10-02 02:11:00,min,30842.00,27.00,42.25,False,30897.44,2026-10-02
2026-10-02 02:16:00,2026-10-02 02:16:00,max,30884.25,42.25,36.75,False,30897.44,2026-10-02
2026-10-02 02:24:00,2026-10-02 02:24:00,min,30847.50,36.75,46.00,False,30897.44,2026-10-02
2026-10-02 02:49:00,2026-10-02 02:49:00,max,30893.50,46.00,25.00,False,30897.44,2026-10-02
2026-10-02 02:55:00,2026-10-02 02:54:00,min,30868.50,25.00,31.50,False,30897.44,2026-10-02
2026-10-02 03:01:00,2026-10-02 03:01:00,max,30900.00,31.50,34.25,False,30897.44,2026-10-02
2026-10-02 03:10:00,2026-10-02 03:10:00,min,30865.75,34.25,24.25,False,30897.44,2026-10-02
2026-10-02 03:25:00,2026-10-02 03:15:00,max,30890.00,24.25,22.25,False,30897.44,2026-10-02
2026-10-02 03:37:00,2026-10-02 03:37:00,min,30867.75,22.25,21.75,False,30897.44,2026-10-02
2026-10-02 03:45:00,2026-10-02 03:45:00,max,30889.50,21.75,27.50,False,30897.44,2026-10-02
2026-10-02 03:49:00,2026-10-02 03:48:00,min,30862.00,27.50,41.75,False,30897.44,2026-10-02
2026-10-02 04:02:00,2026-10-02 04:01:00,max,30903.75,41.75,21.25,False,30897.44,2026-10-02
2026-10-02 04:08:00,2026-10-02 04:07:00,min,30882.50,21.25,24.75,False,30897.44,2026-10-02
2026-10-02 04:25:00,2026-10-02 04:24:00,max,30907.25,24.75,24.25,False,30897.44,2026-10-02
2026-10-02 04:47:00,2026-10-02 04:46:00,min,30883.00,24.25,53.00,False,30897.44,2026-10-02
2026-10-02 05:02:00,2026-10-02 05:02:00,max,30936.00,53.00,40.00,False,30938.92,2026-10-02
2026-10-02 05:06:00,2026-10-02 05:05:00,min,30896.00,40.00,30.50,True,30897.44,2026-10-02
2026-10-02 05:08:00,2026-10-02 05:08:00,max,30926.50,30.50,55.25,False,30938.92,2026-10-02
2026-10-02 05:31:00,2026-10-02 05:30:00,min,30871.25,55.25,23.50,False,30897.44,2026-10-02
2026-10-02 05:43:00,2026-10-02 05:34:00,max,30894.75,23.50,30.25,False,30897.44,2026-10-02
2026-10-02 05:47:00,2026-10-02 05:47:00,min,30864.50,30.25,39.25,False,30897.44,2026-10-02
2026-10-02 06:08:00,2026-10-02 06:08:00,max,30903.75,39.25,50.25,False,30897.44,2026-10-02
2026-10-02 06:25:00,2026-10-02 06:19:00,min,30853.50,50.25,23.75,False,30855.97,2026-10-02
2026-10-02 06:30:00,2026-10-02 06:28:00,max,30877.25,23.75,20.75,False,30897.44,2026-10-02
2026-10-02 06:31:00,2026-10-02 06:31:00,min,30856.50,20.75,23.25,False,30897.44,2026-10-02
2026-10-02 06:40:00,2026-10-02 06:39:00,max,30879.75,23.25,39.25,False,30897.44,2026-10-02
2026-10-02 06:48:00,2026-10-02 06:48:00,min,30840.50,39.25,42.75,False,30855.97,2026-10-02
2026-10-02 06:56:00,2026-10-02 06:56:00,max,30883.25,42.75,20.25,False,30897.44,2026-10-02
2026-10-02 06:58:00,2026-10-02 06:58:00,min,30863.00,20.25,42.00,False,30897.44,2026-10-02
2026-10-02 07:05:00,2026-10-02 07:05:00,max,30905.00,42.00,21.75,False,30897.44,2026-10-02
2026-10-02 07:06:00,2026-10-02 07:06:00,min,30883.25,21.75,54.75,False,30897.44,2026-10-02
2026-10-02 07:15:00,2026-10-02 07:15:00,max,30938.00,54.75,64.00,True,30938.92,2026-10-02
2026-10-02 07:28:00,2026-10-02 07:28:00,min,30874.00,64.00,116.00,False,30897.44,2026-10-02
2026-10-02 07:58:00,2026-10-02 07:58:00,max,30990.00,116.00,37.00,False,30980.39,2026-10-02
2026-10-02 08:01:00,2026-10-02 08:01:00,min,30953.00,37.00,74.00,False,30980.39,2026-10-02
2026-10-02 08:11:00,2026-10-02 08:11:00,max,31027.00,74.00,50.75,False,30980.39,2026-10-02
2026-10-02 08:20:00,2026-10-02 08:20:00,min,30976.25,50.75,32.75,False,30980.39,2026-10-02
2026-10-02 08:22:00,2026-10-02 08:22:00,max,31009.00,32.75,21.75,False,30980.39,2026-10-02
2026-10-02 08:23:00,2026-10-02 08:23:00,min,30987.25,21.75,21.50,False,30980.39,2026-10-02
2026-10-02 08:28:00,2026-10-02 08:27:00,max,31008.75,21.50,23.00,False,30980.39,2026-10-02
2026-10-02 08:29:00,2026-10-02 08:29:00,min,30985.75,23.00,21.00,False,30980.39,2026-10-02
2026-10-02 08:30:00,2026-10-02 08:30:00,max,31006.75,21.00,27.75,False,30980.39,2026-10-02
2026-10-02 08:34:00,2026-10-02 08:33:00,min,30979.00,27.75,38.75,True,30980.39,2026-10-02
2026-10-02 08:37:00,2026-10-02 08:37:00,max,31017.75,38.75,30.00,False,30980.39,2026-10-02
2026-10-02 08:44:00,2026-10-02 08:44:00,min,30987.75,30.00,42.25,False,30980.39,2026-10-02
2026-10-02 08:56:00,2026-10-02 08:56:00,max,31030.00,42.25,46.25,False,30980.39,2026-10-02
2026-10-02 09:01:00,2026-10-02 09:01:00,min,30983.75,46.25,43.75,False,30980.39,2026-10-02
2026-10-02 09:16:00,2026-10-02 09:16:00,max,31027.50,43.75,33.25,False,30980.39,2026-10-02
2026-10-02 09:35:00,2026-10-02 09:35:00,min,30994.25,33.25,23.75,False,30980.63,2026-10-02
2026-10-02 09:40:00,2026-10-02 09:37:00,max,31018.00,23.75,23.25,False,30980.63,2026-10-02
2026-10-02 09:46:00,2026-10-02 09:46:00,min,30994.75,23.25,41.00,False,30980.64,2026-10-02
2026-10-02 09:49:00,2026-10-02 09:49:00,max,31035.75,41.00,52.00,False,30980.64,2026-10-02
2026-10-02 10:03:00,2026-10-02 10:02:00,min,30983.75,52.00,22.00,False,30980.16,2026-10-02
2026-10-02 10:04:00,2026-10-02 10:04:00,max,31005.75,22.00,60.75,False,30980.16,2026-10-02
2026-10-02 10:21:00,2026-10-02 10:21:00,min,30945.00,60.75,21.50,False,30938.69,2026-10-02
2026-10-02 10:22:00,2026-10-02 10:22:00,max,30966.50,21.50,26.75,False,30979.51,2026-10-02
2026-10-02 10:24:00,2026-10-02 10:24:00,min,30939.75,26.75,59.75,True,30938.04,2026-10-02
2026-10-02 10:37:00,2026-10-02 10:37:00,max,30999.50,59.75,20.75,False,30978.47,2026-10-02
2026-10-02 10:54:00,2026-10-02 10:46:00,min,30978.75,20.75,21.25,True,30978.47,2026-10-02
2026-10-02 11:00:00,2026-10-02 11:00:00,max,31000.00,21.25,27.00,False,30977.00,2026-10-02
2026-10-02 11:01:00,2026-10-02 11:01:00,min,30973.00,27.00,24.75,False,30977.00,2026-10-02
2026-10-02 11:07:00,2026-10-02 11:06:00,max,30997.75,24.75,26.25,False,30977.00,2026-10-02
2026-10-02 11:08:00,2026-10-02 11:08:00,min,30971.50,26.25,20.50,False,30975.38,2026-10-02
2026-10-02 11:09:00,2026-10-02 11:09:00,max,30992.00,20.50,40.75,False,30975.38,2026-10-02
2026-10-02 11:14:00,2026-10-02 11:12:00,min,30951.25,40.75,22.75,False,30975.38,2026-10-02
2026-10-02 11:16:00,2026-10-02 11:15:00,max,30974.00,22.75,20.50,True,30975.38,2026-10-02
2026-10-02 11:17:00,2026-10-02 11:17:00,min,30953.50,20.50,41.50,False,30974.76,2026-10-02
2026-10-02 11:25:00,2026-10-02 11:23:00,max,30995.00,41.50,81.75,False,30974.25,2026-10-02
2026-10-02 11:56:00,2026-10-02 11:55:00,min,30913.25,81.75,46.75,False,30928.47,2026-10-02
2026-10-02 12:12:00,2026-10-02 12:12:00,max,30960.00,46.75,25.75,False,30927.96,2026-10-02
2026-10-02 12:15:00,2026-10-02 12:15:00,min,30934.25,25.75,34.25,False,30927.96,2026-10-02
2026-10-02 12:22:00,2026-10-02 12:22:00,max,30968.50,34.25,23.00,True,30968.78,2026-10-02
2026-10-02 12:23:00,2026-10-02 12:23:00,min,30945.50,23.00,164.50,False,30968.78,2026-10-02
2026-10-02 12:30:00,2026-10-02 12:30:00,max,31110.00,164.50,74.00,False,30968.78,2026-10-02
2026-10-02 12:31:00,2026-10-02 12:31:00,min,31036.00,74.00,110.75,False,31093.16,2026-10-02
2026-10-02 12:38:00,2026-10-02 12:38:00,max,31146.75,110.75,56.00,False,31134.25,2026-10-02
2026-10-02 12:42:00,2026-10-02 12:41:00,min,31090.75,56.00,30.75,False,31092.79,2026-10-02
2026-10-02 12:44:00,2026-10-02 12:44:00,max,31121.50,30.75,32.75,False,31134.61,2026-10-02
2026-10-02 12:45:00,2026-10-02 12:45:00,min,31088.75,32.75,49.75,False,31093.16,2026-10-02
2026-10-02 12:49:00,2026-10-02 12:49:00,max,31138.50,49.75,24.00,False,31134.18,2026-10-02
2026-10-02 12:51:00,2026-10-02 12:50:00,min,31114.50,24.00,63.75,False,31134.18,2026-10-02
2026-10-02 12:59:00,2026-10-02 12:59:00,max,31178.25,63.75,24.25,False,31134.11,2026-10-02
2026-10-02 13:00:00,2026-10-02 13:00:00,min,31154.00,24.25,69.50,False,31134.11,2026-10-02
2026-10-02 13:05:00,2026-10-02 13:04:00,max,31223.50,69.50,69.50,False,31176.44,2026-10-02
2026-10-02 13:15:00,2026-10-02 13:15:00,min,31154.00,69.50,28.25,False,31134.97,2026-10-02
2026-10-02 13:21:00,2026-10-02 13:21:00,max,31182.25,28.25,35.00,False,31134.97,2026-10-02
2026-10-02 13:26:00,2026-10-02 13:26:00,min,31147.25,35.00,29.75,False,31134.18,2026-10-02
2026-10-02 13:28:00,2026-10-02 13:28:00,max,31177.00,29.75,121.00,False,31133.96,2026-10-02
2026-10-04 22:15:00,2026-10-04 22:15:00,max,31140.00,23.00,23.00,False,31171.77,2026-10-05
2026-10-04 22:15:00,2026-10-04 22:15:00,min,31117.00,23.00,53.00,False,31171.77,2026-10-05
2026-10-04 22:43:00,2026-10-04 22:43:00,max,31170.00,53.00,28.25,True,31171.77,2026-10-05
2026-10-04 23:02:00,2026-10-04 23:02:00,min,31141.75,28.25,27.25,False,31171.77,2026-10-05
2026-10-04 23:19:00,2026-10-04 23:19:00,max,31169.00,27.25,49.00,False,31171.77,2026-10-05
2026-10-04 23:50:00,2026-10-04 23:49:00,min,31120.00,49.00,30.25,False,31171.77,2026-10-05
2026-10-04 23:59:00,2026-10-04 23:59:00,max,31150.25,30.25,26.25,False,31171.77,2026-10-05
2026-10-05 00:00:00,2026-10-05 00:00:00,min,31124.00,26.25,69.50,False,31171.77,2026-10-05
2026-10-05 00:11:00,2026-10-05 00:11:00,max,31193.50,69.50,38.00,False,31213.22,2026-10-05
2026-10-05 00:13:00,2026-10-05 00:13:00,min,31155.50,38.00,33.50,False,31171.77,2026-10-05
2026-10-05 00:20:00,2026-10-05 00:20:00,max,31189.00,33.50,53.00,False,31171.77,2026-10-05
2026-10-05 00:31:00,2026-10-05 00:31:00,min,31136.00,53.00,84.00,False,31171.77,2026-10-05
2026-10-05 01:29:00,2026-10-05 01:29:00,max,31220.00,84.00,20.75,False,31213.22,2026-10-05
2026-10-05 01:31:00,2026-10-05 01:31:00,min,31199.25,20.75,24.75,False,31213.22,2026-10-05
2026-10-05 01:40:00,2026-10-05 01:40:00,max,31224.00,24.75,43.25,False,31213.22,2026-10-05
2026-10-05 02:01:00,2026-10-05 02:01:00,min,31180.75,43.25,22.25,False,31171.77,2026-10-05
2026-10-05 02:16:00,2026-10-05 02:16:00,max,31203.00,22.25,54.00,False,31213.22,2026-10-05
2026-10-05 02:36:00,2026-10-05 02:35:00,min,31149.00,54.00,20.00,False,31171.77,2026-10-05
2026-10-05 02:42:00,2026-10-05 02:39:00,max,31169.00,20.00,93.50,False,31171.77,2026-10-05
2026-10-05 03:06:00,2026-10-05 03:06:00,min,31075.50,93.50,26.75,False,31005.97,2026-10-05
2026-10-05 03:09:00,2026-10-05 03:09:00,max,31102.25,26.75,22.25,False,31171.77,2026-10-05
2026-10-05 03:15:00,2026-10-05 03:15:00,min,31080.00,22.25,50.00,False,31005.97,2026-10-05
2026-10-05 03:34:00,2026-10-05 03:30:00,max,31130.00,50.00,71.00,False,31171.77,2026-10-05
2026-10-05 04:08:00,2026-10-05 04:08:00,min,31059.00,71.00,27.50,False,31005.97,2026-10-05
2026-10-05 04:15:00,2026-10-05 04:15:00,max,31086.50,27.50,26.00,False,31005.97,2026-10-05
2026-10-05 04:20:00,2026-10-05 04:18:00,min,31060.50,26.00,21.50,False,31047.42,2026-10-05
2026-10-05 04:25:00,2026-10-05 04:25:00,max,31082.00,21.50,46.25,False,31005.97,2026-10-05
2026-10-05 04:35:00,2026-10-05 04:35:00,min,31035.75,46.25,55.50,False,31005.97,2026-10-05
2026-10-05 04:49:00,2026-10-05 04:49:00,max,31091.25,55.50,36.00,False,31171.77,2026-10-05
2026-10-05 04:53:00,2026-10-05 04:53:00,min,31055.25,36.00,29.75,False,31005.97,2026-10-05
2026-10-05 05:11:00,2026-10-05 05:11:00,max,31085.00,29.75,47.50,False,31005.97,2026-10-05
2026-10-05 05:25:00,2026-10-05 05:25:00,min,31037.50,47.50,20.00,False,31005.97,2026-10-05
2026-10-05 05:27:00,2026-10-05 05:26:00,max,31057.50,20.00,37.25,False,31005.97,2026-10-05
2026-10-05 05:39:00,2026-10-05 05:35:00,min,31020.25,37.25,35.50,False,31005.97,2026-10-05
2026-10-05 05:51:00,2026-10-05 05:51:00,max,31055.75,35.50,28.25,False,31005.97,2026-10-05
2026-10-05 05:57:00,2026-10-05 05:55:00,min,31027.50,28.25,32.25,False,31005.97,2026-10-05
2026-10-05 06:01:00,2026-10-05 06:00:00,max,31059.75,32.25,23.00,False,31005.97,2026-10-05
2026-10-05 06:09:00,2026-10-05 06:09:00,min,31036.75,23.00,45.75,False,31005.97,2026-10-05
2026-10-05 06:17:00,2026-10-05 06:15:00,max,31082.50,45.75,35.75,False,31047.42,2026-10-05
2026-10-05 06:21:00,2026-10-05 06:20:00,min,31046.75,35.75,22.75,False,31005.97,2026-10-05
2026-10-05 06:24:00,2026-10-05 06:24:00,max,31069.50,22.75,65.75,False,31005.97,2026-10-05
2026-10-05 06:40:00,2026-10-05 06:40:00,min,31003.75,65.75,26.25,False,31005.97,2026-10-05
2026-10-05 06:43:00,2026-10-05 06:43:00,max,31030.00,26.25,21.25,False,31005.97,2026-10-05
2026-10-05 06:45:00,2026-10-05 06:45:00,min,31008.75,21.25,20.75,False,31005.97,2026-10-05
2026-10-05 06:48:00,2026-10-05 06:48:00,max,31029.50,20.75,23.75,False,31005.97,2026-10-05
2026-10-05 06:52:00,2026-10-05 06:52:00,min,31005.75,23.75,30.00,True,31005.97,2026-10-05
2026-10-05 06:53:00,2026-10-05 06:53:00,max,31035.75,30.00,26.75,False,31005.97,2026-10-05
2026-10-05 06:54:00,2026-10-05 06:54:00,min,31009.00,26.75,35.75,False,31005.97,2026-10-05
2026-10-05 06:59:00,2026-10-05 06:58:00,max,31044.75,35.75,22.75,False,31005.97,2026-10-05
2026-10-05 07:01:00,2026-10-05 07:01:00,min,31022.00,22.75,37.25,False,31005.97,2026-10-05
2026-10-05 07:08:00,2026-10-05 07:07:00,max,31059.25,37.25,30.25,False,31005.97,2026-10-05
2026-10-05 07:11:00,2026-10-05 07:11:00,min,31029.00,30.25,29.50,False,31005.97,2026-10-05
2026-10-05 07:14:00,2026-10-05 07:13:00,max,31058.50,29.50,33.50,False,31005.97,2026-10-05
2026-10-05 07:24:00,2026-10-05 07:24:00,min,31025.00,33.50,27.50,False,31005.97,2026-10-05
2026-10-05 07:33:00,2026-10-05 07:32:00,max,31052.50,27.50,27.50,False,31005.97,2026-10-05
2026-10-05 07:39:00,2026-10-05 07:39:00,min,31025.00,27.50,32.75,False,31005.97,2026-10-05
2026-10-05 07:45:00,2026-10-05 07:45:00,max,31057.75,32.75,22.00,False,31005.97,2026-10-05
2026-10-05 07:50:00,2026-10-05 07:50:00,min,31035.75,22.00,37.25,False,31005.97,2026-10-05
2026-10-05 07:52:00,2026-10-05 07:52:00,max,31073.00,37.25,24.75,False,31005.97,2026-10-05
2026-10-05 07:56:00,2026-10-05 07:56:00,min,31048.25,24.75,21.50,False,31005.97,2026-10-05
2026-10-05 08:02:00,2026-10-05 08:00:00,max,31069.75,21.50,24.50,False,31005.97,2026-10-05
2026-10-05 08:03:00,2026-10-05 08:03:00,min,31045.25,24.50,54.00,False,31005.97,2026-10-05
2026-10-05 08:16:00,2026-10-05 08:16:00,max,31099.25,54.00,39.75,False,31171.77,2026-10-05
2026-10-05 08:26:00,2026-10-05 08:25:00,min,31059.50,39.75,26.75,False,31005.97,2026-10-05
2026-10-05 08:28:00,2026-10-05 08:28:00,max,31086.25,26.75,73.00,False,31005.97,2026-10-05
2026-10-05 08:37:00,2026-10-05 08:36:00,min,31013.25,73.00,27.25,False,31005.97,2026-10-05
2026-10-05 08:39:00,2026-10-05 08:38:00,max,31040.50,27.25,32.25,False,31005.97,2026-10-05
2026-10-05 08:42:00,2026-10-05 08:42:00,min,31008.25,32.25,20.75,False,31005.97,2026-10-05
2026-10-05 08:43:00,2026-10-05 08:43:00,max,31029.00,20.75,55.25,False,31005.97,2026-10-05
2026-10-05 08:47:00,2026-10-05 08:47:00,min,30973.75,55.25,54.50,False,30964.51,2026-10-05
2026-10-05 08:49:00,2026-10-05 08:49:00,max,31028.25,54.50,22.75,False,31005.97,2026-10-05
2026-10-05 08:50:00,2026-10-05 08:50:00,min,31005.50,22.75,37.25,True,31005.97,2026-10-05
2026-10-05 08:52:00,2026-10-05 08:52:00,max,31042.75,37.25,34.25,False,31005.97,2026-10-05
2026-10-05 08:57:00,2026-10-05 08:54:00,min,31008.50,34.25,33.50,False,31005.97,2026-10-05
2026-10-05 09:08:00,2026-10-05 09:08:00,max,31042.00,33.50,46.75,False,31006.26,2026-10-05
2026-10-05 09:27:00,2026-10-05 09:27:00,min,30995.25,46.75,22.25,False,31006.18,2026-10-05
2026-10-05 09:32:00,2026-10-05 09:32:00,max,31017.50,22.25,58.75,False,31006.18,2026-10-05
2026-10-05 09:42:00,2026-10-05 09:42:00,min,30958.75,58.75,39.75,False,31006.26,2026-10-05
2026-10-05 09:52:00,2026-10-05 09:51:00,max,30998.50,39.75,21.75,False,31006.26,2026-10-05
2026-10-05 10:19:00,2026-10-05 10:02:00,min,30976.75,21.75,26.00,False,31006.18,2026-10-05
2026-10-05 10:24:00,2026-10-05 10:24:00,max,31002.75,26.00,42.50,False,31006.18,2026-10-05
2026-10-05 10:34:00,2026-10-05 10:34:00,min,30960.25,42.50,87.50,False,31005.80,2026-10-05
2026-10-05 10:55:00,2026-10-05 10:55:00,max,31047.75,87.50,62.75,False,31004.65,2026-10-05
2026-10-05 11:00:00,2026-10-05 11:00:00,min,30985.00,62.75,34.50,False,31004.65,2026-10-05
2026-10-05 11:01:00,2026-10-05 11:01:00,max,31019.50,34.50,33.75,False,31004.65,2026-10-05
2026-10-05 11:02:00,2026-10-05 11:02:00,min,30985.75,33.75,84.00,False,31004.65,2026-10-05
2026-10-05 11:27:00,2026-10-05 11:27:00,max,31069.75,84.00,34.00,False,31002.58,2026-10-05
2026-10-05 11:28:00,2026-10-05 11:28:00,min,31035.75,34.00,33.50,False,31002.58,2026-10-05
2026-10-05 11:30:00,2026-10-05 11:30:00,max,31069.25,33.50,47.25,False,31002.58,2026-10-05
2026-10-05 11:36:00,2026-10-05 11:35:00,min,31022.00,47.25,23.25,False,31002.58,2026-10-05
2026-10-05 11:40:00,2026-10-05 11:39:00,max,31045.25,23.25,47.25,False,31002.58,2026-10-05
2026-10-05 11:47:00,2026-10-05 11:45:00,min,30998.00,47.25,32.75,False,31002.58,2026-10-05
2026-10-05 11:58:00,2026-10-05 11:58:00,max,31030.75,32.75,21.50,False,31002.32,2026-10-05
2026-10-05 12:00:00,2026-10-05 12:00:00,min,31009.25,21.50,28.00,False,31002.40,2026-10-05
2026-10-05 12:06:00,2026-10-05 12:05:00,max,31037.25,28.00,30.75,False,31002.40,2026-10-05
2026-10-05 12:10:00,2026-10-05 12:10:00,min,31006.50,30.75,26.50,False,31002.40,2026-10-05
2026-10-05 12:13:00,2026-10-05 12:13:00,max,31033.00,26.50,67.50,False,31002.40,2026-10-05
2026-10-05 12:49:00,2026-10-05 12:49:00,min,30965.50,67.50,44.75,False,31002.40,2026-10-05
2026-10-05 13:00:00,2026-10-05 13:00:00,max,31010.25,44.75,22.00,False,31000.82,2026-10-05
2026-10-05 13:07:00,2026-10-05 13:07:00,min,30988.25,22.00,37.75,False,31000.62,2026-10-05
2026-10-05 13:21:00,2026-10-05 13:20:00,max,31026.00,37.75,22.50,False,30998.69,2026-10-05
2026-10-05 13:24:00,2026-10-05 13:24:00,min,31003.50,22.50,208.00,False,30998.60,2026-10-05
2026-10-05 22:00:00,2026-10-05 22:00:00,min,31343.75,23.50,31.75,False,,2026-10-06
2026-10-05 22:01:00,2026-10-05 22:01:00,max,31375.50,31.75,30.50,False,31373.35,2026-10-06
2026-10-05 22:02:00,2026-10-05 22:02:00,min,31345.00,30.50,37.00,False,31373.35,2026-10-06
2026-10-05 22:05:00,2026-10-05 22:05:00,max,31382.00,37.00,56.75,False,31373.35,2026-10-06
2026-10-05 22:46:00,2026-10-05 22:37:00,min,31325.25,56.75,43.00,False,31373.63,2026-10-06
2026-10-05 23:33:00,2026-10-05 23:32:00,max,31368.25,43.00,31.50,False,31371.29,2026-10-06
2026-10-06 00:00:00,2026-10-06 00:00:00,min,31336.75,31.50,42.25,False,31371.33,2026-10-06
2026-10-06 00:16:00,2026-10-06 00:16:00,max,31379.00,42.25,20.00,False,31371.29,2026-10-06
2026-10-06 00:18:00,2026-10-06 00:18:00,min,31359.00,20.00,22.50,False,31371.29,2026-10-06
2026-10-06 00:24:00,2026-10-06 00:24:00,max,31381.50,22.50,27.75,False,31371.29,2026-10-06
2026-10-06 00:30:00,2026-10-06 00:25:00,min,31353.75,27.75,39.50,False,31371.29,2026-10-06
2026-10-06 00:38:00,2026-10-06 00:38:00,max,31393.25,39.50,20.50,False,31412.83,2026-10-06
2026-10-06 00:45:00,2026-10-06 00:40:00,min,31372.75,20.50,36.50,True,31371.38,2026-10-06
2026-10-06 01:01:00,2026-10-06 01:01:00,max,31409.25,36.50,29.25,False,31412.83,2026-10-06
2026-10-06 01:05:00,2026-10-06 01:05:00,min,31380.00,29.25,32.50,False,31371.38,2026-10-06
2026-10-06 01:10:00,2026-10-06 01:10:00,max,31412.50,32.50,62.50,True,31412.83,2026-10-06
2026-10-06 01:19:00,2026-10-06 01:19:00,min,31350.00,62.50,21.50,False,31371.38,2026-10-06
2026-10-06 01:22:00,2026-10-06 01:21:00,max,31371.50,21.50,43.75,True,31371.38,2026-10-06
2026-10-06 02:02:00,2026-10-06 02:02:00,min,31327.75,43.75,22.25,False,31371.38,2026-10-06
2026-10-06 02:23:00,2026-10-06 02:15:00,max,31350.00,22.25,41.25,False,31371.38,2026-10-06
2026-10-06 02:35:00,2026-10-06 02:35:00,min,31308.75,41.25,57.50,False,31371.38,2026-10-06
2026-10-06 03:23:00,2026-10-06 03:23:00,max,31366.25,57.50,38.75,False,31371.38,2026-10-06
2026-10-06 03:30:00,2026-10-06 03:30:00,min,31327.50,38.75,43.50,False,31371.38,2026-10-06
2026-10-06 04:07:00,2026-10-06 04:07:00,max,31371.00,43.50,22.25,True,31371.38,2026-10-06
2026-10-06 04:16:00,2026-10-06 04:16:00,min,31348.75,22.25,21.75,False,31371.38,2026-10-06
2026-10-06 04:26:00,2026-10-06 04:23:00,max,31370.50,21.75,39.00,True,31371.38,2026-10-06
2026-10-06 04:48:00,2026-10-06 04:47:00,min,31331.50,39.00,39.50,False,31371.38,2026-10-06
2026-10-06 05:25:00,2026-10-06 05:24:00,max,31371.00,39.50,20.25,True,31371.38,2026-10-06
2026-10-06 05:28:00,2026-10-06 05:27:00,min,31350.75,20.25,24.00,False,31371.38,2026-10-06
2026-10-06 05:33:00,2026-10-06 05:33:00,max,31374.75,24.00,25.25,False,31371.38,2026-10-06
2026-10-06 05:44:00,2026-10-06 05:40:00,min,31349.50,25.25,50.00,False,31371.38,2026-10-06
2026-10-06 06:46:00,2026-10-06 06:45:00,max,31399.50,50.00,59.75,False,31412.83,2026-10-06
2026-10-06 07:08:00,2026-10-06 07:07:00,min,31339.75,59.75,52.50,False,31371.38,2026-10-06
2026-10-06 07:16:00,2026-10-06 07:15:00,max,31392.25,52.50,44.00,False,31412.83,2026-10-06
2026-10-06 07:31:00,2026-10-06 07:31:00,min,31348.25,44.00,43.25,False,31371.38,2026-10-06
2026-10-06 07:45:00,2026-10-06 07:44:00,max,31391.50,43.25,24.00,False,31371.38,2026-10-06
2026-10-06 07:52:00,2026-10-06 07:51:00,min,31367.50,24.00,40.75,False,31371.38,2026-10-06
2026-10-06 08:07:00,2026-10-06 08:07:00,max,31408.25,40.75,25.75,False,31412.83,2026-10-06
2026-10-06 08:14:00,2026-10-06 08:14:00,min,31382.50,25.75,21.75,False,31371.38,2026-10-06
2026-10-06 08:16:00,2026-10-06 08:16:00,max,31404.25,21.75,43.50,False,31412.83,2026-10-06
2026-10-06 08:41:00,2026-10-06 08:31:00,min,31360.75,43.50,57.00,False,31371.38,2026-10-06
2026-10-06 09:07:00,2026-10-06 09:07:00,max,31417.75,57.00,30.75,False,31412.83,2026-10-06
2026-10-06 09:13:00,2026-10-06 09:12:00,min,31387.00,30.75,39.50,False,31371.38,2026-10-06
2026-10-06 09:34:00,2026-10-06 09:34:00,max,31426.50,39.50,20.25,False,31412.73,2026-10-06
2026-10-06 09:47:00,2026-10-06 09:44:00,min,31406.25,20.25,21.75,False,31412.75,2026-10-06
2026-10-06 09:51:00,2026-10-06 09:51:00,max,31428.00,21.75,35.00,False,31412.72,2026-10-06
2026-10-06 10:04:00,2026-10-06 10:03:00,min,31393.00,35.00,62.50,False,31412.70,2026-10-06
2026-10-06 10:25:00,2026-10-06 10:23:00,max,31455.50,62.50,22.00,False,31495.61,2026-10-06
2026-10-06 10:34:00,2026-10-06 10:31:00,min,31433.50,22.00,27.50,False,31412.72,2026-10-06
2026-10-06 10:44:00,2026-10-06 10:44:00,max,31461.00,27.50,22.00,False,31495.61,2026-10-06
2026-10-06 10:58:00,2026-10-06 10:57:00,min,31439.00,22.00,70.25,False,31412.70,2026-10-06
2026-10-06 11:15:00,2026-10-06 11:15:00,max,31509.25,70.25,25.50,False,31495.61,2026-10-06
2026-10-06 11:16:00,2026-10-06 11:16:00,min,31483.75,25.50,52.25,False,31495.61,2026-10-06
2026-10-06 11:26:00,2026-10-06 11:24:00,max,31536.00,52.25,38.50,True,31536.99,2026-10-06
2026-10-06 11:37:00,2026-10-06 11:37:00,min,31497.50,38.50,26.00,False,31495.31,2026-10-06
2026-10-06 11:47:00,2026-10-06 11:47:00,max,31523.50,26.00,21.50,False,31536.75,2026-10-06
2026-10-06 12:01:00,2026-10-06 12:00:00,min,31502.00,21.50,37.25,False,31495.31,2026-10-06
2026-10-06 12:16:00,2026-10-06 12:16:00,max,31539.25,37.25,83.75,False,31536.31,2026-10-06
2026-10-06 12:49:00,2026-10-06 12:49:00,min,31455.50,83.75,65.50,False,31493.89,2026-10-06
2026-10-06 13:12:00,2026-10-06 13:11:00,max,31521.00,65.50,33.25,False,31535.19,2026-10-06
2026-10-06 13:23:00,2026-10-06 13:23:00,min,31487.75,33.25,79.50,False,31493.78,2026-10-06
2026-10-06 22:12:00,2026-10-06 22:08:00,max,31521.75,23.50,31.50,False,31495.04,2026-10-07
2026-10-06 22:26:00,2026-10-06 22:26:00,min,31490.25,31.50,23.50,False,31494.74,2026-10-07
2026-10-06 22:32:00,2026-10-06 22:32:00,max,31513.75,23.50,30.50,False,31494.74,2026-10-07
2026-10-06 22:41:00,2026-10-06 22:41:00,min,31483.25,30.50,28.50,False,31495.02,2026-10-07
2026-10-06 23:24:00,2026-10-06 23:24:00,max,31511.75,28.50,28.50,False,31495.23,2026-10-07
2026-10-07 00:00:00,2026-10-07 00:00:00,min,31483.25,28.50,34.00,False,31495.93,2026-10-07
2026-10-07 00:45:00,2026-10-07 00:27:00,max,31517.25,34.00,47.75,False,31495.81,2026-10-07
2026-10-07 01:05:00,2026-10-07 01:05:00,min,31469.50,47.75,43.25,False,31495.81,2026-10-07
2026-10-07 01:30:00,2026-10-07 01:30:00,max,31512.75,43.25,78.75,False,31495.81,2026-10-07
2026-10-07 02:09:00,2026-10-07 02:09:00,min,31434.00,78.75,28.00,False,31412.93,2026-10-07
2026-10-07 02:11:00,2026-10-07 02:11:00,max,31462.00,28.00,32.00,False,31495.81,2026-10-07
2026-10-07 02:23:00,2026-10-07 02:23:00,min,31430.00,32.00,42.50,False,31412.93,2026-10-07
2026-10-07 03:08:00,2026-10-07 03:06:00,max,31472.50,42.50,27.75,False,31495.81,2026-10-07
2026-10-07 03:14:00,2026-10-07 03:14:00,min,31444.75,27.75,42.00,False,31412.93,2026-10-07
2026-10-07 04:50:00,2026-10-07 04:26:00,max,31486.75,42.00,35.25,False,31495.81,2026-10-07
2026-10-07 05:18:00,2026-10-07 05:18:00,min,31451.50,35.25,44.50,False,31412.93,2026-10-07
2026-10-07 05:48:00,2026-10-07 05:48:00,max,31496.00,44.50,47.00,True,31495.81,2026-10-07
2026-10-07 06:48:00,2026-10-07 06:48:00,min,31449.00,47.00,33.00,False,31412.93,2026-10-07
2026-10-07 07:10:00,2026-10-07 07:06:00,max,31482.00,33.00,57.50,False,31495.81,2026-10-07
2026-10-07 07:39:00,2026-10-07 07:34:00,min,31424.50,57.50,28.50,False,31412.93,2026-10-07
2026-10-07 07:46:00,2026-10-07 07:46:00,max,31453.00,28.50,51.75,False,31412.93,2026-10-07
2026-10-07 07:56:00,2026-10-07 07:55:00,min,31401.25,51.75,39.25,False,31412.93,2026-10-07
2026-10-07 08:05:00,2026-10-07 08:04:00,max,31440.50,39.25,26.25,False,31412.93,2026-10-07
2026-10-07 08:07:00,2026-10-07 08:06:00,min,31414.25,26.25,33.25,True,31412.93,2026-10-07
2026-10-07 08:21:00,2026-10-07 08:21:00,max,31447.50,33.25,101.50,False,31412.93,2026-10-07
2026-10-07 09:21:00,2026-10-07 09:21:00,min,31346.00,101.50,34.50,False,31288.61,2026-10-07
2026-10-07 09:28:00,2026-10-07 09:28:00,max,31380.50,34.50,55.25,False,31412.68,2026-10-07
2026-10-07 09:56:00,2026-10-07 09:56:00,min,31325.25,55.25,43.25,False,31288.17,2026-10-07
2026-10-07 10:03:00,2026-10-07 10:03:00,max,31368.50,43.25,21.50,False,31412.06,2026-10-07
2026-10-07 10:06:00,2026-10-07 10:06:00,min,31347.00,21.50,21.00,False,31287.74,2026-10-07
2026-10-07 10:07:00,2026-10-07 10:07:00,max,31368.00,21.00,39.00,False,31412.06,2026-10-07
2026-10-07 10:20:00,2026-10-07 10:20:00,min,31329.00,39.00,25.50,False,31287.74,2026-10-07
2026-10-07 10:27:00,2026-10-07 10:26:00,max,31354.50,25.50,73.50,False,31411.72,2026-10-07
2026-10-07 10:50:00,2026-10-07 10:50:00,min,31281.00,73.50,31.75,False,31286.57,2026-10-07
2026-10-07 10:51:00,2026-10-07 10:51:00,max,31312.75,31.75,61.75,False,31286.57,2026-10-07
2026-10-07 11:05:00,2026-10-07 11:05:00,min,31251.00,61.75,26.50,False,31245.04,2026-10-07
2026-10-07 11:13:00,2026-10-07 11:13:00,max,31277.50,26.50,38.25,False,31286.30,2026-10-07
2026-10-07 11:21:00,2026-10-07 11:20:00,min,31239.25,38.25,28.75,False,31286.24,2026-10-07
2026-10-07 11:25:00,2026-10-07 11:25:00,max,31268.00,28.75,26.25,False,31286.24,2026-10-07
2026-10-07 11:28:00,2026-10-07 11:28:00,min,31241.75,26.25,28.50,False,31286.24,2026-10-07
2026-10-07 11:29:00,2026-10-07 11:29:00,max,31270.25,28.50,53.50,False,31286.24,2026-10-07
2026-10-07 11:30:00,2026-10-07 11:30:00,min,31216.75,53.50,35.75,False,31161.93,2026-10-07
2026-10-07 11:31:00,2026-10-07 11:31:00,max,31252.50,35.75,29.75,False,31286.24,2026-10-07
2026-10-07 11:32:00,2026-10-07 11:32:00,min,31222.75,29.75,31.25,False,31161.86,2026-10-07
2026-10-07 11:36:00,2026-10-07 11:34:00,max,31254.00,31.25,34.75,False,31286.17,2026-10-07
2026-10-07 11:40:00,2026-10-07 11:40:00,min,31219.25,34.75,33.25,False,31161.86,2026-10-07
2026-10-07 11:49:00,2026-10-07 11:49:00,max,31252.50,33.25,30.50,False,31285.81,2026-10-07
2026-10-07 11:51:00,2026-10-07 11:51:00,min,31222.00,30.50,59.25,False,31161.50,2026-10-07
2026-10-07 11:59:00,2026-10-07 11:59:00,max,31281.25,59.25,21.75,False,31285.35,2026-10-07
2026-10-07 12:16:00,2026-10-07 12:00:00,min,31259.50,21.75,22.00,False,31243.91,2026-10-07
2026-10-07 12:17:00,2026-10-07 12:17:00,max,31281.50,22.00,74.75,False,31285.09,2026-10-07
2026-10-07 12:28:00,2026-10-07 12:28:00,min,31206.75,74.75,62.50,False,31160.81,2026-10-07
2026-10-07 12:39:00,2026-10-07 12:37:00,max,31269.25,62.50,34.25,False,31285.12,2026-10-07
2026-10-07 12:46:00,2026-10-07 12:46:00,min,31235.00,34.25,37.00,False,31285.07,2026-10-07
2026-10-07 12:54:00,2026-10-07 12:54:00,max,31272.00,37.00,41.00,False,31284.43,2026-10-07
2026-10-07 13:23:00,2026-10-07 13:22:00,min,31231.00,41.00,22.50,False,31284.37,2026-10-07
2026-10-07 13:24:00,2026-10-07 13:24:00,max,31253.50,22.50,38.50,False,31284.37,2026-10-07
2026-10-07 22:09:00,2026-10-07 22:09:00,max,31439.50,36.00,20.00,False,31448.35,2026-10-08
2026-10-07 22:16:00,2026-10-07 22:16:00,min,31419.50,20.00,27.00,False,31448.35,2026-10-08
2026-10-07 22:32:00,2026-10-07 22:32:00,max,31446.50,27.00,23.00,True,31448.29,2026-10-08
2026-10-07 22:56:00,2026-10-07 22:35:00,min,31423.50,23.00,36.25,False,31448.29,2026-10-08
2026-10-07 23:35:00,2026-10-07 23:35:00,max,31459.75,36.25,60.50,False,31448.40,2026-10-08
2026-10-08 00:15:00,2026-10-08 00:15:00,min,31399.25,60.50,28.25,False,31448.31,2026-10-08
2026-10-08 00:18:00,2026-10-08 00:18:00,max,31427.50,28.25,55.75,False,31448.31,2026-10-08
2026-10-08 00:44:00,2026-10-08 00:44:00,min,31371.75,55.75,37.75,False,31448.42,2026-10-08
2026-10-08 01:03:00,2026-10-08 01:02:00,max,31409.50,37.75,26.25,False,31448.42,2026-10-08
2026-10-08 01:15:00,2026-10-08 01:10:00,min,31383.25,26.25,34.00,False,31448.42,2026-10-08
2026-10-08 01:20:00,2026-10-08 01:20:00,max,31417.25,34.00,26.00,False,31448.42,2026-10-08
2026-10-08 01:22:00,2026-10-08 01:22:00,min,31391.25,26.00,58.75,False,31448.42,2026-10-08
2026-10-08 01:56:00,2026-10-08 01:42:00,max,31450.00,58.75,20.25,True,31448.42,2026-10-08
2026-10-08 02:13:00,2026-10-08 02:11:00,min,31429.75,20.25,36.50,False,31448.42,2026-10-08
2026-10-08 02:34:00,2026-10-08 02:33:00,max,31466.25,36.50,89.25,False,31448.42,2026-10-08
2026-10-08 03:16:00,2026-10-08 03:16:00,min,31377.00,89.25,41.25,False,31406.98,2026-10-08
2026-10-08 03:27:00,2026-10-08 03:27:00,max,31418.25,41.25,69.00,False,31448.42,2026-10-08
2026-10-08 03:59:00,2026-10-08 03:59:00,min,31349.25,69.00,26.50,False,31282.68,2026-10-08
2026-10-08 04:08:00,2026-10-08 04:08:00,max,31375.75,26.50,26.50,False,31448.42,2026-10-08
2026-10-08 04:22:00,2026-10-08 04:22:00,min,31349.25,26.50,57.75,False,31282.68,2026-10-08
2026-10-08 04:55:00,2026-10-08 04:55:00,max,31407.00,57.75,27.25,False,31448.42,2026-10-08
2026-10-08 05:03:00,2026-10-08 05:01:00,min,31379.75,27.25,31.25,False,31406.98,2026-10-08
2026-10-08 05:11:00,2026-10-08 05:11:00,max,31411.00,31.25,21.00,False,31448.42,2026-10-08
2026-10-08 05:18:00,2026-10-08 05:18:00,min,31390.00,21.00,20.75,False,31448.42,2026-10-08
2026-10-08 05:23:00,2026-10-08 05:23:00,max,31410.75,20.75,33.50,False,31448.42,2026-10-08
2026-10-08 05:30:00,2026-10-08 05:30:00,min,31377.25,33.50,29.25,False,31406.98,2026-10-08
2026-10-08 05:36:00,2026-10-08 05:35:00,max,31406.50,29.25,88.50,False,31448.42,2026-10-08
2026-10-08 06:01:00,2026-10-08 06:00:00,min,31318.00,88.50,32.00,False,31282.68,2026-10-08
2026-10-08 06:06:00,2026-10-08 06:04:00,max,31350.00,32.00,88.25,False,31282.68,2026-10-08
2026-10-08 06:37:00,2026-10-08 06:37:00,min,31261.75,88.25,31.25,False,31241.25,2026-10-08
2026-10-08 06:40:00,2026-10-08 06:40:00,max,31293.00,31.25,90.00,False,31282.68,2026-10-08
2026-10-08 07:04:00,2026-10-08 07:03:00,min,31203.00,90.00,25.75,False,31241.25,2026-10-08
2026-10-08 07:05:00,2026-10-08 07:05:00,max,31228.75,25.75,32.50,False,31241.25,2026-10-08
2026-10-08 07:06:00,2026-10-08 07:06:00,min,31196.25,32.50,28.00,False,31241.25,2026-10-08
2026-10-08 07:08:00,2026-10-08 07:08:00,max,31224.25,28.00,22.25,False,31241.25,2026-10-08
2026-10-08 07:09:00,2026-10-08 07:09:00,min,31202.00,22.25,32.50,False,31241.25,2026-10-08
2026-10-08 07:12:00,2026-10-08 07:12:00,max,31234.50,32.50,21.25,False,31241.25,2026-10-08
2026-10-08 07:15:00,2026-10-08 07:15:00,min,31213.25,21.25,54.75,False,31241.25,2026-10-08
2026-10-08 07:24:00,2026-10-08 07:23:00,max,31268.00,54.75,27.50,False,31282.68,2026-10-08
2026-10-08 07:26:00,2026-10-08 07:26:00,min,31240.50,27.50,22.50,True,31241.25,2026-10-08
2026-10-08 07:30:00,2026-10-08 07:30:00,max,31263.00,22.50,20.25,False,31282.68,2026-10-08
2026-10-08 07:33:00,2026-10-08 07:33:00,min,31242.75,20.25,29.75,True,31241.25,2026-10-08
2026-10-08 07:34:00,2026-10-08 07:34:00,max,31272.50,29.75,26.50,False,31282.68,2026-10-08
2026-10-08 07:36:00,2026-10-08 07:36:00,min,31246.00,26.50,22.75,False,31241.25,2026-10-08
2026-10-08 07:38:00,2026-10-08 07:38:00,max,31268.75,22.75,51.75,False,31282.68,2026-10-08
2026-10-08 08:01:00,2026-10-08 08:00:00,min,31217.00,51.75,51.25,False,31241.25,2026-10-08
2026-10-08 08:09:00,2026-10-08 08:09:00,max,31268.25,51.25,20.75,False,31282.68,2026-10-08
2026-10-08 08:10:00,2026-10-08 08:10:00,min,31247.50,20.75,38.75,False,31241.25,2026-10-08
2026-10-08 08:19:00,2026-10-08 08:19:00,max,31286.25,38.75,27.75,False,31282.68,2026-10-08
2026-10-08 08:22:00,2026-10-08 08:22:00,min,31258.50,27.75,36.50,False,31241.25,2026-10-08
2026-10-08 08:30:00,2026-10-08 08:30:00,max,31295.00,36.50,48.50,False,31282.68,2026-10-08
2026-10-08 08:32:00,2026-10-08 08:32:00,min,31246.50,48.50,20.25,False,31241.25,2026-10-08
2026-10-08 08:36:00,2026-10-08 08:36:00,max,31266.75,20.25,31.00,False,31282.68,2026-10-08
2026-10-08 08:41:00,2026-10-08 08:41:00,min,31235.75,31.00,26.75,False,31241.25,2026-10-08
2026-10-08 08:45:00,2026-10-08 08:45:00,max,31262.50,26.75,48.00,False,31282.68,2026-10-08
2026-10-08 08:59:00,2026-10-08 08:59:00,min,31214.50,48.00,53.25,False,31241.14,2026-10-08
2026-10-08 09:10:00,2026-10-08 09:10:00,max,31267.75,53.25,45.25,False,31282.58,2026-10-08
2026-10-08 09:17:00,2026-10-08 09:17:00,min,31222.50,45.25,37.75,False,31241.41,2026-10-08
2026-10-08 09:32:00,2026-10-08 09:32:00,max,31260.25,37.75,31.00,False,31240.71,2026-10-08
2026-10-08 09:34:00,2026-10-08 09:34:00,min,31229.25,31.00,39.50,False,31240.71,2026-10-08
2026-10-08 09:37:00,2026-10-08 09:37:00,max,31268.75,39.50,21.00,False,31282.15,2026-10-08
2026-10-08 09:40:00,2026-10-08 09:39:00,min,31247.75,21.00,20.50,False,31240.71,2026-10-08
2026-10-08 09:41:00,2026-10-08 09:41:00,max,31268.25,20.50,59.50,False,31282.15,2026-10-08
2026-10-08 10:09:00,2026-10-08 10:09:00,min,31208.75,59.50,21.50,False,31240.47,2026-10-08
2026-10-08 10:12:00,2026-10-08 10:12:00,max,31230.25,21.50,73.25,False,31240.47,2026-10-08
2026-10-08 10:26:00,2026-10-08 10:26:00,min,31157.00,73.25,21.75,False,31198.78,2026-10-08
2026-10-08 10:27:00,2026-10-08 10:27:00,max,31178.75,21.75,59.25,False,31198.78,2026-10-08
2026-10-08 10:34:00,2026-10-08 10:34:00,min,31119.50,59.25,43.50,False,31074.29,2026-10-08
2026-10-08 10:40:00,2026-10-08 10:40:00,max,31163.00,43.50,36.50,False,31198.58,2026-10-08
2026-10-08 10:42:00,2026-10-08 10:42:00,min,31126.50,36.50,22.75,False,31073.71,2026-10-08
2026-10-08 10:45:00,2026-10-08 10:45:00,max,31149.25,22.75,21.75,False,31198.00,2026-10-08
2026-10-08 10:47:00,2026-10-08 10:47:00,min,31127.50,21.75,31.75,False,31073.71,2026-10-08
2026-10-08 10:58:00,2026-10-08 10:58:00,max,31159.25,31.75,23.25,False,31197.68,2026-10-08
2026-10-08 11:00:00,2026-10-08 11:00:00,min,31136.00,23.25,23.25,False,31197.68,2026-10-08
2026-10-08 11:03:00,2026-10-08 11:03:00,max,31159.25,23.25,28.00,False,31197.42,2026-10-08
2026-10-08 11:11:00,2026-10-08 11:11:00,min,31131.25,28.00,51.00,False,31073.12,2026-10-08
2026-10-08 11:28:00,2026-10-08 11:28:00,max,31182.25,51.00,35.75,False,31195.81,2026-10-08
2026-10-08 11:34:00,2026-10-08 11:34:00,min,31146.50,35.75,35.25,False,31195.81,2026-10-08
2026-10-08 11:37:00,2026-10-08 11:37:00,max,31181.75,35.25,23.75,False,31195.81,2026-10-08
2026-10-08 11:38:00,2026-10-08 11:38:00,min,31158.00,23.75,52.75,False,31195.81,2026-10-08
2026-10-08 11:40:00,2026-10-08 11:40:00,max,31210.75,52.75,28.25,False,31237.24,2026-10-08
2026-10-08 11:48:00,2026-10-08 11:45:00,min,31182.50,28.25,21.25,False,31237.24,2026-10-08
2026-10-08 11:50:00,2026-10-08 11:50:00,max,31203.75,21.25,28.00,False,31237.24,2026-10-08
2026-10-08 12:02:00,2026-10-08 12:00:00,min,31175.75,28.00,37.00,False,31236.92,2026-10-08
2026-10-08 12:08:00,2026-10-08 12:08:00,max,31212.75,37.00,25.00,False,31235.92,2026-10-08
2026-10-08 12:09:00,2026-10-08 12:09:00,min,31187.75,25.00,21.75,False,31235.92,2026-10-08
2026-10-08 12:13:00,2026-10-08 12:12:00,max,31209.50,21.75,39.00,False,31235.92,2026-10-08
2026-10-08 12:16:00,2026-10-08 12:15:00,min,31170.50,39.00,48.50,False,31235.92,2026-10-08
2026-10-08 12:26:00,2026-10-08 12:25:00,max,31219.00,48.50,25.00,False,31235.90,2026-10-08
2026-10-08 12:27:00,2026-10-08 12:27:00,min,31194.00,25.00,25.75,False,31235.78,2026-10-08
2026-10-08 12:30:00,2026-10-08 12:29:00,max,31219.75,25.75,42.75,False,31235.78,2026-10-08
2026-10-08 12:35:00,2026-10-08 12:34:00,min,31177.00,42.75,20.75,False,31235.78,2026-10-08
2026-10-08 12:42:00,2026-10-08 12:37:00,max,31197.75,20.75,31.25,False,31235.78,2026-10-08
2026-10-08 12:51:00,2026-10-08 12:51:00,min,31166.50,31.25,88.25,False,31194.11,2026-10-08
2026-10-08 13:22:00,2026-10-08 13:21:00,max,31254.75,88.25,58.25,False,31235.88,2026-10-08
2026-10-08 22:00:00,2026-10-08 22:00:00,max,31033.25,20.25,40.00,False,,2026-10-09
2026-10-08 22:03:00,2026-10-08 22:03:00,min,30993.25,40.00,79.25,False,31074.89,2026-10-09
2026-10-08 22:36:00,2026-10-08 22:35:00,max,31072.50,79.25,55.50,False,31074.85,2026-10-09
2026-10-08 23:07:00,2026-10-08 23:06:00,min,31017.00,55.50,21.75,False,31033.41,2026-10-09
2026-10-08 23:10:00,2026-10-08 23:10:00,max,31038.75,21.75,48.75,False,31033.41,2026-10-09
2026-10-08 23:30:00,2026-10-08 23:30:00,min,30990.00,48.75,25.75,False,30909.11,2026-10-09
2026-10-08 23:32:00,2026-10-08 23:32:00,max,31015.75,25.75,47.75,False,31074.85,2026-10-09
2026-10-08 23:51:00,2026-10-08 23:51:00,min,30968.00,47.75,34.75,False,30909.11,2026-10-09
2026-10-09 00:01:00,2026-10-09 00:01:00,max,31002.75,34.75,50.50,False,31074.85,2026-10-09
2026-10-09 00:03:00,2026-10-09 00:03:00,min,30952.25,50.50,40.75,False,30909.11,2026-10-09
2026-10-09 00:08:00,2026-10-09 00:07:00,max,30993.00,40.75,30.50,False,30950.55,2026-10-09
2026-10-09 00:09:00,2026-10-09 00:09:00,min,30962.50,30.50,32.75,False,30909.11,2026-10-09
2026-10-09 00:22:00,2026-10-09 00:21:00,max,30995.25,32.75,30.25,False,31074.85,2026-10-09
2026-10-09 00:26:00,2026-10-09 00:26:00,min,30965.00,30.25,64.00,False,30950.55,2026-10-09
2026-10-09 00:35:00,2026-10-09 00:34:00,max,31029.00,64.00,22.75,False,31034.93,2026-10-09
2026-10-09 00:39:00,2026-10-09 00:39:00,min,31006.25,22.75,27.75,False,31034.93,2026-10-09
2026-10-09 00:45:00,2026-10-09 00:45:00,max,31034.00,27.75,32.25,True,31034.93,2026-10-09
2026-10-09 00:51:00,2026-10-09 00:51:00,min,31001.75,32.25,26.00,False,31034.93,2026-10-09
2026-10-09 00:56:00,2026-10-09 00:56:00,max,31027.75,26.00,53.25,False,31034.93,2026-10-09
2026-10-09 01:12:00,2026-10-09 01:01:00,min,30974.50,53.25,20.50,False,30910.63,2026-10-09
2026-10-09 01:15:00,2026-10-09 01:15:00,max,30995.00,20.50,28.00,False,31076.37,2026-10-09
2026-10-09 01:18:00,2026-10-09 01:17:00,min,30967.00,28.00,49.75,False,30910.63,2026-10-09
2026-10-09 01:27:00,2026-10-09 01:27:00,max,31016.75,49.75,35.50,False,31076.37,2026-10-09
2026-10-09 01:32:00,2026-10-09 01:32:00,min,30981.25,35.50,105.50,False,30910.63,2026-10-09
2026-10-09 02:03:00,2026-10-09 02:02:00,max,31086.75,105.50,40.75,False,31076.37,2026-10-09
2026-10-09 02:16:00,2026-10-09 02:15:00,min,31046.00,40.75,43.25,False,31034.93,2026-10-09
2026-10-09 02:28:00,2026-10-09 02:28:00,max,31089.25,43.25,28.50,False,31076.37,2026-10-09
2026-10-09 02:39:00,2026-10-09 02:39:00,min,31060.75,28.50,23.25,False,31076.37,2026-10-09
2026-10-09 03:01:00,2026-10-09 02:45:00,max,31084.00,23.25,44.00,False,31076.37,2026-10-09
2026-10-09 03:11:00,2026-10-09 03:11:00,min,31040.00,44.00,43.75,False,31034.93,2026-10-09
